{"checkpoint": "outputs/r13_loop_l2x4_qkvroute_s95/model_0030000.pth", "num_scenes": 256, "psnr": 22.107085313647985, "lpips": 0.29035672917962074, "psnr_std_err": 0.1469015004728614, "per_scene_psnr": [18.463228225708008, 20.88531494140625, 20.25499725341797, 18.88263511657715, 24.95025634765625, 23.118446350097656, 22.915363311767578, 24.405052185058594, 20.068300247192383, 21.10795021057129, 24.538475036621094, 20.920591354370117, 22.37027359008789, 20.804996490478516, 21.66377830505371, 21.95098876953125, 20.11270523071289, 23.599693298339844, 23.354042053222656, 21.44668960571289, 20.25664520263672, 22.22275733947754, 22.867816925048828, 24.010305404663086, 24.550477981567383, 22.83351707458496, 22.17043685913086, 18.059764862060547, 25.005718231201172, 23.415550231933594, 25.059654235839844, 21.785125732421875, 20.84662628173828, 21.665748596191406, 23.05171775817871, 18.04611587524414, 20.063276290893555, 21.87432289123535, 24.363677978515625, 19.914485931396484, 23.00838851928711, 18.301149368286133, 21.039466857910156, 21.752595901489258, 20.877147674560547, 20.595664978027344, 21.56513214111328, 21.211488723754883, 20.532695770263672, 20.786415100097656, 23.251516342163086, 23.329666137695312, 22.704275131225586, 20.577478408813477, 21.300546646118164, 23.5968017578125, 19.571670532226562, 25.38848114013672, 22.70984649658203, 25.528623580932617, 22.199386596679688, 23.890995025634766, 22.696657180786133, 23.076505661010742, 21.012264251708984, 21.757572174072266, 21.098281860351562, 20.866701126098633, 21.221940994262695, 20.337617874145508, 23.59963607788086, 21.755016326904297, 24.022624969482422, 22.741649627685547, 20.78282928466797, 19.634511947631836, 20.242082595825195, 23.6411075592041, 23.40346336364746, 21.969219207763672, 18.104381561279297, 21.429195404052734, 24.930194854736328, 22.011634826660156, 22.6433162689209, 22.163408279418945, 22.57358169555664, 25.617753982543945, 26.568439483642578, 19.78605079650879, 21.033863067626953, 18.451190948486328, 21.548559188842773, 22.617971420288086, 25.375389099121094, 21.043664932250977, 16.806209564208984, 14.574494361877441, 27.513198852539062, 19.859960556030273, 18.087236404418945, 19.86920928955078, 22.556297302246094, 23.28998565673828, 24.270736694335938, 20.652315139770508, 17.205217361450195, 23.885334014892578, 21.907413482666016, 20.693748474121094, 24.52743148803711, 22.17765998840332, 23.06060791015625, 21.11737060546875, 21.963844299316406, 17.39963150024414, 29.778539657592773, 22.722623825073242, 27.468454360961914, 23.83976936340332, 22.990304946899414, 20.795242309570312, 21.599609375, 20.505544662475586, 20.8284854888916, 18.215797424316406, 24.41384506225586, 23.37484359741211, 24.677589416503906, 20.069622039794922, 22.84105110168457, 22.59307098388672, 20.551856994628906, 21.846168518066406, 20.172651290893555, 19.90428924560547, 21.565082550048828, 26.50958824157715, 22.28429412841797, 20.482582092285156, 21.682889938354492, 17.387882232666016, 19.323232650756836, 26.135366439819336, 22.86357879638672, 24.287334442138672, 22.28386688232422, 16.262310028076172, 25.31719970703125, 23.276283264160156, 22.899425506591797, 21.149398803710938, 27.698261260986328, 17.731491088867188, 21.801612854003906, 21.31344985961914, 22.543434143066406, 23.569581985473633, 20.577754974365234, 21.26229476928711, 20.681095123291016, 20.918411254882812, 23.331119537353516, 21.397764205932617, 19.07142448425293, 23.419763565063477, 21.037912368774414, 23.994091033935547, 21.613624572753906, 24.923646926879883, 24.424686431884766, 21.55797576904297, 25.12186050415039, 25.561368942260742, 21.85244369506836, 20.20054054260254, 23.094280242919922, 24.577953338623047, 22.84915542602539, 21.02088165283203, 23.49864959716797, 21.128040313720703, 18.945920944213867, 21.527212142944336, 25.609054565429688, 21.059402465820312, 20.902820587158203, 19.63608741760254, 19.734508514404297, 22.237545013427734, 20.9028263092041, 21.450485229492188, 29.22772216796875, 22.820526123046875, 20.79412841796875, 20.018535614013672, 22.13436508178711, 22.036094665527344, 25.5606632232666, 23.520172119140625, 24.98709487915039, 19.9960994720459, 24.80003547668457, 25.380220413208008, 20.64303207397461, 18.0387020111084, 25.461292266845703, 21.88543701171875, 20.171340942382812, 22.893295288085938, 22.966642379760742, 18.25377082824707, 18.857452392578125, 24.136465072631836, 21.73689842224121, 20.29701042175293, 24.636577606201172, 26.396034240722656, 21.245576858520508, 18.850074768066406, 21.838380813598633, 30.411319732666016, 22.419015884399414, 20.926408767700195, 22.884462356567383, 21.3875789642334, 24.86638641357422, 21.127437591552734, 23.73253059387207, 18.661808013916016, 22.627334594726562, 22.104183197021484, 19.910907745361328, 23.882610321044922, 19.992340087890625, 26.070262908935547, 20.78719711303711, 23.128055572509766, 19.277587890625, 24.634248733520508, 18.32231903076172, 26.134355545043945, 20.148780822753906, 25.22112274169922, 24.815366744995117, 19.936418533325195, 21.895740509033203, 22.635944366455078, 21.210269927978516, 21.77633285522461, 24.754989624023438, 20.665348052978516, 22.031055450439453, 23.155498504638672, 21.683975219726562, 27.15776252746582],