{"checkpoint": "outputs/r15_loop_l2x4_droploop_s95/model_0030000.pth", "num_scenes": 256, "psnr": 22.115062527358532, "lpips": 0.2907221221248619, "psnr_std_err": 0.14715481355115073, "per_scene_psnr": [18.654399871826172, 20.7429141998291, 20.19057846069336, 18.92217254638672, 25.03774642944336, 23.113374710083008, 22.966480255126953, 24.339496612548828, 20.13370132446289, 21.098358154296875, 24.479143142700195, 20.672931671142578, 22.307682037353516, 20.907024383544922, 21.75076675415039, 22.15022087097168, 20.110368728637695, 23.583820343017578, 23.301288604736328, 21.119001388549805, 20.339061737060547, 22.281904220581055, 23.073497772216797, 23.920185089111328, 24.78497314453125, 22.62885284423828, 22.17092514038086, 17.97429656982422, 25.202701568603516, 23.376081466674805, 25.06162452697754, 21.68818473815918, 20.816316604614258, 21.41544532775879, 23.018571853637695, 18.073474884033203, 20.26820945739746, 21.819297790527344, 24.5345401763916, 19.970258712768555, 23.05048370361328, 18.431352615356445, 20.95541763305664, 21.836862564086914, 20.885475158691406, 20.50013542175293, 21.62200927734375, 21.01457977294922, 20.541622161865234, 20.838176727294922, 23.369138717651367, 23.371089935302734, 22.86166000366211, 20.575851440429688, 21.377605438232422, 23.599374771118164, 19.675537109375, 25.201433181762695, 22.815101623535156, 25.522869110107422, 22.171133041381836, 24.278276443481445, 22.72386932373047, 23.038314819335938, 21.079790115356445, 22.042591094970703, 21.122282028198242, 20.977182388305664, 21.47254753112793, 20.22335433959961, 23.528249740600586, 21.65903091430664, 23.588075637817383, 22.7970027923584, 20.81355857849121, 19.681907653808594, 20.083274841308594, 23.21857261657715, 23.49626922607422, 22.05919075012207, 18.084184646606445, 21.539812088012695, 25.08756446838379, 22.215862274169922, 22.634334564208984, 22.166751861572266, 22.727741241455078, 25.417598724365234, 26.647035598754883, 19.725242614746094, 20.892427444458008, 18.436017990112305, 21.631563186645508, 22.76763916015625, 25.342561721801758, 21.32720184326172, 16.94672203063965, 14.58473014831543, 27.63410186767578, 19.737079620361328, 18.142303466796875, 19.767719268798828, 22.406282424926758, 23.428340911865234, 24.22752571105957, 20.91487693786621, 16.91265869140625, 23.97079086303711, 21.974599838256836, 20.67548942565918, 24.36443519592285, 22.133411407470703, 23.366212844848633, 21.240922927856445, 22.00307846069336, 17.5069580078125, 29.828651428222656, 22.670772552490234, 27.50272560119629, 24.005359649658203, 22.761133193969727, 21.350494384765625, 21.480234146118164, 20.522842407226562, 20.60175323486328, 18.295196533203125, 24.297454833984375, 23.08915901184082, 24.34130859375, 20.126619338989258, 22.731420516967773, 22.48297882080078, 19.91616439819336, 21.73340606689453, 20.092172622680664, 19.96881866455078, 21.55953598022461, 26.602670669555664, 22.345705032348633, 20.41629981994629, 21.778718948364258, 17.436180114746094, 19.334121704101562, 26.144926071166992, 22.960411071777344, 24.453886032104492, 22.210796356201172, 16.31144142150879, 25.12308120727539, 23.187959671020508, 23.089096069335938, 21.199649810791016, 27.593109130859375, 18.048206329345703, 21.863868713378906, 21.402311325073242, 22.66836929321289, 23.553354263305664, 20.67383575439453, 21.336917877197266, 20.60491371154785, 20.894811630249023, 23.506187438964844, 21.287784576416016, 19.13657569885254, 23.44036102294922, 21.164846420288086, 23.882417678833008, 21.590585708618164, 24.72132110595703, 24.354459762573242, 21.446382522583008, 25.071739196777344, 25.631807327270508, 21.86924171447754, 20.113128662109375, 23.18767547607422, 24.59653663635254, 22.81945037841797, 21.039947509765625, 23.69780731201172, 20.75931739807129, 18.750835418701172, 21.635568618774414, 25.667877197265625, 21.063262939453125, 21.016189575195312, 19.656164169311523, 19.60359001159668, 22.22001838684082, 20.860815048217773, 21.40226173400879, 29.211475372314453, 22.7900333404541, 20.828418731689453, 19.918502807617188, 22.102367401123047, 22.311622619628906, 25.740528106689453, 23.28790283203125, 25.15936279296875, 20.020143508911133, 24.836956024169922, 25.316280364990234, 20.684375762939453, 17.97976303100586, 25.35025405883789, 21.966407775878906, 19.97820281982422, 22.875171661376953, 22.878795623779297, 18.081851959228516, 18.866409301757812, 24.0970516204834, 21.798511505126953, 20.35761070251465, 24.783594131469727, 26.17574691772461, 21.29718780517578, 18.850238800048828, 21.573307037353516, 30.46808433532715, 22.15548324584961, 20.96803855895996, 22.956119537353516, 21.40094566345215, 25.122608184814453, 20.990169525146484, 23.753856658935547, 18.568084716796875, 22.718364715576172, 22.13210678100586, 19.93524932861328, 23.857210159301758, 20.06302261352539, 25.90741729736328, 20.771055221557617, 23.222747802734375, 19.28583335876465, 24.72329330444336, 18.612716674804688, 26.128379821777344, 20.14931869506836, 24.942235946655273, 24.953821182250977, 19.920467376708984, 21.94718360900879, 22.783672332763672, 21.047443389892578, 21.87448501586914, 24.837196350097656, 20.545337677001953, 22.27654266357422, 23.29197883605957, 22.070850372314453, 27.487707138061523],