{"checkpoint": "outputs/r1_lact_l2_s95/model_0030000.pth", "num_scenes": 256, "psnr": 19.71910971775651, "lpips": 0.3860006110626273, "psnr_std_err": 0.13275129631747035, "per_scene_psnr": [16.806764602661133, 18.99710464477539, 18.280658721923828, 16.17933464050293, 21.178205490112305, 20.63787269592285, 19.8613338470459, 22.458362579345703, 18.31558609008789, 18.235504150390625, 21.716697692871094, 18.382761001586914, 20.204708099365234, 18.245563507080078, 19.98775291442871, 19.988548278808594, 18.55525779724121, 21.399944305419922, 21.3687686920166, 19.387537002563477, 17.44265365600586, 19.703027725219727, 20.58323097229004, 21.212995529174805, 22.068912506103516, 19.531169891357422, 19.917957305908203, 15.916958808898926, 22.86520004272461, 21.00304412841797, 22.3231143951416, 19.3570556640625, 18.713289260864258, 18.552492141723633, 20.24152374267578, 16.456544876098633, 17.50800323486328, 19.414791107177734, 21.672094345092773, 17.584829330444336, 20.796581268310547, 15.849264144897461, 18.51393699645996, 19.29759407043457, 18.116310119628906, 18.710615158081055, 19.52139663696289, 18.442489624023438, 18.402956008911133, 19.455394744873047, 20.144346237182617, 21.010787963867188, 19.515491485595703, 17.808223724365234, 18.301698684692383, 21.16217613220215, 18.055801391601562, 23.22757911682129, 20.44464111328125, 23.075763702392578, 20.331850051879883, 20.029478073120117, 20.00857162475586, 19.94938087463379, 19.343700408935547, 19.09369659423828, 18.89569854736328, 18.947425842285156, 19.25047492980957, 17.643869400024414, 20.988834381103516, 19.523517608642578, 21.112213134765625, 20.32788848876953, 19.095033645629883, 17.66905403137207, 18.510072708129883, 19.41408920288086, 21.125486373901367, 19.60480308532715, 16.76955795288086, 18.28688621520996, 22.565181732177734, 19.61356544494629, 19.850645065307617, 19.826885223388672, 20.07037353515625, 21.942020416259766, 24.96387481689453, 17.812509536743164, 18.55379295349121, 17.331809997558594, 19.67371940612793, 20.409048080444336, 21.204566955566406, 18.757888793945312, 15.274218559265137, 13.242265701293945, 24.490440368652344, 16.744815826416016, 16.484962463378906, 17.588146209716797, 19.91684341430664, 21.613433837890625, 21.791522979736328, 18.318462371826172, 16.23695182800293, 21.231643676757812, 19.64583969116211, 18.30847930908203, 21.672367095947266, 18.56133270263672, 19.898082733154297, 18.919139862060547, 19.649608612060547, 16.234161376953125, 26.455297470092773, 20.439552307128906, 23.826045989990234, 21.33407974243164, 20.306137084960938, 19.015005111694336, 19.562944412231445, 19.06496810913086, 18.560821533203125, 16.370107650756836, 22.990930557250977, 20.289920806884766, 23.11935806274414, 18.423913955688477, 20.71598243713379, 19.896804809570312, 16.558134078979492, 18.129741668701172, 17.87453842163086, 18.803531646728516, 19.209306716918945, 23.287641525268555, 20.00600814819336, 17.780282974243164, 19.943803787231445, 16.643396377563477, 18.358015060424805, 23.320064544677734, 20.43597984313965, 22.036468505859375, 20.289649963378906, 13.650513648986816, 22.718172073364258, 20.234582901000977, 20.16602325439453, 19.34978675842285, 24.070749282836914, 16.263235092163086, 19.70962142944336, 19.673961639404297, 19.416248321533203, 20.429767608642578, 19.61704444885254, 19.27291488647461, 17.83214569091797, 18.70641326904297, 20.516441345214844, 18.813262939453125, 17.728343963623047, 21.03090476989746, 19.353052139282227, 21.04053497314453, 18.551185607910156, 22.078439712524414, 22.10660743713379, 19.576236724853516, 23.58417320251465, 23.33458709716797, 19.455873489379883, 17.774812698364258, 20.16162872314453, 23.054847717285156, 20.43276023864746, 17.852205276489258, 21.060897827148438, 18.46154022216797, 16.854509353637695, 18.728214263916016, 23.468509674072266, 19.905208587646484, 17.934288024902344, 17.570701599121094, 17.304384231567383, 19.961668014526367, 19.283077239990234, 19.380971908569336, 25.873003005981445, 20.093717575073242, 18.667512893676758, 16.553375244140625, 19.286762237548828, 19.427597045898438, 22.90816879272461, 20.855697631835938, 22.56308364868164, 18.413660049438477, 21.674840927124023, 22.76787567138672, 18.55680274963379, 15.829706192016602, 23.43148422241211, 19.796655654907227, 18.416431427001953, 20.22637367248535, 20.243070602416992, 15.812135696411133, 17.658618927001953, 21.362091064453125, 18.637409210205078, 17.55801010131836, 22.498271942138672, 23.827268600463867, 17.98597526550293, 16.313961029052734, 18.608139038085938, 27.059383392333984, 19.724348068237305, 18.52560806274414, 19.90196418762207, 19.29708480834961, 21.80893325805664, 19.75876808166504, 19.993331909179688, 17.10393714904785, 20.528562545776367, 20.416587829589844, 17.761320114135742, 20.947656631469727, 18.8872127532959, 23.206562042236328, 18.18960952758789, 20.71344757080078, 18.11678695678711, 22.46623992919922, 16.52483367919922, 23.800434112548828, 17.314287185668945, 22.002859115600586, 21.27462387084961, 17.519424438476562, 19.208114624023438, 19.346113204956055, 19.058555603027344, 19.56934356689453, 23.143224716186523, 17.855010986328125, 19.481508255004883, 21.018457412719727, 19.457189559936523, 24.31319236755371],