{"checkpoint": "outputs/r11_loop_l2x4_cumboost_s95/model_0030000.pth", "num_scenes": 256, "psnr": 20.685572631657124, "lpips": 0.3675001971423626, "psnr_std_err": 0.13641403502172308, "per_scene_psnr": [17.324541091918945, 19.57477378845215, 18.737648010253906, 17.58358383178711, 22.112964630126953, 21.590402603149414, 20.786727905273438, 23.105772018432617, 19.23705291748047, 19.25480079650879, 22.485347747802734, 19.369232177734375, 21.06423568725586, 19.233097076416016, 20.757396697998047, 20.67313003540039, 19.025352478027344, 21.96694564819336, 22.207107543945312, 20.37820053100586, 18.502294540405273, 20.800817489624023, 21.858898162841797, 22.064434051513672, 22.6495361328125, 21.145000457763672, 20.790489196777344, 17.36121940612793, 23.559349060058594, 21.899890899658203, 23.299903869628906, 20.03462028503418, 19.456138610839844, 19.975950241088867, 21.297319412231445, 17.07647705078125, 18.687854766845703, 20.364856719970703, 22.779062271118164, 18.536365509033203, 21.606006622314453, 17.12184715270996, 20.072031021118164, 20.4276065826416, 19.55255126953125, 19.648950576782227, 20.20132064819336, 19.863121032714844, 19.207977294921875, 19.62221908569336, 21.993425369262695, 21.895658493041992, 20.481718063354492, 19.40370750427246, 19.144550323486328, 22.34893798828125, 18.53791046142578, 23.81525230407715, 21.09018325805664, 24.274003982543945, 20.916940689086914, 22.076814651489258, 21.088645935058594, 20.612651824951172, 19.680143356323242, 20.417329788208008, 19.390066146850586, 19.77569580078125, 19.945720672607422, 19.156408309936523, 22.143821716308594, 20.190261840820312, 22.464466094970703, 20.877525329589844, 19.77513885498047, 18.42063331604004, 19.18287467956543, 21.887351989746094, 22.299821853637695, 20.82709503173828, 17.34388542175293, 19.604568481445312, 24.022510528564453, 20.22909164428711, 20.78925132751465, 20.883602142333984, 20.665767669677734, 23.91327667236328, 25.194826126098633, 18.198110580444336, 19.733808517456055, 17.745201110839844, 20.708873748779297, 21.056859970092773, 23.036693572998047, 19.877330780029297, 15.807136535644531, 13.722677230834961, 26.236175537109375, 18.212173461914062, 16.859325408935547, 18.781219482421875, 21.693437576293945, 22.179431915283203, 23.030397415161133, 19.359619140625, 16.998172760009766, 22.46506118774414, 20.446918487548828, 18.961936950683594, 23.055307388305664, 20.558063507080078, 21.576536178588867, 19.36784553527832, 20.520084381103516, 16.41094207763672, 28.010128021240234, 21.250286102294922, 25.564266204833984, 22.040477752685547, 21.247394561767578, 19.962270736694336, 20.456083297729492, 20.02356719970703, 19.723215103149414, 17.68834686279297, 23.372676849365234, 21.78311538696289, 23.341167449951172, 18.879148483276367, 21.83871841430664, 20.65239715576172, 18.315956115722656, 20.28477668762207, 18.591510772705078, 19.1794490814209, 20.28336524963379, 24.461788177490234, 20.599660873413086, 18.891098022460938, 20.823360443115234, 16.8330020904541, 17.375459671020508, 24.345378875732422, 21.5166072845459, 23.41962432861328, 21.132904052734375, 14.48681640625, 23.495786666870117, 21.59003257751465, 21.44005012512207, 19.86558723449707, 25.715330123901367, 16.860536575317383, 20.398555755615234, 20.09795379638672, 20.49806785583496, 21.97333526611328, 19.959531784057617, 19.602529525756836, 19.199886322021484, 19.42345428466797, 21.26565933227539, 19.95806312561035, 18.095703125, 21.9670467376709, 19.970561981201172, 21.951297760009766, 19.536970138549805, 23.04496955871582, 22.81740951538086, 20.56901741027832, 24.010082244873047, 24.47698974609375, 20.350147247314453, 19.09720802307129, 21.46112632751465, 23.42145538330078, 21.22850227355957, 19.74770736694336, 21.862205505371094, 19.251583099365234, 17.49726676940918, 19.414308547973633, 24.233654022216797, 20.225008010864258, 19.465858459472656, 18.303295135498047, 18.264659881591797, 20.77169418334961, 19.666141510009766, 20.309505462646484, 27.19926643371582, 20.908906936645508, 19.635879516601562, 18.26230239868164, 20.907581329345703, 20.841907501220703, 23.622283935546875, 21.994586944580078, 23.00348663330078, 19.08455467224121, 23.18128204345703, 24.081239700317383, 19.7261962890625, 16.665973663330078, 24.166278839111328, 20.662216186523438, 19.210895538330078, 21.363216400146484, 21.10399627685547, 17.2103271484375, 18.311981201171875, 22.769166946411133, 19.793577194213867, 18.438692092895508, 23.39869499206543, 24.83652114868164, 20.451839447021484, 17.520130157470703, 20.209545135498047, 27.880842208862305, 20.666942596435547, 19.475502014160156, 21.5032958984375, 20.173969268798828, 22.533567428588867, 20.112918853759766, 21.758609771728516, 17.969810485839844, 21.791545867919922, 21.0176944732666, 18.716102600097656, 22.734046936035156, 19.077877044677734, 23.838336944580078, 19.08379364013672, 21.11003875732422, 18.4671688079834, 23.556583404541016, 17.262113571166992, 24.24066734313965, 18.103382110595703, 23.68905258178711, 22.636821746826172, 19.102113723754883, 20.450824737548828, 21.10782814025879, 19.857038497924805, 20.36587905883789, 24.03155517578125, 19.414928436279297, 20.14614486694336, 21.643115997314453, 20.278995513916016, 25.121906280517578],