{"checkpoint": "outputs/r9_loop_l2x4_ep2_sup_s96/model_0030000.pth", "num_scenes": 256, "psnr": 22.22792060673237, "lpips": 0.28841198660666123, "psnr_std_err": 0.14800453426322285, "per_scene_psnr": [18.86842155456543, 20.776994705200195, 20.58942413330078, 19.0767822265625, 24.094661712646484, 23.310871124267578, 23.069467544555664, 24.63121795654297, 20.181238174438477, 21.14801025390625, 24.748065948486328, 20.910160064697266, 22.600635528564453, 20.96515655517578, 21.89216423034668, 22.179149627685547, 20.270904541015625, 23.719594955444336, 23.470401763916016, 21.382436752319336, 20.228191375732422, 22.593576431274414, 23.05429458618164, 24.245235443115234, 25.180763244628906, 22.92353630065918, 22.34896469116211, 17.98871612548828, 25.29549789428711, 23.7333984375, 25.24568748474121, 21.753524780273438, 20.96648406982422, 21.829593658447266, 23.115848541259766, 18.137222290039062, 20.134180068969727, 22.185359954833984, 24.635141372680664, 19.685895919799805, 23.079030990600586, 18.48937225341797, 21.142988204956055, 21.88033103942871, 20.967132568359375, 20.648609161376953, 21.47762680053711, 21.19692611694336, 20.769630432128906, 21.078990936279297, 23.30625343322754, 23.676145553588867, 22.988712310791016, 20.620241165161133, 22.035858154296875, 23.73534393310547, 19.866050720214844, 25.556623458862305, 22.93323516845703, 25.542518615722656, 22.331642150878906, 23.72499656677246, 23.07312774658203, 23.328487396240234, 21.354625701904297, 21.82635498046875, 21.463855743408203, 21.094274520874023, 21.354082107543945, 20.693151473999023, 23.69865608215332, 22.064350128173828, 23.834009170532227, 23.204553604125977, 21.083995819091797, 19.866165161132812, 20.22285270690918, 23.67618179321289, 23.49055290222168, 22.10400390625, 18.227020263671875, 21.42717742919922, 25.286090850830078, 22.395118713378906, 22.809553146362305, 22.209474563598633, 22.990478515625, 25.231544494628906, 26.64175033569336, 19.6878662109375, 21.00947380065918, 18.68689727783203, 21.5709228515625, 22.817996978759766, 25.188270568847656, 20.992321014404297, 17.253877639770508, 14.567602157592773, 27.485355377197266, 20.16056251525879, 18.17833709716797, 19.877208709716797, 22.310558319091797, 23.56193733215332, 24.317153930664062, 20.904163360595703, 17.023923873901367, 24.024316787719727, 22.442039489746094, 20.906789779663086, 24.457035064697266, 21.950777053833008, 23.301332473754883, 21.018367767333984, 22.258739471435547, 17.81824493408203, 30.02720832824707, 22.772945404052734, 27.56208038330078, 24.415082931518555, 22.583003997802734, 20.764259338378906, 21.446378707885742, 20.41459083557129, 20.728900909423828, 18.461124420166016, 24.665847778320312, 23.15753936767578, 24.543018341064453, 20.221988677978516, 22.88113784790039, 22.729190826416016, 19.860252380371094, 21.9014892578125, 20.3359375, 19.96139144897461, 21.66336441040039, 26.7427921295166, 22.62689208984375, 20.604476928710938, 21.69793128967285, 17.54755973815918, 20.492698669433594, 26.306472778320312, 23.03431510925293, 24.6346492767334, 22.531156539916992, 15.978399276733398, 25.40838623046875, 23.205528259277344, 23.173341751098633, 21.2735595703125, 27.71673583984375, 18.077634811401367, 22.141511917114258, 21.580896377563477, 22.63726234436035, 23.611801147460938, 20.379486083984375, 21.57257843017578, 21.007383346557617, 21.04045867919922, 23.724843978881836, 21.19353485107422, 19.18450164794922, 23.500272750854492, 21.310062408447266, 24.257829666137695, 21.769603729248047, 24.598896026611328, 24.656070709228516, 21.61661148071289, 25.570911407470703, 25.563383102416992, 21.889785766601562, 20.00334930419922, 23.15096664428711, 24.742891311645508, 22.692535400390625, 20.981996536254883, 23.573808670043945, 20.70122528076172, 18.692455291748047, 21.571950912475586, 25.68467903137207, 21.280921936035156, 21.20306968688965, 19.64011001586914, 19.962236404418945, 22.456398010253906, 21.004756927490234, 21.25533103942871, 29.285276412963867, 22.78306770324707, 20.88248062133789, 20.068321228027344, 22.19541358947754, 22.143457412719727, 26.102123260498047, 23.708707809448242, 25.471555709838867, 20.083818435668945, 24.73567771911621, 25.323345184326172, 20.725101470947266, 18.06277084350586, 25.58047866821289, 22.013349533081055, 19.93224334716797, 23.051193237304688, 23.099510192871094, 17.880409240722656, 18.885162353515625, 24.354677200317383, 22.17548179626465, 20.608604431152344, 24.967145919799805, 26.384197235107422, 21.47199249267578, 18.960546493530273, 21.645891189575195, 30.811655044555664, 22.19591522216797, 21.017187118530273, 22.861318588256836, 21.63425636291504, 24.66801643371582, 21.17814064025879, 24.360916137695312, 18.7221736907959, 22.74908447265625, 22.32579231262207, 20.039079666137695, 23.733016967773438, 20.37970542907715, 26.118810653686523, 21.273406982421875, 23.54886245727539, 19.554927825927734, 24.746973037719727, 18.60445785522461, 26.285057067871094, 20.243682861328125, 25.03799819946289, 25.282838821411133, 19.95206069946289, 22.008350372314453, 22.806318283081055, 21.264686584472656, 21.818111419677734, 24.750537872314453, 20.676172256469727, 22.05991554260254, 23.652236938476562, 21.511802673339844, 27.69788360595703],