{"checkpoint": "outputs/r5_loop_l2x6_rh_delta_s95/model_0030000.pth", "num_scenes": 256, "psnr": 21.283376697450876, "lpips": 0.32191618549404666, "psnr_std_err": 0.1425018241642293, "per_scene_psnr": [17.8469295501709, 19.978002548217773, 19.185115814208984, 17.85167694091797, 23.10285758972168, 22.14672088623047, 21.7117862701416, 23.614274978637695, 19.66960334777832, 20.008285522460938, 23.19162368774414, 20.173721313476562, 21.698528289794922, 19.986249923706055, 21.296268463134766, 21.293014526367188, 19.403879165649414, 22.55760383605957, 22.619020462036133, 20.81317138671875, 18.803255081176758, 21.109695434570312, 22.29119110107422, 22.779111862182617, 23.43195915222168, 21.661495208740234, 21.42641258239746, 17.558401107788086, 24.339534759521484, 22.473834991455078, 23.991147994995117, 20.89740562438965, 20.121768951416016, 20.766143798828125, 22.209775924682617, 17.19697380065918, 19.27984046936035, 20.854907989501953, 23.574495315551758, 18.956193923950195, 21.985042572021484, 17.67460823059082, 20.492534637451172, 21.10179901123047, 20.0242977142334, 20.203968048095703, 20.985816955566406, 20.465618133544922, 19.69900894165039, 20.11761474609375, 22.712404251098633, 22.638446807861328, 21.3695068359375, 20.233760833740234, 19.967498779296875, 22.785884857177734, 18.99933433532715, 24.482379913330078, 21.786521911621094, 24.833389282226562, 21.51616859436035, 22.519763946533203, 21.910018920898438, 21.543601989746094, 20.289104461669922, 21.053817749023438, 20.102006912231445, 20.09292984008789, 20.528230667114258, 19.545820236206055, 22.78379249572754, 20.871837615966797, 22.849300384521484, 21.472017288208008, 20.092933654785156, 19.03447914123535, 19.482845306396484, 22.7169132232666, 22.626922607421875, 21.22827911376953, 17.684494018554688, 20.10521697998047, 24.56667137145996, 20.944774627685547, 21.654071807861328, 21.318246841430664, 21.402694702148438, 24.5363712310791, 25.734283447265625, 19.00249481201172, 20.28437042236328, 18.115379333496094, 20.972488403320312, 21.844074249267578, 23.657142639160156, 20.17885971069336, 16.041297912597656, 14.196012496948242, 26.887187957763672, 18.935396194458008, 17.339746475219727, 19.122337341308594, 21.920297622680664, 22.60155487060547, 23.387271881103516, 20.07468032836914, 16.99437713623047, 23.133968353271484, 20.991531372070312, 19.7788028717041, 23.744298934936523, 21.074100494384766, 22.22967529296875, 19.898059844970703, 21.09968376159668, 16.898900985717773, 28.787464141845703, 21.85761260986328, 26.459129333496094, 22.787704467773438, 22.199344635009766, 20.22873878479004, 20.871662139892578, 20.250940322875977, 20.094221115112305, 17.724096298217773, 23.909927368164062, 22.281801223754883, 23.946245193481445, 19.215946197509766, 22.2799072265625, 21.230167388916016, 19.001256942749023, 20.91704559326172, 19.036128997802734, 19.566829681396484, 20.69278335571289, 25.28301429748535, 21.36052703857422, 19.617992401123047, 21.276256561279297, 17.088939666748047, 18.35840606689453, 24.872528076171875, 22.162294387817383, 24.01565170288086, 21.58730697631836, 14.850119590759277, 24.179346084594727, 22.311697006225586, 22.258174896240234, 20.64395523071289, 26.449947357177734, 17.373769760131836, 20.924089431762695, 20.81414222717285, 21.62410545349121, 22.60089111328125, 20.211997985839844, 20.45827865600586, 20.032188415527344, 20.043027877807617, 22.195138931274414, 20.289609909057617, 18.554170608520508, 22.77843475341797, 20.46225357055664, 22.829187393188477, 20.501462936401367, 23.755779266357422, 23.54235076904297, 20.890010833740234, 25.21474838256836, 24.931947708129883, 20.91309356689453, 19.47275161743164, 22.439422607421875, 23.86594009399414, 22.11993980407715, 20.15988540649414, 22.587453842163086, 19.91921615600586, 18.020687103271484, 20.25967025756836, 24.810359954833984, 20.602943420410156, 20.05082893371582, 18.835866928100586, 18.957008361816406, 21.33970069885254, 20.32842445373535, 21.009557723999023, 28.186870574951172, 21.697797775268555, 19.993343353271484, 19.289669036865234, 21.538991928100586, 21.549713134765625, 24.429636001586914, 22.615585327148438, 23.64965057373047, 19.406831741333008, 23.980424880981445, 24.75285530090332, 20.06450653076172, 17.47568130493164, 24.706954956054688, 21.222660064697266, 19.518447875976562, 21.884960174560547, 21.914098739624023, 17.506084442138672, 18.151939392089844, 23.31646156311035, 20.425207138061523, 19.185123443603516, 23.968578338623047, 25.523303985595703, 20.586891174316406, 18.161041259765625, 20.703351974487305, 29.650711059570312, 21.545541763305664, 20.129024505615234, 22.125808715820312, 20.850324630737305, 23.712251663208008, 20.423686981201172, 22.61958885192871, 18.03175163269043, 21.984434127807617, 21.468955993652344, 19.39084243774414, 23.2001953125, 19.57765007019043, 24.968175888061523, 19.619468688964844, 22.01927375793457, 18.714658737182617, 24.220752716064453, 17.822998046875, 24.98989486694336, 18.869239807128906, 24.427165985107422, 23.720312118530273, 19.345571517944336, 21.23142433166504, 21.251407623291016, 20.51519775390625, 20.92608642578125, 24.518659591674805, 19.98958969116211, 20.8734130859375, 22.474349975585938, 21.491697311401367, 26.019302368164062],