{"checkpoint": "outputs/r6_loop_l2x5_delta_sup_s95/model_0030000.pth", "num_scenes": 256, "psnr": 22.596183333545923, "lpips": 0.27711352886399254, "psnr_std_err": 0.1505897403364306, "per_scene_psnr": [19.254486083984375, 21.449983596801758, 20.95014762878418, 19.376066207885742, 25.542993545532227, 23.65797996520996, 23.56924057006836, 25.012649536132812, 20.58213996887207, 21.638038635253906, 25.195703506469727, 20.978185653686523, 22.918188095092773, 21.376218795776367, 22.157060623168945, 22.470096588134766, 20.403629302978516, 24.396541595458984, 23.755081176757812, 21.542945861816406, 20.79608726501465, 23.006210327148438, 23.50727081298828, 24.488056182861328, 25.380069732666016, 23.31631851196289, 22.819807052612305, 18.425046920776367, 25.49585723876953, 23.797311782836914, 25.729372024536133, 22.04266357421875, 21.399490356445312, 21.70644760131836, 23.62403106689453, 18.21611213684082, 20.569557189941406, 22.27676773071289, 25.117103576660156, 20.76572036743164, 23.395553588867188, 19.06896209716797, 21.566326141357422, 22.06348419189453, 21.236371994018555, 20.58611297607422, 21.898338317871094, 21.397052764892578, 21.13129425048828, 21.151165008544922, 24.167814254760742, 23.83059310913086, 23.486387252807617, 20.97821044921875, 22.037181854248047, 24.033077239990234, 20.08408546447754, 25.70541763305664, 23.28089714050293, 26.157567977905273, 22.417911529541016, 24.628681182861328, 23.377567291259766, 23.918087005615234, 21.549531936645508, 22.322463989257812, 21.70307159423828, 21.155672073364258, 21.994613647460938, 20.975858688354492, 23.90111541748047, 22.202713012695312, 23.97926139831543, 23.496429443359375, 21.25255584716797, 20.10580825805664, 20.565265655517578, 24.279541015625, 23.81173324584961, 22.28846549987793, 18.43400764465332, 22.037166595458984, 25.446374893188477, 22.966215133666992, 23.125308990478516, 22.423999786376953, 23.27901840209961, 25.91748046875, 27.099380493164062, 20.272418975830078, 21.049165725708008, 18.75877571105957, 21.470317840576172, 23.27130126953125, 26.041568756103516, 21.570722579956055, 17.301069259643555, 14.441981315612793, 28.116376876831055, 20.709617614746094, 18.54894256591797, 20.307567596435547, 22.487064361572266, 24.197086334228516, 24.833080291748047, 21.165050506591797, 17.14087677001953, 24.326295852661133, 22.83393096923828, 21.07232093811035, 24.977706909179688, 22.657129287719727, 23.797821044921875, 21.916748046875, 22.564802169799805, 17.904666900634766, 30.55704116821289, 23.291271209716797, 28.150415420532227, 24.88701629638672, 23.2847957611084, 21.36260223388672, 22.01413917541504, 20.57535171508789, 21.051025390625, 18.83415985107422, 24.821901321411133, 23.632383346557617, 24.697153091430664, 20.538162231445312, 23.002817153930664, 22.860612869262695, 20.87925148010254, 22.07618522644043, 20.599624633789062, 20.27219581604004, 22.09713363647461, 27.223743438720703, 22.733469009399414, 20.851329803466797, 21.99380111694336, 17.805768966674805, 19.886993408203125, 26.556795120239258, 23.28446388244629, 24.921791076660156, 22.665388107299805, 16.82281494140625, 25.66840171813965, 23.64588737487793, 23.657894134521484, 21.584842681884766, 28.273515701293945, 18.102083206176758, 22.108251571655273, 21.75732421875, 23.385997772216797, 24.170364379882812, 20.776138305664062, 21.805112838745117, 21.446353912353516, 21.271778106689453, 24.18457794189453, 21.78946304321289, 19.4741268157959, 24.25203514099121, 21.428855895996094, 24.755306243896484, 22.098400115966797, 25.30048370361328, 24.98288917541504, 21.82530403137207, 25.22648811340332, 25.725120544433594, 22.54356575012207, 20.69007110595703, 23.831083297729492, 25.052444458007812, 23.078807830810547, 21.479337692260742, 23.484773635864258, 21.49639129638672, 19.077594757080078, 22.284162521362305, 26.146446228027344, 21.491256713867188, 21.61416244506836, 19.894126892089844, 19.959684371948242, 22.787891387939453, 21.293651580810547, 21.688796997070312, 29.537038803100586, 23.43034553527832, 21.23368263244629, 20.463247299194336, 22.978885650634766, 22.55728530883789, 26.432842254638672, 24.064105987548828, 26.101993560791016, 20.201902389526367, 25.124629974365234, 25.84531021118164, 21.060665130615234, 18.39923095703125, 25.696250915527344, 22.356691360473633, 20.508115768432617, 23.220073699951172, 23.596359252929688, 18.633289337158203, 19.122539520263672, 24.829891204833984, 22.286645889282227, 20.926130294799805, 25.282697677612305, 26.837635040283203, 21.892614364624023, 19.279951095581055, 21.763498306274414, 30.960786819458008, 22.62540626525879, 21.54891014099121, 23.157747268676758, 21.854110717773438, 25.716867446899414, 21.320575714111328, 24.51685905456543, 19.10312843322754, 23.202455520629883, 22.568500518798828, 20.308177947998047, 24.14217758178711, 20.58279800415039, 26.274688720703125, 21.449079513549805, 23.768827438354492, 20.159406661987305, 25.396310806274414, 18.76886749267578, 26.600677490234375, 20.882064819335938, 25.748720169067383, 25.779403686523438, 20.2005615234375, 22.410518646240234, 23.426189422607422, 21.67864227294922, 22.251596450805664, 24.897735595703125, 20.946741104125977, 22.999818801879883, 23.892322540283203, 22.398784637451172, 28.244802474975586],