{"checkpoint": "outputs/r10_loop_l2x4_ep2_gates_sup_s96/model_0030000.pth", "num_scenes": 256, "psnr": 22.35992243140936, "lpips": 0.284031976130791, "psnr_std_err": 0.14862672561481696, "per_scene_psnr": [19.026941299438477, 21.096494674682617, 20.810110092163086, 19.029266357421875, 24.380634307861328, 23.36829376220703, 23.340999603271484, 24.62784767150879, 20.446855545043945, 21.357946395874023, 24.909099578857422, 20.93075942993164, 22.721729278564453, 21.14884376525879, 21.809223175048828, 22.329505920410156, 20.4415283203125, 23.677433013916016, 23.468048095703125, 21.309799194335938, 20.227249145507812, 22.95351791381836, 23.2730770111084, 24.435007095336914, 25.203453063964844, 23.000497817993164, 22.48270034790039, 18.24150848388672, 25.463655471801758, 23.683937072753906, 25.395496368408203, 21.880889892578125, 21.117734909057617, 22.03664779663086, 23.18903350830078, 18.22598648071289, 20.26055145263672, 22.231334686279297, 24.888811111450195, 19.99955940246582, 23.286487579345703, 18.68236541748047, 21.2427921295166, 22.083053588867188, 20.818302154541016, 20.42353630065918, 21.722543716430664, 21.16072654724121, 21.011201858520508, 21.09005355834961, 23.316442489624023, 23.782655715942383, 23.163986206054688, 20.499710083007812, 22.013940811157227, 23.75231170654297, 19.940479278564453, 25.59868049621582, 23.027175903320312, 25.95724105834961, 22.393142700195312, 24.089906692504883, 23.156261444091797, 23.706300735473633, 21.486894607543945, 22.063655853271484, 21.505634307861328, 21.280826568603516, 21.4609375, 20.750083923339844, 23.7429141998291, 22.173355102539062, 24.070457458496094, 23.38176918029785, 21.06175994873047, 20.110424041748047, 20.463125228881836, 23.839292526245117, 23.565235137939453, 22.305509567260742, 18.32891273498535, 21.676368713378906, 25.21993637084961, 22.627544403076172, 23.010074615478516, 22.329797744750977, 23.073320388793945, 25.394134521484375, 26.740568161010742, 19.87253761291504, 21.171142578125, 18.714603424072266, 21.464555740356445, 23.079729080200195, 25.56000518798828, 21.307287216186523, 17.392946243286133, 14.594045639038086, 27.55682945251465, 20.415481567382812, 18.389610290527344, 20.092090606689453, 22.205360412597656, 23.8861083984375, 24.56475067138672, 20.997711181640625, 16.90418815612793, 24.122793197631836, 22.654685974121094, 20.973623275756836, 24.716283798217773, 22.315277099609375, 23.437211990356445, 20.94795036315918, 22.44314193725586, 17.804243087768555, 30.205448150634766, 23.036251068115234, 27.58953857421875, 24.94748306274414, 22.562801361083984, 20.975322723388672, 21.81648063659668, 20.414138793945312, 20.747737884521484, 18.63051986694336, 24.633037567138672, 23.213930130004883, 24.552371978759766, 20.417774200439453, 22.917463302612305, 22.789209365844727, 19.9232120513916, 21.985763549804688, 20.370563507080078, 20.100128173828125, 21.787647247314453, 27.0557861328125, 22.701541900634766, 20.747900009155273, 21.87631607055664, 17.6108341217041, 20.452613830566406, 26.30215072631836, 22.878860473632812, 24.691299438476562, 22.59201431274414, 16.00750732421875, 25.48169708251953, 23.413734436035156, 23.319311141967773, 21.36638641357422, 28.140228271484375, 18.10694694519043, 22.16728401184082, 21.556068420410156, 22.968177795410156, 23.706512451171875, 20.555328369140625, 21.748672485351562, 21.169239044189453, 21.138391494750977, 23.932689666748047, 21.458953857421875, 19.336315155029297, 23.797557830810547, 21.482181549072266, 24.3223876953125, 21.92206573486328, 24.894493103027344, 24.754169464111328, 21.577499389648438, 25.37672233581543, 25.583925247192383, 22.094287872314453, 20.242523193359375, 23.44313621520996, 24.8818302154541, 22.69800567626953, 21.29946517944336, 23.68175506591797, 20.78919219970703, 18.871736526489258, 21.788789749145508, 25.79461097717285, 21.48480987548828, 21.350120544433594, 19.800983428955078, 20.04550552368164, 22.687625885009766, 21.073427200317383, 21.477779388427734, 29.3372802734375, 22.998321533203125, 21.097698211669922, 20.387069702148438, 22.429494857788086, 22.435998916625977, 26.27192497253418, 23.998268127441406, 25.68511962890625, 20.299640655517578, 24.878692626953125, 25.59006118774414, 20.827510833740234, 18.181377410888672, 25.57023811340332, 22.079933166503906, 20.138456344604492, 23.186311721801758, 23.29216766357422, 17.99291229248047, 19.022485733032227, 24.427080154418945, 22.297391891479492, 20.85938262939453, 25.1162166595459, 26.494625091552734, 21.473522186279297, 19.107349395751953, 21.923437118530273, 30.91189956665039, 22.261981964111328, 21.290618896484375, 22.926437377929688, 21.797958374023438, 24.942466735839844, 21.182720184326172, 24.452760696411133, 18.731189727783203, 22.902156829833984, 22.35019302368164, 20.216007232666016, 23.8062686920166, 20.489118576049805, 26.210613250732422, 21.431896209716797, 23.73834800720215, 19.82672119140625, 25.05624008178711, 18.606643676757812, 26.237640380859375, 20.23849105834961, 25.35536766052246, 25.159557342529297, 20.221599578857422, 22.088970184326172, 22.667964935302734, 21.440128326416016, 21.895713806152344, 24.70480728149414, 20.887821197509766, 22.308359146118164, 23.775108337402344, 21.725399017333984, 27.99679946899414],