{"checkpoint": "outputs/r4_loop_l2x4_delta_sup_s95/model_0030000.pth", "num_scenes": 256, "psnr": 22.307497195899487, "lpips": 0.2879222193150781, "psnr_std_err": 0.14836563983431664, "per_scene_psnr": [18.768775939941406, 20.889602661132812, 20.500391006469727, 18.973194122314453, 25.31560516357422, 23.178050994873047, 23.222755432128906, 24.609886169433594, 20.42974090576172, 21.333045959472656, 24.754459381103516, 20.77212142944336, 22.656532287597656, 21.072294235229492, 21.825191497802734, 22.21116065979004, 20.26516342163086, 24.296546936035156, 23.63499641418457, 21.25246238708496, 20.11205291748047, 22.436397552490234, 23.074684143066406, 24.180591583251953, 25.011255264282227, 22.948638916015625, 22.471982955932617, 18.270662307739258, 25.32528305053711, 23.696449279785156, 25.36604118347168, 21.936382293701172, 20.72130012512207, 21.726043701171875, 22.95142936706543, 18.137962341308594, 20.268840789794922, 22.13007926940918, 24.79802131652832, 20.14832305908203, 23.116943359375, 18.5177059173584, 21.433780670166016, 21.927125930786133, 21.15541648864746, 20.643356323242188, 21.6568603515625, 21.069250106811523, 20.913877487182617, 20.967411041259766, 23.679590225219727, 23.5618896484375, 23.127941131591797, 20.7529239654541, 21.746959686279297, 23.88096046447754, 19.799501419067383, 25.495834350585938, 23.103641510009766, 25.50196647644043, 22.26417350769043, 24.65715217590332, 23.051971435546875, 23.431678771972656, 21.289539337158203, 22.15400505065918, 21.354434967041016, 20.953872680664062, 21.302886962890625, 20.501239776611328, 23.653221130371094, 22.0380802154541, 23.97599220275879, 23.048336029052734, 20.93411636352539, 19.85379981994629, 20.336284637451172, 23.562213897705078, 23.4488468170166, 22.0494441986084, 18.14918327331543, 21.63272476196289, 25.081729888916016, 22.37836456298828, 22.889196395874023, 22.318017959594727, 22.906648635864258, 25.46380043029785, 26.767732620239258, 19.988962173461914, 21.20682144165039, 18.79396629333496, 21.73987579345703, 22.900602340698242, 25.509868621826172, 21.266586303710938, 17.075084686279297, 14.616479873657227, 27.884117126464844, 20.182153701782227, 18.296239852905273, 19.977514266967773, 22.47315216064453, 23.729148864746094, 24.43051528930664, 21.00528335571289, 17.117958068847656, 24.08582878112793, 22.17681884765625, 20.879304885864258, 24.52420425415039, 22.547494888305664, 23.516155242919922, 21.73122215270996, 22.21685218811035, 17.67967987060547, 29.950410842895508, 22.963809967041016, 27.68548011779785, 24.266315460205078, 23.294410705566406, 20.737934112548828, 21.67443084716797, 20.4716854095459, 20.834190368652344, 18.472763061523438, 24.564390182495117, 23.150178909301758, 24.869306564331055, 20.23990821838379, 23.04286003112793, 22.69791603088379, 20.301502227783203, 22.1690673828125, 20.38695526123047, 20.076183319091797, 21.636343002319336, 26.791950225830078, 22.568208694458008, 20.652435302734375, 21.83176040649414, 17.61172866821289, 19.733718872070312, 26.290477752685547, 22.974441528320312, 24.619495391845703, 22.555009841918945, 16.122642517089844, 25.375167846679688, 23.356098175048828, 23.273418426513672, 21.229372024536133, 27.885759353637695, 17.961475372314453, 21.755826950073242, 21.577882766723633, 22.823429107666016, 23.99778175354004, 20.79176902770996, 21.40817642211914, 20.979021072387695, 21.048725128173828, 23.796737670898438, 21.51239013671875, 19.270912170410156, 23.56313705444336, 21.329038619995117, 24.361183166503906, 21.774105072021484, 24.93950843811035, 24.655296325683594, 21.705570220947266, 25.185077667236328, 25.822277069091797, 21.98646354675293, 20.177715301513672, 23.346759796142578, 24.83568572998047, 23.0362548828125, 21.31781578063965, 23.56447982788086, 21.450632095336914, 19.126087188720703, 22.017709732055664, 25.878257751464844, 21.285932540893555, 21.141437530517578, 19.713680267333984, 19.714942932128906, 22.47684669494629, 21.115840911865234, 21.49349594116211, 29.37361717224121, 23.076072692871094, 21.040462493896484, 19.79762840270996, 22.577693939208984, 22.411958694458008, 25.939529418945312, 23.791690826416016, 25.448102951049805, 20.36235809326172, 24.77914810180664, 25.54155731201172, 20.64131736755371, 18.169992446899414, 25.561397552490234, 22.173254013061523, 20.285480499267578, 23.478641510009766, 23.209104537963867, 18.621950149536133, 18.92847442626953, 24.362064361572266, 21.93161964416504, 20.35416030883789, 24.87144660949707, 26.539175033569336, 21.430522918701172, 19.04086685180664, 21.4240665435791, 30.51919174194336, 22.595340728759766, 21.190519332885742, 23.0240421295166, 21.5512638092041, 25.360212326049805, 21.158464431762695, 24.15304183959961, 18.752782821655273, 22.776187896728516, 22.26102066040039, 20.06294059753418, 24.014049530029297, 20.260610580444336, 26.14163589477539, 21.142194747924805, 23.472707748413086, 19.56182098388672, 24.884532928466797, 18.611373901367188, 26.22887420654297, 20.470916748046875, 25.18832015991211, 25.13381004333496, 20.00263023376465, 21.884851455688477, 22.955476760864258, 21.374156951904297, 22.176921844482422, 24.772184371948242, 20.883045196533203, 22.620586395263672, 23.563167572021484, 22.096466064453125, 27.685583114624023],