{"checkpoint": "outputs/r8_loop_l2x4_pli_s95/model_0030000.pth", "num_scenes": 256, "psnr": 22.120631631463766, "lpips": 0.28891951363766566, "psnr_std_err": 0.1469384854656573, "per_scene_psnr": [18.538963317871094, 20.71674156188965, 20.184749603271484, 19.011327743530273, 25.25206756591797, 23.140104293823242, 22.821083068847656, 24.320362091064453, 20.167810440063477, 21.032432556152344, 24.49738311767578, 20.636865615844727, 22.450050354003906, 20.852584838867188, 21.749143600463867, 22.081148147583008, 20.259201049804688, 23.744384765625, 23.17803955078125, 21.026493072509766, 20.09608268737793, 22.188735961914062, 23.07537078857422, 23.955305099487305, 24.616863250732422, 23.097984313964844, 22.209667205810547, 18.05963897705078, 25.117942810058594, 23.559711456298828, 24.99072265625, 21.580760955810547, 21.063980102539062, 21.158018112182617, 23.106279373168945, 18.006793975830078, 20.156553268432617, 21.840669631958008, 24.325332641601562, 19.829479217529297, 23.023529052734375, 18.19320297241211, 21.034090042114258, 21.65575408935547, 21.002729415893555, 20.588451385498047, 21.5181941986084, 20.888126373291016, 20.748905181884766, 20.854684829711914, 23.373577117919922, 23.283748626708984, 22.764005661010742, 20.69827651977539, 21.5125732421875, 23.504817962646484, 19.61670684814453, 25.14307975769043, 22.841232299804688, 25.524747848510742, 22.205087661743164, 24.441875457763672, 22.631208419799805, 23.162736892700195, 21.05741310119629, 21.80790138244629, 21.201265335083008, 20.648502349853516, 21.10464096069336, 20.436925888061523, 23.529949188232422, 21.799232482910156, 23.730661392211914, 22.851089477539062, 20.718917846679688, 19.682710647583008, 20.136653900146484, 23.72455406188965, 23.262651443481445, 21.853952407836914, 17.948684692382812, 21.479263305664062, 24.9683780670166, 22.09637451171875, 22.5999755859375, 22.240875244140625, 22.62232780456543, 25.34732437133789, 26.669841766357422, 19.44341278076172, 21.202051162719727, 18.56083869934082, 21.635122299194336, 22.771087646484375, 25.245994567871094, 21.0548038482666, 17.194236755371094, 14.439486503601074, 27.521562576293945, 19.900848388671875, 18.057723999023438, 19.882917404174805, 22.573623657226562, 23.201780319213867, 24.02743911743164, 20.775415420532227, 16.8659610748291, 23.925935745239258, 21.9480037689209, 20.860498428344727, 24.23181915283203, 22.15205192565918, 23.29246711730957, 21.47463607788086, 22.126651763916016, 17.43099021911621, 29.84042739868164, 22.593685150146484, 27.633398056030273, 24.00843620300293, 22.92132568359375, 20.994571685791016, 21.54442024230957, 20.711570739746094, 20.682279586791992, 18.433549880981445, 24.440671920776367, 23.076154708862305, 24.53058433532715, 20.01696014404297, 22.90583610534668, 22.518558502197266, 20.116077423095703, 21.809303283691406, 20.031766891479492, 19.968463897705078, 21.675586700439453, 26.50009536743164, 22.369686126708984, 20.364017486572266, 21.57293128967285, 17.4517822265625, 19.79591941833496, 26.164522171020508, 22.892074584960938, 24.19304084777832, 22.30963706970215, 16.573383331298828, 25.330745697021484, 23.10114288330078, 22.977619171142578, 21.237655639648438, 27.481689453125, 17.87879753112793, 21.896774291992188, 21.33836555480957, 22.62179183959961, 23.575397491455078, 20.609838485717773, 21.212528228759766, 20.469627380371094, 20.99170684814453, 23.44308090209961, 21.50152587890625, 19.17182731628418, 23.281604766845703, 21.074424743652344, 23.90993309020996, 21.622915267944336, 24.671524047851562, 24.62258529663086, 21.541128158569336, 24.99742317199707, 25.575122833251953, 21.664133071899414, 20.34722137451172, 23.032522201538086, 24.606353759765625, 22.790565490722656, 20.788257598876953, 23.602218627929688, 21.01214599609375, 18.94371795654297, 21.62781524658203, 25.612173080444336, 21.22063446044922, 21.20543670654297, 19.638113021850586, 19.866172790527344, 22.290550231933594, 20.971492767333984, 21.328842163085938, 29.422922134399414, 22.882158279418945, 20.858417510986328, 19.902462005615234, 22.4498291015625, 22.237451553344727, 25.61363983154297, 23.3084659576416, 25.158632278442383, 20.199371337890625, 24.724943161010742, 25.24674415588379, 20.738676071166992, 18.126928329467773, 25.430843353271484, 21.95550537109375, 20.276039123535156, 22.725019454956055, 23.072423934936523, 18.220216751098633, 19.04307746887207, 24.057971954345703, 21.780582427978516, 20.240278244018555, 24.696542739868164, 26.46182632446289, 21.057056427001953, 18.84097671508789, 21.971948623657227, 30.672510147094727, 22.232402801513672, 20.952877044677734, 22.88599395751953, 21.42341423034668, 25.05672264099121, 21.088665008544922, 23.876821517944336, 18.552978515625, 22.66359519958496, 22.129703521728516, 19.95888328552246, 23.710418701171875, 20.145713806152344, 26.006567001342773, 20.89186668395996, 23.308616638183594, 19.386747360229492, 24.789615631103516, 18.382509231567383, 26.076065063476562, 20.146188735961914, 25.129549026489258, 24.906139373779297, 20.1042537689209, 21.759654998779297, 22.656036376953125, 21.068946838378906, 21.775432586669922, 24.687538146972656, 20.55529022216797, 22.0537166595459, 23.377918243408203, 21.606910705566406, 27.609024047851562],