{"checkpoint": "outputs/r7_loop_l2x4_ep2_sup_s95/model_0030000.pth", "num_scenes": 256, "psnr": 22.35769734531641, "lpips": 0.2828677086508833, "psnr_std_err": 0.14967187382958902, "per_scene_psnr": [19.15453338623047, 20.87905502319336, 20.857254028320312, 18.98651695251465, 24.21609878540039, 23.620832443237305, 23.370758056640625, 24.77674102783203, 20.432861328125, 21.25543975830078, 24.71786117553711, 20.913349151611328, 22.654129028320312, 21.110498428344727, 21.92190933227539, 22.42418670654297, 20.420637130737305, 23.763145446777344, 23.907718658447266, 21.29795265197754, 20.14815902709961, 23.11324119567871, 22.993318557739258, 24.309329986572266, 25.12093734741211, 22.774375915527344, 22.526317596435547, 18.068222045898438, 25.3779296875, 23.715497970581055, 25.407299041748047, 21.73950958251953, 21.125505447387695, 22.011510848999023, 23.374975204467773, 18.22073745727539, 20.519933700561523, 22.293781280517578, 24.891921997070312, 19.56109619140625, 23.27149200439453, 18.643590927124023, 21.041276931762695, 21.96307373046875, 20.743627548217773, 20.5251407623291, 21.856977462768555, 21.12222671508789, 20.93477439880371, 21.167240142822266, 23.32056427001953, 23.75323486328125, 23.28397560119629, 20.608177185058594, 21.735511779785156, 23.800323486328125, 20.145668029785156, 25.60150909423828, 23.072301864624023, 26.078584671020508, 22.36051368713379, 24.002105712890625, 23.003433227539062, 23.7224178314209, 21.44618797302246, 22.03695297241211, 21.548397064208984, 21.066822052001953, 21.624536514282227, 20.662342071533203, 23.834341049194336, 22.197141647338867, 24.14212417602539, 23.445127487182617, 21.11618995666504, 20.07000732421875, 20.281362533569336, 23.620996475219727, 23.495285034179688, 22.137004852294922, 18.390676498413086, 21.514450073242188, 25.079099655151367, 22.6424503326416, 23.095911026000977, 22.110820770263672, 23.19353485107422, 25.516246795654297, 26.890127182006836, 19.88275718688965, 21.12694549560547, 18.749868392944336, 21.310041427612305, 23.093870162963867, 25.644304275512695, 21.29086685180664, 17.268238067626953, 14.45733642578125, 27.740737915039062, 20.324975967407227, 18.5380916595459, 19.920963287353516, 22.25571060180664, 24.047073364257812, 24.575700759887695, 21.095705032348633, 17.01046371459961, 24.19451141357422, 22.532630920410156, 21.219120025634766, 24.531444549560547, 22.213727951049805, 23.547119140625, 21.15911865234375, 22.41118621826172, 17.854860305786133, 30.243227005004883, 23.011260986328125, 27.75890350341797, 24.616802215576172, 23.02798080444336, 20.83498764038086, 21.727996826171875, 20.290210723876953, 20.800968170166016, 18.600574493408203, 24.632301330566406, 23.14265251159668, 24.452455520629883, 20.400028228759766, 22.713092803955078, 22.88419532775879, 19.90949821472168, 21.821287155151367, 20.49736213684082, 20.213260650634766, 21.847599029541016, 26.964170455932617, 22.737865447998047, 20.646944046020508, 21.79794692993164, 17.695371627807617, 20.220115661621094, 26.467836380004883, 22.5989990234375, 24.597681045532227, 22.648067474365234, 15.893461227416992, 25.366870880126953, 23.2546329498291, 23.240211486816406, 21.402984619140625, 28.059904098510742, 17.81940269470215, 22.031944274902344, 21.648460388183594, 22.854726791381836, 23.95819091796875, 20.677875518798828, 21.750986099243164, 20.94089126586914, 21.208175659179688, 24.087364196777344, 21.486724853515625, 19.316381454467773, 23.770692825317383, 21.442718505859375, 24.543867111206055, 22.00506591796875, 25.040205001831055, 24.727096557617188, 21.785125732421875, 25.19434356689453, 25.551773071289062, 22.07604217529297, 20.314542770385742, 23.46916961669922, 25.086864471435547, 22.94894027709961, 21.33173370361328, 23.583839416503906, 20.945146560668945, 19.006542205810547, 22.044527053833008, 25.896541595458984, 21.367883682250977, 21.36439323425293, 19.754730224609375, 19.926359176635742, 22.659273147583008, 21.112812042236328, 21.453571319580078, 29.49981689453125, 23.07449722290039, 21.160282135009766, 20.37423324584961, 22.597206115722656, 22.32889175415039, 26.324756622314453, 24.02505111694336, 25.80317497253418, 20.270984649658203, 25.05063819885254, 25.52316665649414, 20.749168395996094, 18.196460723876953, 25.58826446533203, 22.051132202148438, 20.22159767150879, 23.112464904785156, 23.311447143554688, 18.06464385986328, 18.917545318603516, 24.441469192504883, 22.118602752685547, 20.718671798706055, 24.99892234802246, 26.502273559570312, 21.578689575195312, 19.03338623046875, 21.528480529785156, 30.812728881835938, 22.35161781311035, 21.302106857299805, 22.704904556274414, 21.78417205810547, 25.04183006286621, 21.14763069152832, 24.492490768432617, 18.84123420715332, 22.898292541503906, 22.265544891357422, 20.195749282836914, 23.793197631835938, 20.505826950073242, 26.210514068603516, 21.35376739501953, 23.75795555114746, 20.067779541015625, 25.23116683959961, 18.665510177612305, 26.131628036499023, 20.34048843383789, 25.34172248840332, 25.31743049621582, 19.99343490600586, 21.88593101501465, 22.79705238342285, 21.433597564697266, 22.023164749145508, 24.78435707092285, 20.782136917114258, 22.114450454711914, 23.83431625366211, 21.937501907348633, 28.170406341552734],