{"checkpoint": "outputs/r6_loop_l2x5_delta_sup_s96/model_0030000.pth", "num_scenes": 256, "psnr": 22.330981701612473, "lpips": 0.2807167682913132, "psnr_std_err": 0.14965287235421681, "per_scene_psnr": [18.923194885253906, 20.917043685913086, 20.674449920654297, 18.76727867126465, 24.358291625976562, 23.248395919799805, 23.208866119384766, 24.623910903930664, 20.484018325805664, 21.25978660583496, 24.810829162597656, 20.952253341674805, 22.654926300048828, 21.077356338500977, 21.875028610229492, 22.374225616455078, 20.420825958251953, 23.561885833740234, 23.31048011779785, 21.444303512573242, 20.153671264648438, 22.597246170043945, 23.091033935546875, 24.373294830322266, 24.94732093811035, 22.542875289916992, 22.557714462280273, 18.02879524230957, 25.419633865356445, 23.82257843017578, 25.427127838134766, 21.817317962646484, 21.08482551574707, 21.64093780517578, 23.388553619384766, 18.26740074157715, 20.317058563232422, 22.237642288208008, 24.736000061035156, 19.478458404541016, 23.252437591552734, 18.74936294555664, 21.378292083740234, 22.057247161865234, 21.51690673828125, 20.929677963256836, 22.075326919555664, 21.15766143798828, 21.01656150817871, 21.178329467773438, 23.727832794189453, 23.5416316986084, 23.15126609802246, 20.851261138916016, 21.986495971679688, 23.76336097717285, 19.929046630859375, 25.694133758544922, 23.33041000366211, 25.48398208618164, 22.35523223876953, 23.920068740844727, 23.050039291381836, 23.37017250061035, 21.32817268371582, 22.08972930908203, 21.54779624938965, 21.113418579101562, 21.479202270507812, 20.81485366821289, 23.914264678955078, 22.090242385864258, 24.252355575561523, 23.23613166809082, 21.0557861328125, 20.014480590820312, 20.441795349121094, 23.52001190185547, 23.516416549682617, 22.20060157775879, 18.13359832763672, 21.584373474121094, 25.258834838867188, 22.47134780883789, 23.124855041503906, 22.427108764648438, 23.07623291015625, 25.460514068603516, 26.827592849731445, 19.767520904541016, 21.317169189453125, 18.61067008972168, 21.65700912475586, 22.995615005493164, 25.49203109741211, 20.967124938964844, 17.342561721801758, 14.435672760009766, 27.74789047241211, 20.3414363861084, 18.3109130859375, 19.88787078857422, 22.385540008544922, 23.845775604248047, 24.593202590942383, 21.12421417236328, 16.94120216369629, 24.16582489013672, 22.353580474853516, 21.118045806884766, 24.477157592773438, 22.261598587036133, 23.55727767944336, 20.92117691040039, 22.393516540527344, 17.739944458007812, 30.03728485107422, 23.027740478515625, 27.608795166015625, 24.53366470336914, 22.89752197265625, 21.026687622070312, 21.745819091796875, 20.75934410095215, 20.84288787841797, 18.686033248901367, 24.61597442626953, 23.41510772705078, 24.36857032775879, 20.262357711791992, 23.018123626708984, 22.795093536376953, 19.8560733795166, 22.01601791381836, 20.290771484375, 20.078022003173828, 21.728534698486328, 26.976394653320312, 22.752704620361328, 20.73224639892578, 21.74720573425293, 17.6221923828125, 19.951509475708008, 26.530014038085938, 22.815387725830078, 24.557823181152344, 22.615703582763672, 15.450908660888672, 25.55990219116211, 23.18224334716797, 23.048904418945312, 21.368270874023438, 27.990795135498047, 17.867931365966797, 22.063873291015625, 21.713790893554688, 22.855520248413086, 23.84170913696289, 20.522859573364258, 21.686328887939453, 20.976598739624023, 21.189889907836914, 23.826444625854492, 21.54808235168457, 19.371780395507812, 23.622446060180664, 21.325199127197266, 24.25116729736328, 22.042709350585938, 25.036725997924805, 24.768409729003906, 21.763442993164062, 25.19913101196289, 25.63840103149414, 22.089252471923828, 20.303361892700195, 23.38821029663086, 24.835590362548828, 23.008136749267578, 21.280839920043945, 23.622865676879883, 20.6547908782959, 18.517154693603516, 21.88397216796875, 25.803449630737305, 21.355327606201172, 21.30460548400879, 19.72134017944336, 19.855405807495117, 22.62080955505371, 21.1362361907959, 21.59967803955078, 29.623863220214844, 23.333341598510742, 21.001920700073242, 20.432369232177734, 22.449169158935547, 22.363195419311523, 26.136930465698242, 23.701208114624023, 25.565053939819336, 20.126388549804688, 24.973426818847656, 25.536212921142578, 20.66269874572754, 18.192169189453125, 25.46840476989746, 22.26742172241211, 20.070629119873047, 22.97264862060547, 23.263275146484375, 17.985549926757812, 19.06711196899414, 24.41262435913086, 22.1589298248291, 20.670392990112305, 24.899816513061523, 26.460893630981445, 21.460651397705078, 19.10863494873047, 21.951330184936523, 30.91221046447754, 22.5069522857666, 21.20116424560547, 23.163188934326172, 21.534313201904297, 24.587364196777344, 21.195087432861328, 24.529216766357422, 18.778593063354492, 22.736217498779297, 22.39046859741211, 20.132793426513672, 23.853445053100586, 20.281373977661133, 26.376510620117188, 21.285518646240234, 23.614500045776367, 19.678285598754883, 24.919145584106445, 18.68463706970215, 26.54401969909668, 20.252573013305664, 25.307178497314453, 25.495548248291016, 20.193880081176758, 22.174774169921875, 23.00234603881836, 21.510452270507812, 22.04167366027832, 24.708253860473633, 20.67074966430664, 22.08707618713379, 23.760517120361328, 21.72254753112793, 27.90153694152832],