{"checkpoint": "outputs/r19_bgs_film_optzone_s95/model_0030000.pth", "num_scenes": 256, "psnr": 22.602449968457222, "lpips": 0.27704450784949586, "psnr_std_err": 0.15076194438124496, "per_scene_psnr": [19.143451690673828, 21.17252540588379, 20.762250900268555, 19.27269172668457, 25.623401641845703, 23.54747772216797, 23.629974365234375, 24.87027359008789, 20.50225830078125, 21.66433334350586, 25.190818786621094, 21.218660354614258, 22.938098907470703, 21.51230239868164, 22.05152702331543, 22.336299896240234, 20.34691047668457, 24.327117919921875, 23.607067108154297, 21.368436813354492, 20.652915954589844, 22.852115631103516, 23.570392608642578, 24.496585845947266, 25.238645553588867, 23.468952178955078, 22.65211296081543, 18.314599990844727, 25.443702697753906, 23.712862014770508, 25.699417114257812, 22.147552490234375, 20.905319213867188, 21.952316284179688, 23.720094680786133, 18.14559555053711, 20.483299255371094, 22.162425994873047, 24.986417770385742, 20.509737014770508, 23.501798629760742, 19.117521286010742, 21.76019859313965, 22.121654510498047, 21.69796371459961, 20.610904693603516, 22.133323669433594, 21.47574234008789, 21.126419067382812, 21.066078186035156, 24.111385345458984, 23.772794723510742, 23.442880630493164, 21.28840446472168, 22.019500732421875, 24.086040496826172, 19.944124221801758, 25.515596389770508, 23.32562255859375, 26.080036163330078, 22.451608657836914, 25.01032257080078, 23.573711395263672, 23.59165382385254, 21.333410263061523, 22.51615333557129, 21.625076293945312, 21.237009048461914, 21.630727767944336, 21.161489486694336, 24.12143898010254, 21.979970932006836, 24.238176345825195, 23.245586395263672, 21.215381622314453, 19.94155502319336, 20.540950775146484, 24.083332061767578, 23.629667282104492, 22.23210334777832, 18.391708374023438, 22.273658752441406, 25.435152053833008, 22.67319107055664, 23.27071762084961, 22.664072036743164, 23.409950256347656, 25.956939697265625, 26.907320022583008, 20.02159881591797, 21.304180145263672, 18.77858543395996, 21.950336456298828, 23.231033325195312, 25.996828079223633, 22.06378173828125, 17.536319732666016, 14.74013900756836, 28.335670471191406, 20.59819793701172, 18.453977584838867, 20.288318634033203, 22.66553497314453, 24.231037139892578, 24.896038055419922, 21.261276245117188, 16.82624626159668, 24.43804931640625, 22.712697982788086, 21.11376953125, 25.23149299621582, 22.944332122802734, 23.953327178955078, 21.69666290283203, 22.548982620239258, 17.65510368347168, 30.465843200683594, 23.239805221557617, 28.066600799560547, 24.770524978637695, 23.655481338500977, 20.910533905029297, 22.30367660522461, 20.691692352294922, 21.24520492553711, 18.695772171020508, 24.66457176208496, 23.65177345275879, 24.94585418701172, 20.53078842163086, 23.46797752380371, 22.943328857421875, 21.026790618896484, 22.370689392089844, 20.715831756591797, 20.304471969604492, 21.974994659423828, 27.223283767700195, 22.833803176879883, 20.945266723632812, 21.967121124267578, 17.647462844848633, 19.895639419555664, 26.565410614013672, 23.379831314086914, 25.124549865722656, 22.58789825439453, 16.53961181640625, 25.55169105529785, 23.635385513305664, 23.74978256225586, 21.538095474243164, 28.53835678100586, 18.443878173828125, 22.18315887451172, 21.661659240722656, 23.290977478027344, 24.29210662841797, 21.01901626586914, 21.6160888671875, 21.650392532348633, 21.25115203857422, 24.071073532104492, 21.684284210205078, 19.41867446899414, 24.128093719482422, 21.315858840942383, 24.788314819335938, 22.252443313598633, 25.355243682861328, 24.8470401763916, 21.800127029418945, 25.430879592895508, 25.9009952545166, 22.329788208007812, 20.526283264160156, 23.816204071044922, 24.87261199951172, 23.126802444458008, 21.54808235168457, 23.971689224243164, 21.47658348083496, 19.2499942779541, 22.178592681884766, 26.074058532714844, 21.35391616821289, 21.473186492919922, 19.92487335205078, 20.042865753173828, 22.716102600097656, 21.139629364013672, 21.76017951965332, 29.595184326171875, 23.378923416137695, 21.27330780029297, 20.523143768310547, 23.053878784179688, 22.583587646484375, 26.386199951171875, 24.16092300415039, 26.145553588867188, 20.57891082763672, 25.222606658935547, 25.862506866455078, 20.950632095336914, 18.46869659423828, 25.879417419433594, 22.304346084594727, 20.486835479736328, 23.441715240478516, 23.493019104003906, 18.732582092285156, 19.272558212280273, 24.811161041259766, 22.25865364074707, 20.871402740478516, 25.382282257080078, 26.620018005371094, 21.992908477783203, 19.303367614746094, 21.9771671295166, 30.854209899902344, 22.89002227783203, 21.479713439941406, 23.535558700561523, 21.863452911376953, 25.774545669555664, 21.24668312072754, 24.50908660888672, 19.024526596069336, 23.154483795166016, 22.45914077758789, 20.31229019165039, 24.15188980102539, 20.42848777770996, 26.3233642578125, 21.298900604248047, 23.755889892578125, 19.88198471069336, 25.132017135620117, 18.803089141845703, 26.725200653076172, 20.754138946533203, 25.60928726196289, 25.715551376342773, 20.25966453552246, 22.203105926513672, 23.41073989868164, 21.74570083618164, 22.485382080078125, 24.81673812866211, 21.21219253540039, 23.058483123779297, 23.730762481689453, 22.24509048461914, 27.801542282104492],