{
 "expname": "lm_big_naive_s95",
 "val_loss": 3.7821707352995872,
 "ppl": 43.911258071399196,
 "params_M": 78.329481,
 "steps": 15000,
 "tokens": 245760000
}