{"checkpoint": "outputs/r1_lact_l8_s97/model_0030000.pth", "num_scenes": 256, "psnr": 22.173513900488615, "lpips": 0.2769833807251416, "psnr_std_err": 0.14433835870693057, "per_scene_psnr": [18.557804107666016, 21.67832374572754, 20.363025665283203, 19.17546272277832, 25.14230728149414, 22.571247100830078, 22.930402755737305, 24.256656646728516, 20.18567657470703, 21.247962951660156, 24.565776824951172, 20.556535720825195, 22.58408546447754, 20.77101707458496, 21.727581024169922, 21.934295654296875, 19.985937118530273, 24.098360061645508, 23.285232543945312, 21.33820343017578, 19.978025436401367, 22.494403839111328, 23.157217025756836, 24.175617218017578, 24.625560760498047, 23.053438186645508, 22.308319091796875, 18.540164947509766, 24.929323196411133, 23.437480926513672, 25.076190948486328, 21.80560302734375, 20.962810516357422, 21.269432067871094, 23.45580291748047, 17.87903594970703, 20.399446487426758, 21.759410858154297, 24.527023315429688, 19.74782943725586, 23.064617156982422, 18.69228172302246, 21.550626754760742, 21.76439094543457, 21.67823028564453, 20.274761199951172, 21.42196273803711, 21.08330535888672, 20.80850601196289, 20.456104278564453, 23.72319984436035, 23.36399269104004, 22.657032012939453, 20.885868072509766, 21.349082946777344, 23.63304328918457, 19.41646957397461, 25.291479110717773, 22.698373794555664, 25.45462417602539, 22.041704177856445, 24.30526351928711, 22.87237548828125, 22.85310935974121, 20.797025680541992, 21.769750595092773, 21.093074798583984, 21.128339767456055, 21.245098114013672, 20.69820213317871, 23.6539249420166, 21.645339965820312, 24.018888473510742, 22.714693069458008, 20.887622833251953, 19.425273895263672, 20.378681182861328, 23.497089385986328, 23.49013328552246, 21.77212905883789, 18.087907791137695, 21.72203826904297, 25.583532333374023, 21.818201065063477, 22.770858764648438, 22.24416732788086, 22.576810836791992, 25.487546920776367, 26.46664810180664, 19.703384399414062, 21.168203353881836, 18.640579223632812, 21.603107452392578, 22.67630386352539, 25.24153709411621, 21.964933395385742, 16.9528865814209, 14.49730396270752, 27.655067443847656, 20.119232177734375, 18.190101623535156, 20.097896575927734, 22.742351531982422, 23.54584503173828, 24.159175872802734, 20.723360061645508, 17.138765335083008, 23.845014572143555, 22.054616928100586, 20.59506607055664, 24.65287208557129, 22.53577423095703, 22.87818717956543, 21.206806182861328, 22.01418113708496, 17.28229331970215, 30.004138946533203, 22.612741470336914, 27.596168518066406, 24.022823333740234, 23.106273651123047, 21.341135025024414, 22.326066970825195, 20.535560607910156, 20.68854522705078, 18.626449584960938, 24.237680435180664, 23.088706970214844, 24.33142852783203, 19.959945678710938, 23.120494842529297, 22.598608016967773, 21.79457664489746, 22.21014976501465, 20.31173324584961, 19.895235061645508, 21.461153030395508, 26.301193237304688, 22.33932113647461, 20.58747100830078, 21.956241607666016, 17.33098602294922, 20.095134735107422, 26.00795555114746, 22.712329864501953, 24.49390411376953, 22.338159561157227, 16.452030181884766, 25.18610954284668, 23.335464477539062, 23.196895599365234, 21.122936248779297, 27.449466705322266, 18.07291603088379, 21.868366241455078, 21.2070369720459, 22.679058074951172, 23.764202117919922, 20.695682525634766, 21.362707138061523, 20.865848541259766, 20.779552459716797, 23.346725463867188, 21.10714340209961, 18.976106643676758, 23.588760375976562, 20.753040313720703, 24.09954833984375, 21.518075942993164, 24.88193130493164, 24.164535522460938, 21.335613250732422, 25.3084716796875, 25.372007369995117, 21.738664627075195, 20.529117584228516, 22.97553825378418, 24.617624282836914, 22.771411895751953, 21.157302856445312, 23.61964988708496, 21.40499496459961, 19.04568099975586, 21.542583465576172, 25.2205810546875, 21.014633178710938, 20.78913116455078, 19.262495040893555, 19.960649490356445, 22.076921463012695, 20.92635154724121, 21.240636825561523, 29.07781219482422, 22.958023071289062, 20.654956817626953, 19.400671005249023, 22.314640045166016, 22.33264923095703, 25.547372817993164, 23.775482177734375, 25.01694679260254, 20.075769424438477, 24.70257568359375, 25.035036087036133, 20.687923431396484, 18.074121475219727, 25.355005264282227, 22.002685546875, 20.387144088745117, 23.090333938598633, 23.01578712463379, 18.264591217041016, 20.265064239501953, 24.400598526000977, 21.647584915161133, 20.489261627197266, 24.750965118408203, 26.055294036865234, 21.50942611694336, 19.09721565246582, 22.36931800842285, 30.181564331054688, 22.081371307373047, 20.75982093811035, 23.24087142944336, 21.809232711791992, 25.06645393371582, 20.943695068359375, 24.173974990844727, 19.31640625, 22.576679229736328, 22.082660675048828, 19.919647216796875, 23.677387237548828, 19.933032989501953, 25.80784797668457, 20.83439826965332, 22.99100112915039, 19.34324836730957, 24.800743103027344, 18.677955627441406, 25.54244041442871, 20.327796936035156, 25.564212799072266, 24.831275939941406, 20.67121696472168, 21.672630310058594, 23.089664459228516, 21.14290428161621, 21.87066078186035, 24.740440368652344, 21.02155876159668, 22.185665130615234, 23.26981544494629, 21.651500701904297, 27.11275291442871],