{"checkpoint": "outputs/r19_bgsfon_qkvr_lr16_s95/model_0030000.pth", "num_scenes": 256, "psnr": 22.728524677455425, "lpips": 0.26974076248006895, "psnr_std_err": 0.1510476461368774, "per_scene_psnr": [19.252674102783203, 21.800338745117188, 20.989744186401367, 19.444005966186523, 25.16861343383789, 23.865720748901367, 23.81838607788086, 24.85944366455078, 20.453075408935547, 21.725791931152344, 25.262243270874023, 21.305545806884766, 23.0427188873291, 21.47050666809082, 22.108108520507812, 22.581745147705078, 20.493873596191406, 24.15264320373535, 23.788494110107422, 21.486614227294922, 20.960447311401367, 23.178810119628906, 23.67978286743164, 24.942283630371094, 25.444961547851562, 23.309242248535156, 22.90706443786621, 18.50555419921875, 25.612764358520508, 23.882381439208984, 25.863689422607422, 22.11265754699707, 21.378154754638672, 21.96082305908203, 23.87761116027832, 18.222213745117188, 20.808849334716797, 22.488727569580078, 24.993295669555664, 20.535165786743164, 23.703941345214844, 19.08595848083496, 22.007919311523438, 22.385995864868164, 22.083019256591797, 20.95111083984375, 22.224376678466797, 21.56802749633789, 21.242229461669922, 21.13934326171875, 24.78390884399414, 24.003719329833984, 23.63233757019043, 21.501163482666016, 22.39901351928711, 24.21164321899414, 19.934085845947266, 25.628372192382812, 23.461795806884766, 26.168243408203125, 22.569622039794922, 24.7451114654541, 23.564224243164062, 23.884586334228516, 21.49326515197754, 22.512189865112305, 21.80201530456543, 21.4326114654541, 21.907012939453125, 21.09164047241211, 24.085323333740234, 22.202213287353516, 24.874048233032227, 23.274703979492188, 21.188745498657227, 20.107229232788086, 20.698532104492188, 23.896522521972656, 23.74939727783203, 22.138084411621094, 18.42388916015625, 22.114370346069336, 25.731311798095703, 22.92013168334961, 23.48731231689453, 22.65766143798828, 23.583295822143555, 25.98249053955078, 27.014244079589844, 20.161251068115234, 21.61534309387207, 18.815431594848633, 21.929494857788086, 23.300830841064453, 26.15973472595215, 22.310222625732422, 17.61236572265625, 14.728837966918945, 28.25901985168457, 20.929737091064453, 18.66564178466797, 20.394832611083984, 22.799108505249023, 24.316238403320312, 24.906084060668945, 21.376907348632812, 17.073699951171875, 24.599531173706055, 22.750699996948242, 21.351089477539062, 25.57880210876465, 22.977867126464844, 24.000885009765625, 21.739215850830078, 22.708030700683594, 17.874116897583008, 30.74957275390625, 23.278881072998047, 28.110469818115234, 25.058629989624023, 23.7716064453125, 21.15177345275879, 22.396846771240234, 20.650562286376953, 21.2208251953125, 18.86146354675293, 24.795879364013672, 23.570423126220703, 25.08479881286621, 20.599058151245117, 23.141653060913086, 23.17593002319336, 20.8287353515625, 22.483911514282227, 20.875102996826172, 20.293258666992188, 22.293468475341797, 27.280105590820312, 23.062192916870117, 21.014671325683594, 21.984643936157227, 17.74794578552246, 20.43301773071289, 26.6603946685791, 23.22739028930664, 25.13912010192871, 22.710506439208984, 16.883758544921875, 25.7076473236084, 23.919349670410156, 23.802444458007812, 21.5699405670166, 28.567323684692383, 18.300975799560547, 22.286975860595703, 21.784664154052734, 23.63363265991211, 24.306415557861328, 20.949020385742188, 21.56794548034668, 21.67106819152832, 21.552350997924805, 24.140121459960938, 21.82726287841797, 19.484731674194336, 24.24696159362793, 21.397533416748047, 24.75061798095703, 22.560340881347656, 25.692386627197266, 25.02304458618164, 21.953067779541016, 25.6596736907959, 26.038612365722656, 22.348756790161133, 20.924964904785156, 23.949472427368164, 24.9162654876709, 23.083498001098633, 21.920028686523438, 24.138225555419922, 21.605623245239258, 19.470224380493164, 22.38107681274414, 26.097156524658203, 21.44721221923828, 21.564041137695312, 20.037229537963867, 20.107494354248047, 22.76178550720215, 21.254119873046875, 21.75714683532715, 29.932241439819336, 23.459880828857422, 21.32807731628418, 21.01241683959961, 23.139827728271484, 22.72719383239746, 26.51232147216797, 24.41907501220703, 26.04644012451172, 20.539628982543945, 25.446121215820312, 25.927509307861328, 21.099895477294922, 18.522708892822266, 25.932476043701172, 22.470855712890625, 20.796985626220703, 23.31344985961914, 23.76612091064453, 18.64870262145996, 19.43548011779785, 24.797462463378906, 22.46002960205078, 21.269298553466797, 25.415157318115234, 27.024150848388672, 22.09478759765625, 19.368637084960938, 22.22983169555664, 31.154420852661133, 22.88153648376465, 21.644628524780273, 23.579675674438477, 21.86522674560547, 25.70941734313965, 21.34125518798828, 25.049602508544922, 18.97061538696289, 23.169273376464844, 22.490360260009766, 20.25384521484375, 24.21058464050293, 20.48873519897461, 26.508424758911133, 21.52609634399414, 23.9561824798584, 19.78226661682129, 25.299652099609375, 19.121797561645508, 26.90923309326172, 20.962120056152344, 25.599042892456055, 25.986743927001953, 20.573238372802734, 22.2446231842041, 23.64444351196289, 21.748943328857422, 22.54305076599121, 24.97370719909668, 21.22868537902832, 23.022687911987305, 23.84402847290039, 22.354097366333008, 28.114500045776367],