{"checkpoint": "outputs/r15_loop_l2x4_streamnorm_s95/model_0030000.pth", "num_scenes": 256, "psnr": 22.183147955685854, "lpips": 0.28676752239698544, "psnr_std_err": 0.1466333557952257, "per_scene_psnr": [18.60399055480957, 20.771888732910156, 20.31202507019043, 19.17243766784668, 24.456645965576172, 23.196929931640625, 23.01781463623047, 24.375186920166016, 20.217056274414062, 21.22522735595703, 24.62210464477539, 20.724864959716797, 22.46399688720703, 20.937196731567383, 21.77811622619629, 22.08662986755371, 20.19719696044922, 23.601001739501953, 23.319049835205078, 21.350852966308594, 20.349750518798828, 22.336034774780273, 22.830337524414062, 24.0590877532959, 24.732324600219727, 22.836362838745117, 22.182777404785156, 18.071592330932617, 25.237953186035156, 23.584348678588867, 25.085294723510742, 21.798564910888672, 20.69997787475586, 21.54421615600586, 23.09945297241211, 18.182682037353516, 20.342893600463867, 21.916702270507812, 24.543621063232422, 20.146005630493164, 22.96314239501953, 18.40534210205078, 21.096723556518555, 21.878393173217773, 20.965978622436523, 20.616037368774414, 21.41775894165039, 21.17976188659668, 20.781946182250977, 20.845359802246094, 23.38791275024414, 23.304548263549805, 22.876502990722656, 20.697507858276367, 21.56824493408203, 23.735614776611328, 19.708650588989258, 25.164627075195312, 22.850948333740234, 25.629802703857422, 22.194149017333984, 24.122051239013672, 23.032073974609375, 23.184436798095703, 21.120094299316406, 21.93134117126465, 21.1883544921875, 20.94438934326172, 21.295711517333984, 20.56755828857422, 23.760238647460938, 21.670509338378906, 23.80486488342285, 22.867351531982422, 20.824127197265625, 19.698333740234375, 20.17146873474121, 23.57843780517578, 23.536609649658203, 22.103498458862305, 18.115495681762695, 21.415790557861328, 25.350229263305664, 22.224672317504883, 22.865936279296875, 22.4376220703125, 22.632137298583984, 25.528533935546875, 26.648006439208984, 19.683256149291992, 21.137609481811523, 18.521221160888672, 21.723386764526367, 22.76018524169922, 25.401756286621094, 21.474830627441406, 17.014371871948242, 14.71412181854248, 27.70138931274414, 19.96660804748535, 18.1208553314209, 19.84247589111328, 22.329715728759766, 23.597496032714844, 24.167034149169922, 20.7589111328125, 16.987606048583984, 24.08209991455078, 21.969202041625977, 20.6743221282959, 24.536842346191406, 22.174945831298828, 23.38575553894043, 20.95705795288086, 22.098562240600586, 17.514123916625977, 29.98152732849121, 22.75996971130371, 27.67818260192871, 24.092548370361328, 23.0123348236084, 21.289474487304688, 22.051057815551758, 20.500244140625, 20.817142486572266, 18.678686141967773, 24.367868423461914, 23.0858211517334, 24.463903427124023, 20.200593948364258, 22.909086227416992, 22.587778091430664, 20.859127044677734, 22.06344223022461, 20.123889923095703, 19.922069549560547, 21.66757583618164, 26.584646224975586, 22.4405460357666, 20.464887619018555, 21.860576629638672, 17.444168090820312, 19.542709350585938, 26.189247131347656, 22.934988021850586, 24.370220184326172, 22.34308433532715, 16.29013442993164, 25.335590362548828, 23.266469955444336, 23.286598205566406, 21.21156883239746, 27.659751892089844, 17.997264862060547, 21.71117401123047, 21.4705753326416, 22.71982192993164, 23.644794464111328, 20.616973876953125, 21.350305557250977, 20.867630004882812, 21.025272369384766, 23.4526424407959, 21.29329490661621, 19.20358657836914, 23.580322265625, 21.085853576660156, 24.043275833129883, 21.623516082763672, 24.772174835205078, 24.538352966308594, 21.577987670898438, 25.197235107421875, 25.585922241210938, 21.883132934570312, 20.13011932373047, 23.316877365112305, 24.752410888671875, 22.82215118408203, 21.09926986694336, 23.521310806274414, 20.65045166015625, 18.54729461669922, 21.544387817382812, 25.592079162597656, 21.15433120727539, 21.13924217224121, 19.66672706604004, 19.676773071289062, 22.24300765991211, 20.976856231689453, 21.582738876342773, 29.257667541503906, 22.878515243530273, 20.892501831054688, 20.204524993896484, 22.513370513916016, 22.320825576782227, 25.784069061279297, 23.571224212646484, 25.121280670166016, 20.003143310546875, 24.819974899291992, 25.447162628173828, 20.88821792602539, 18.076955795288086, 25.42156982421875, 21.966684341430664, 20.198684692382812, 22.791770935058594, 23.019203186035156, 18.198863983154297, 19.352678298950195, 24.148141860961914, 21.776464462280273, 20.439912796020508, 24.647212982177734, 26.54401969909668, 21.266450881958008, 18.898784637451172, 21.55214500427246, 30.37940788269043, 22.053791046142578, 21.13193130493164, 22.902605056762695, 21.45160484313965, 24.768909454345703, 20.996891021728516, 23.908262252807617, 18.784509658813477, 22.818599700927734, 22.149288177490234, 20.105205535888672, 23.889179229736328, 20.10519790649414, 26.08831024169922, 20.893156051635742, 23.307016372680664, 19.442502975463867, 24.833032608032227, 18.583335876464844, 26.091726303100586, 20.144153594970703, 25.477214813232422, 25.075397491455078, 20.113624572753906, 21.985301971435547, 22.91556167602539, 21.18854522705078, 21.822017669677734, 24.664518356323242, 20.674072265625, 22.345449447631836, 23.375167846679688, 21.754058837890625, 27.474891662597656],