{"checkpoint": "outputs/r11_loop_l2x4_kcenter_s95/model_0030000.pth", "num_scenes": 256, "psnr": 22.220732364803553, "lpips": 0.28744517563609406, "psnr_std_err": 0.1471677076463381, "per_scene_psnr": [18.629121780395508, 20.823518753051758, 20.33053970336914, 19.1909236907959, 24.42816162109375, 23.07305335998535, 22.97148895263672, 24.507949829101562, 20.377521514892578, 21.225589752197266, 24.664936065673828, 20.897991180419922, 22.471696853637695, 20.85332679748535, 21.883987426757812, 22.16264533996582, 20.265562057495117, 23.586467742919922, 23.315431594848633, 21.241085052490234, 20.371618270874023, 22.355642318725586, 22.82700538635254, 23.954622268676758, 24.611236572265625, 23.029680252075195, 22.231618881225586, 18.19365692138672, 25.290164947509766, 23.56519317626953, 25.29140281677246, 21.706649780273438, 20.749881744384766, 21.509124755859375, 23.079364776611328, 18.295209884643555, 20.26065444946289, 22.01543617248535, 24.672014236450195, 20.24112319946289, 23.131807327270508, 18.483135223388672, 21.095569610595703, 21.849655151367188, 21.08951187133789, 20.547277450561523, 21.5065860748291, 21.116941452026367, 20.791336059570312, 20.93948745727539, 23.356903076171875, 23.417036056518555, 22.893476486206055, 20.79950714111328, 21.638288497924805, 23.698320388793945, 19.760692596435547, 25.374975204467773, 22.985897064208984, 25.58809471130371, 22.26876449584961, 24.202478408813477, 22.968111038208008, 23.16857147216797, 21.151168823242188, 21.986682891845703, 21.248876571655273, 20.90506362915039, 21.318603515625, 20.513954162597656, 23.729122161865234, 21.812957763671875, 24.19642448425293, 22.91313934326172, 20.914133071899414, 19.824979782104492, 20.224105834960938, 23.50058364868164, 23.60597801208496, 22.07664680480957, 18.20265769958496, 21.460250854492188, 25.235660552978516, 22.301971435546875, 22.82029914855957, 22.40546226501465, 22.685169219970703, 25.43374252319336, 26.68634033203125, 19.648719787597656, 21.153507232666016, 18.553993225097656, 21.60738754272461, 22.848735809326172, 25.368770599365234, 21.446964263916016, 17.069564819335938, 14.597840309143066, 27.76484489440918, 20.081275939941406, 18.254653930664062, 20.023365020751953, 22.34103775024414, 23.6838321685791, 24.137697219848633, 20.86328887939453, 17.14108657836914, 24.116836547851562, 22.08677101135254, 20.744426727294922, 24.463722229003906, 22.210655212402344, 23.428621292114258, 21.106016159057617, 22.151700973510742, 17.56166648864746, 30.0650577545166, 22.814319610595703, 27.640426635742188, 24.248092651367188, 22.970306396484375, 21.332775115966797, 21.990392684936523, 20.62943458557129, 20.84839630126953, 18.62511444091797, 24.483701705932617, 23.26063346862793, 24.332260131835938, 20.173418045043945, 22.940271377563477, 22.484962463378906, 20.92098617553711, 21.966066360473633, 20.11932373046875, 20.017757415771484, 21.838396072387695, 26.77865982055664, 22.524429321289062, 20.475385665893555, 21.91921043395996, 17.47698211669922, 19.477617263793945, 26.15215301513672, 22.908727645874023, 24.3400936126709, 22.40352439880371, 16.173789978027344, 25.424768447875977, 23.129676818847656, 23.15009117126465, 21.222576141357422, 27.629703521728516, 18.141265869140625, 21.700489044189453, 21.544981002807617, 22.87306785583496, 23.675851821899414, 20.62146759033203, 21.429523468017578, 20.79485321044922, 21.10479736328125, 23.582599639892578, 21.446077346801758, 19.335596084594727, 23.616525650024414, 21.289325714111328, 24.249723434448242, 21.687152862548828, 24.820510864257812, 24.730112075805664, 21.635513305664062, 24.95779037475586, 25.619733810424805, 22.02684783935547, 20.295392990112305, 23.35240936279297, 24.753429412841797, 22.872325897216797, 21.120445251464844, 23.68007469177246, 20.73714828491211, 18.604461669921875, 21.617225646972656, 25.805618286132812, 21.09222412109375, 21.157852172851562, 19.68297576904297, 19.579078674316406, 22.386775970458984, 20.941265106201172, 21.579191207885742, 29.383384704589844, 22.96870231628418, 20.972179412841797, 20.309711456298828, 22.701168060302734, 22.418087005615234, 25.822765350341797, 23.539974212646484, 25.42497444152832, 20.07861328125, 24.834362030029297, 25.525876998901367, 20.939178466796875, 18.067951202392578, 25.398378372192383, 21.971832275390625, 20.08566665649414, 22.850351333618164, 23.0435791015625, 18.224590301513672, 19.024160385131836, 24.267351150512695, 21.859485626220703, 20.319793701171875, 24.576189041137695, 26.516948699951172, 21.17447280883789, 18.908973693847656, 21.738479614257812, 30.74032974243164, 21.955289840698242, 21.06948471069336, 22.8011474609375, 21.433115005493164, 24.82876205444336, 21.050622940063477, 23.896190643310547, 18.799598693847656, 22.841815948486328, 22.207109451293945, 20.093982696533203, 23.83966636657715, 20.121845245361328, 26.008907318115234, 20.88719367980957, 23.344799041748047, 19.599571228027344, 24.990184783935547, 18.596595764160156, 26.168718338012695, 20.195846557617188, 25.401037216186523, 25.09056854248047, 20.254138946533203, 21.909679412841797, 22.90865707397461, 21.319372177124023, 21.807594299316406, 24.68881607055664, 20.741844177246094, 22.397502899169922, 23.490936279296875, 21.86133575439453, 27.751178741455078],