{"checkpoint": "outputs/r19_bgsfon_lr64_s96/model_0030000.pth", "num_scenes": 256, "psnr": 22.772816628217697, "lpips": 0.2628262582584284, "psnr_std_err": 0.1519032914477679, "per_scene_psnr": [19.383094787597656, 21.72039794921875, 21.065967559814453, 19.400266647338867, 25.176937103271484, 23.760013580322266, 23.81122398376465, 25.02885627746582, 20.62442970275879, 21.634103775024414, 25.430126190185547, 21.283348083496094, 23.12116241455078, 21.52853775024414, 22.14092254638672, 22.607786178588867, 20.297447204589844, 24.154375076293945, 23.99955940246582, 21.925832748413086, 20.762136459350586, 23.323596954345703, 23.88514518737793, 25.119035720825195, 25.25653648376465, 23.813913345336914, 23.011905670166016, 18.62908172607422, 25.641944885253906, 23.94892692565918, 25.887563705444336, 21.924808502197266, 21.595073699951172, 22.395366668701172, 24.311939239501953, 18.430097579956055, 20.868839263916016, 22.373876571655273, 25.129661560058594, 20.373544692993164, 23.597694396972656, 19.09005355834961, 21.958011627197266, 22.500150680541992, 21.73696517944336, 21.050918579101562, 22.295677185058594, 21.67936134338379, 21.25370216369629, 21.267803192138672, 24.747468948364258, 23.955299377441406, 23.50367546081543, 21.576675415039062, 22.293956756591797, 24.148080825805664, 20.044429779052734, 25.691822052001953, 23.387332916259766, 26.158369064331055, 22.591964721679688, 24.928491592407227, 23.769685745239258, 23.874954223632812, 21.47939682006836, 22.530258178710938, 21.798707962036133, 21.515520095825195, 21.884441375732422, 21.31803321838379, 24.07062530517578, 22.177392959594727, 25.63890838623047, 23.27597427368164, 21.34792709350586, 20.15542984008789, 20.499963760375977, 24.508804321289062, 23.768117904663086, 22.215015411376953, 18.593975067138672, 22.178565979003906, 25.798913955688477, 22.879505157470703, 23.295394897460938, 22.79233741760254, 23.527812957763672, 26.067527770996094, 26.91398811340332, 20.120880126953125, 21.635286331176758, 18.803369522094727, 21.374916076660156, 23.475801467895508, 26.299251556396484, 22.061880111694336, 17.45627212524414, 14.675174713134766, 28.197601318359375, 21.07436180114746, 18.61113739013672, 20.455820083618164, 22.705669403076172, 24.28744888305664, 25.073192596435547, 21.453161239624023, 16.884960174560547, 24.57825469970703, 23.0123233795166, 21.398799896240234, 25.494287490844727, 22.96219253540039, 24.073589324951172, 21.392099380493164, 22.746536254882812, 17.84189224243164, 30.757720947265625, 23.450027465820312, 28.487319946289062, 25.204870223999023, 23.83875846862793, 21.663522720336914, 22.396865844726562, 21.15872573852539, 21.114261627197266, 19.074684143066406, 24.810209274291992, 23.681833267211914, 24.72870635986328, 20.614856719970703, 23.346813201904297, 23.29950523376465, 21.519493103027344, 22.60830307006836, 20.560884475708008, 20.35252571105957, 22.24846839904785, 27.572757720947266, 22.957500457763672, 21.27663803100586, 22.078269958496094, 17.70008659362793, 20.629352569580078, 26.638967514038086, 23.3997802734375, 25.123981475830078, 22.66761589050293, 16.531536102294922, 25.782413482666016, 23.975353240966797, 23.864948272705078, 21.528425216674805, 28.749771118164062, 18.415271759033203, 22.539047241210938, 21.745269775390625, 23.539716720581055, 24.537975311279297, 20.882394790649414, 21.553022384643555, 21.7039852142334, 21.48676872253418, 24.130956649780273, 21.970245361328125, 19.334714889526367, 24.509904861450195, 21.287668228149414, 24.915945053100586, 22.418880462646484, 25.783203125, 25.034744262695312, 21.94066047668457, 26.03127670288086, 25.736848831176758, 22.47665023803711, 20.974567413330078, 23.83624267578125, 24.953927993774414, 22.924776077270508, 21.985122680664062, 24.09052085876465, 21.314363479614258, 19.57571792602539, 22.30381965637207, 25.82830047607422, 21.501556396484375, 21.808982849121094, 19.846595764160156, 20.15118408203125, 22.88452911376953, 21.253480911254883, 21.86264991760254, 29.868789672851562, 23.621971130371094, 21.32638168334961, 20.804847717285156, 23.20012855529785, 22.902706146240234, 26.46976089477539, 24.59228515625, 26.052209854125977, 20.813987731933594, 25.435848236083984, 25.76512336730957, 21.105453491210938, 18.533714294433594, 25.991012573242188, 22.27569580078125, 20.625171661376953, 23.723814010620117, 23.796112060546875, 18.513626098632812, 20.112548828125, 25.214216232299805, 22.509048461914062, 21.55685806274414, 25.648075103759766, 26.837289810180664, 22.051471710205078, 19.50806427001953, 22.803253173828125, 31.189056396484375, 22.886154174804688, 21.576852798461914, 23.884838104248047, 21.78400993347168, 25.675201416015625, 21.198410034179688, 25.334487915039062, 19.267070770263672, 23.098373413085938, 22.60147476196289, 20.25589942932129, 24.104930877685547, 20.52503776550293, 26.342575073242188, 21.316205978393555, 23.850811004638672, 20.067176818847656, 25.413990020751953, 19.14582633972168, 26.9039363861084, 20.936832427978516, 25.795793533325195, 25.964672088623047, 20.757266998291016, 22.527997970581055, 23.636320114135742, 21.77921485900879, 22.39659309387207, 24.988737106323242, 21.22449493408203, 22.888843536376953, 23.88288688659668, 22.049253463745117, 28.20449447631836],