{"checkpoint": "outputs/r19_bgs_optzone_s95/model_0030000.pth", "num_scenes": 256, "psnr": 22.412311863154173, "lpips": 0.28338694374542683, "psnr_std_err": 0.14873334752852677, "per_scene_psnr": [18.842660903930664, 21.34465980529785, 20.410415649414062, 19.224069595336914, 25.38043975830078, 23.23462677001953, 23.416778564453125, 24.575767517089844, 20.356792449951172, 21.549694061279297, 24.77861785888672, 21.192054748535156, 22.673952102661133, 21.234350204467773, 21.88072967529297, 22.292686462402344, 20.26839828491211, 24.032032012939453, 23.67862319946289, 21.305118560791016, 20.560510635375977, 22.658771514892578, 23.247812271118164, 24.404184341430664, 24.961261749267578, 23.080211639404297, 22.663105010986328, 18.225051879882812, 25.29599952697754, 23.686126708984375, 25.50707244873047, 22.050647735595703, 20.961769104003906, 21.950578689575195, 23.371540069580078, 17.96826934814453, 20.321252822875977, 22.09799575805664, 24.867725372314453, 20.365036010742188, 23.262508392333984, 18.6063175201416, 21.559471130371094, 22.15581512451172, 21.516029357910156, 20.535810470581055, 21.936037063598633, 21.351924896240234, 21.033784866333008, 20.946855545043945, 23.82329750061035, 23.658950805664062, 23.13144874572754, 21.273630142211914, 21.705020904541016, 24.11086654663086, 19.867595672607422, 25.40805435180664, 23.082944869995117, 25.788801193237305, 22.316444396972656, 24.821596145629883, 23.254087448120117, 23.364215850830078, 21.23076629638672, 22.437225341796875, 21.415298461914062, 21.147462844848633, 21.66663360595703, 20.792530059814453, 23.954586029052734, 21.969192504882812, 24.237934112548828, 22.93451690673828, 21.007465362548828, 19.826171875, 20.280376434326172, 23.80626678466797, 23.58802032470703, 22.095842361450195, 18.28164291381836, 21.87821388244629, 25.298585891723633, 22.49965476989746, 22.931716918945312, 22.509368896484375, 23.020341873168945, 25.786766052246094, 26.791080474853516, 20.03744125366211, 21.08463478088379, 18.726696014404297, 21.7047119140625, 23.00825309753418, 25.563037872314453, 21.81168556213379, 17.13555908203125, 14.746960639953613, 28.069316864013672, 20.44460105895996, 18.359535217285156, 20.08064079284668, 22.417236328125, 23.836254119873047, 24.689311981201172, 21.08396339416504, 16.991535186767578, 24.160707473754883, 22.343334197998047, 20.89434814453125, 24.697147369384766, 22.637300491333008, 23.695751190185547, 21.433868408203125, 22.29477310180664, 17.634674072265625, 30.170881271362305, 23.008285522460938, 27.880413055419922, 24.34073257446289, 23.424633026123047, 21.126272201538086, 21.824703216552734, 20.87765121459961, 21.083066940307617, 18.684913635253906, 24.538204193115234, 23.576719284057617, 24.788625717163086, 20.407438278198242, 23.144216537475586, 22.808143615722656, 20.562618255615234, 22.210525512695312, 20.524885177612305, 20.23597526550293, 21.778453826904297, 26.839258193969727, 22.594196319580078, 20.762969970703125, 21.896039962768555, 17.590980529785156, 19.66525650024414, 26.364627838134766, 23.144641876220703, 24.861297607421875, 22.44292449951172, 16.335186004638672, 25.356170654296875, 23.607986450195312, 23.309337615966797, 21.326980590820312, 28.230968475341797, 18.389537811279297, 22.073806762695312, 21.521806716918945, 23.05907440185547, 23.993494033813477, 20.879196166992188, 21.446245193481445, 21.22318458557129, 21.10468864440918, 23.842697143554688, 21.579160690307617, 19.255741119384766, 23.855098724365234, 21.286712646484375, 24.391233444213867, 22.0325870513916, 25.221805572509766, 24.693607330322266, 21.866405487060547, 25.151813507080078, 25.819400787353516, 22.02350616455078, 20.156219482421875, 23.566511154174805, 24.77285385131836, 23.045089721679688, 21.34693145751953, 23.705551147460938, 21.46114158630371, 19.15005111694336, 21.978248596191406, 25.887794494628906, 21.365642547607422, 21.43314552307129, 19.872142791748047, 19.8624324798584, 22.626150131225586, 21.01858901977539, 21.670961380004883, 29.499610900878906, 23.095434188842773, 21.111515045166016, 19.878543853759766, 22.785242080688477, 22.51645278930664, 25.940706253051758, 23.752910614013672, 25.50714874267578, 20.251188278198242, 25.145374298095703, 25.720661163330078, 20.751739501953125, 18.347015380859375, 25.75334930419922, 22.257099151611328, 20.2585391998291, 23.301774978637695, 23.301774978637695, 18.603727340698242, 18.909446716308594, 24.57029151916504, 22.039108276367188, 20.68061637878418, 24.977428436279297, 26.530229568481445, 21.650413513183594, 19.21624183654785, 21.700828552246094, 30.54446792602539, 22.687971115112305, 21.27915382385254, 23.06692886352539, 21.420114517211914, 25.467994689941406, 21.150686264038086, 24.4288330078125, 18.800189971923828, 22.964563369750977, 22.332277297973633, 20.055179595947266, 24.0750675201416, 20.17215347290039, 26.10346031188965, 21.072818756103516, 23.428728103637695, 19.5048828125, 24.977676391601562, 18.81020736694336, 26.482698440551758, 20.54612159729004, 25.54271697998047, 25.526063919067383, 20.19329833984375, 22.15721893310547, 23.18120765686035, 21.457374572753906, 22.005159378051758, 24.76994514465332, 21.027738571166992, 22.78295135498047, 23.576019287109375, 22.080734252929688, 27.468538284301758],