{"checkpoint": "outputs/r22_d512_naive_s95/model_0030000.pth", "num_scenes": 256, "psnr": 23.78353764861822, "lpips": 0.21779908356256783, "psnr_std_err": 0.1680184744853142, "per_scene_psnr": [20.808116912841797, 22.644594192504883, 23.06041717529297, 19.893552780151367, 26.272241592407227, 24.7940673828125, 25.385000228881836, 26.181222915649414, 21.114980697631836, 22.744766235351562, 27.01471710205078, 21.772363662719727, 23.982158660888672, 22.843971252441406, 23.06134796142578, 23.62331771850586, 21.776958465576172, 25.660072326660156, 24.862159729003906, 22.077152252197266, 22.241849899291992, 25.298776626586914, 24.286746978759766, 26.46519660949707, 27.8143310546875, 24.79712677001953, 23.657150268554688, 18.969270706176758, 26.483901977539062, 25.082645416259766, 27.07390594482422, 22.423601150512695, 21.976566314697266, 22.34322738647461, 24.954425811767578, 18.81024932861328, 21.21392250061035, 24.27492904663086, 26.261465072631836, 21.285694122314453, 24.731760025024414, 19.800554275512695, 22.90359878540039, 22.955318450927734, 22.355146408081055, 21.31822395324707, 22.752925872802734, 22.330337524414062, 22.45161247253418, 22.261470794677734, 25.61090087890625, 25.312984466552734, 26.104598999023438, 22.321205139160156, 24.886045455932617, 24.88304901123047, 21.38317108154297, 26.85578155517578, 25.070913314819336, 27.448352813720703, 23.260709762573242, 26.266357421875, 24.619924545288086, 26.648576736450195, 22.771711349487305, 23.223379135131836, 24.077529907226562, 22.291751861572266, 22.669124603271484, 22.483970642089844, 24.798763275146484, 23.373842239379883, 25.505813598632812, 25.614578247070312, 22.15694808959961, 21.16349983215332, 21.285919189453125, 25.280359268188477, 24.894044876098633, 23.089332580566406, 19.315570831298828, 23.500816345214844, 26.784591674804688, 24.846113204956055, 25.372095108032227, 23.433635711669922, 25.894142150878906, 26.98541259765625, 28.184412002563477, 20.697538375854492, 22.1408634185791, 19.08929443359375, 21.901233673095703, 24.713478088378906, 27.519229888916016, 22.863525390625, 18.590843200683594, 14.700899124145508, 29.22905921936035, 22.207565307617188, 19.560733795166016, 21.32208251953125, 22.62711524963379, 26.05831527709961, 25.468446731567383, 22.305810928344727, 16.863168716430664, 25.739524841308594, 24.679431915283203, 22.981369018554688, 26.160076141357422, 23.918052673339844, 25.081764221191406, 22.571151733398438, 23.804279327392578, 19.234655380249023, 32.671138763427734, 24.747303009033203, 29.243492126464844, 27.465232849121094, 24.353456497192383, 21.312114715576172, 22.945770263671875, 21.106531143188477, 21.59334373474121, 19.48897933959961, 25.60645294189453, 24.242639541625977, 25.337533950805664, 21.824731826782227, 24.128578186035156, 24.45318603515625, 21.798519134521484, 23.523662567138672, 21.861391067504883, 20.61939239501953, 23.181026458740234, 29.825794219970703, 24.170639038085938, 22.20722007751465, 22.389453887939453, 18.29490852355957, 21.26061248779297, 27.719100952148438, 24.139890670776367, 25.698633193969727, 23.488920211791992, 17.762454986572266, 26.758708953857422, 24.384862899780273, 24.9146671295166, 22.366445541381836, 30.62500762939453, 18.60906410217285, 23.350788116455078, 22.7003116607666, 24.862871170043945, 25.074350357055664, 21.240245819091797, 23.48443603515625, 22.790987014770508, 22.21462631225586, 26.658557891845703, 22.7541561126709, 20.423376083374023, 25.341463088989258, 22.346481323242188, 26.182865142822266, 24.709487915039062, 26.20486068725586, 26.589563369750977, 22.037796020507812, 25.87132453918457, 26.49693489074707, 23.422008514404297, 21.707416534423828, 25.252479553222656, 26.09664535522461, 23.607980728149414, 22.713939666748047, 24.702823638916016, 21.821060180664062, 19.97938346862793, 24.172271728515625, 26.78925323486328, 22.031400680541992, 22.835256576538086, 20.502845764160156, 20.480234146118164, 24.435596466064453, 21.92196273803711, 22.345991134643555, 31.8625431060791, 24.895111083984375, 22.304365158081055, 22.376800537109375, 23.903995513916016, 23.651273727416992, 28.968387603759766, 25.777053833007812, 28.486919403076172, 21.8234806060791, 26.456111907958984, 27.140316009521484, 21.73943328857422, 19.3311767578125, 26.869829177856445, 23.06161117553711, 21.385921478271484, 24.161773681640625, 25.537965774536133, 19.101078033447266, 19.91707992553711, 25.844079971313477, 24.36153793334961, 22.589672088623047, 26.600013732910156, 27.893789291381836, 22.665451049804688, 20.344623565673828, 23.14112663269043, 32.68867492675781, 23.58715057373047, 22.5593204498291, 24.96847915649414, 22.533815383911133, 27.383852005004883, 22.041561126708984, 27.490081787109375, 20.143815994262695, 23.842193603515625, 23.187789916992188, 20.772045135498047, 24.6602725982666, 21.89963150024414, 28.058639526367188, 23.749610900878906, 26.123228073120117, 21.15652084350586, 26.189781188964844, 19.704988479614258, 28.98370361328125, 21.91826820373535, 26.185604095458984, 27.337312698364258, 21.1552734375, 23.271785736083984, 24.78318214416504, 22.954917907714844, 23.33999252319336, 25.189496994018555, 22.191486358642578, 23.558940887451172, 25.668447494506836, 22.943645477294922, 31.046161651611328],