{"checkpoint": "outputs/r12_loop_l2x4_boost_gates_sup_s95/model_0030000.pth", "num_scenes": 256, "psnr": 22.3641568236053, "lpips": 0.28709681978216395, "psnr_std_err": 0.14989452090114677, "per_scene_psnr": [18.978145599365234, 21.093822479248047, 20.57461166381836, 19.0255184173584, 25.32392692565918, 23.36246109008789, 23.446704864501953, 24.695178985595703, 20.449142456054688, 21.48287582397461, 24.792335510253906, 20.883895874023438, 22.68536376953125, 21.015871047973633, 22.04351234436035, 22.314632415771484, 20.231464385986328, 24.054174423217773, 23.661823272705078, 21.157655715942383, 20.658031463623047, 22.767040252685547, 23.21044921875, 24.319055557250977, 25.141189575195312, 22.909143447875977, 22.582046508789062, 18.035810470581055, 25.353923797607422, 23.77605438232422, 25.435070037841797, 21.81598472595215, 20.89454460144043, 21.521892547607422, 23.200706481933594, 18.135709762573242, 20.303163528442383, 22.166236877441406, 24.93099021911621, 20.25254249572754, 23.181217193603516, 18.631580352783203, 21.370365142822266, 22.04416275024414, 20.99066162109375, 20.604955673217773, 21.733898162841797, 21.246870040893555, 20.997207641601562, 21.009780883789062, 23.561887741088867, 23.471261978149414, 22.969707489013672, 20.760608673095703, 21.718547821044922, 24.101219177246094, 19.921632766723633, 25.43535614013672, 23.06430435180664, 25.98578453063965, 22.39405059814453, 24.942787170410156, 23.127552032470703, 23.36241912841797, 21.33002281188965, 22.316085815429688, 21.406455993652344, 20.96707534790039, 21.436155319213867, 20.627906799316406, 23.772544860839844, 21.961833953857422, 23.96265983581543, 23.1107177734375, 21.091032028198242, 19.896860122680664, 20.245141983032227, 23.595600128173828, 23.539915084838867, 22.125368118286133, 18.291141510009766, 22.081497192382812, 25.1462459564209, 22.58072280883789, 22.822101593017578, 22.39496421813965, 23.122291564941406, 25.604225158691406, 26.780643463134766, 20.03902244567871, 21.108280181884766, 18.780019760131836, 21.413333892822266, 23.07785415649414, 25.701839447021484, 21.152841567993164, 17.08519172668457, 14.684847831726074, 27.966468811035156, 20.281150817871094, 18.316476821899414, 19.947647094726562, 22.41913604736328, 23.883054733276367, 24.441652297973633, 20.964786529541016, 16.9518985748291, 24.08283042907715, 22.562599182128906, 21.066200256347656, 24.984371185302734, 22.487333297729492, 23.489341735839844, 21.525287628173828, 22.291259765625, 17.74452018737793, 30.38165283203125, 23.00380516052246, 27.707080841064453, 24.809829711914062, 23.170042037963867, 20.91773223876953, 21.671598434448242, 20.45816421508789, 20.870540618896484, 18.573801040649414, 24.60002899169922, 23.389453887939453, 24.62166976928711, 20.430206298828125, 22.83930206298828, 22.566204071044922, 20.45431900024414, 22.148326873779297, 20.485755920410156, 20.20746421813965, 21.76288604736328, 27.001569747924805, 22.50411033630371, 20.60051727294922, 21.85302734375, 17.71022605895996, 19.678180694580078, 26.290401458740234, 22.967620849609375, 24.965665817260742, 22.573902130126953, 16.027870178222656, 25.37789535522461, 23.320608139038086, 23.486125946044922, 21.183645248413086, 28.335418701171875, 18.213808059692383, 22.077239990234375, 21.62553596496582, 22.951213836669922, 23.951990127563477, 20.76923370361328, 21.53343963623047, 21.05080795288086, 21.198328018188477, 23.841703414916992, 21.68684959411621, 19.221317291259766, 23.874263763427734, 21.27381134033203, 24.486743927001953, 21.863765716552734, 25.015384674072266, 24.614946365356445, 21.73562240600586, 24.99227523803711, 25.753498077392578, 22.15080451965332, 19.89712905883789, 23.33797836303711, 24.903423309326172, 22.776517868041992, 21.159360885620117, 23.672683715820312, 21.396305084228516, 19.065542221069336, 21.72277069091797, 25.741283416748047, 21.410045623779297, 21.365938186645508, 19.743860244750977, 19.757564544677734, 22.575214385986328, 21.024017333984375, 21.403867721557617, 29.299884796142578, 23.121307373046875, 20.99795150756836, 20.075435638427734, 22.801132202148438, 22.328685760498047, 26.118751525878906, 23.919788360595703, 25.646467208862305, 20.20658302307129, 24.949417114257812, 25.664541244506836, 20.751739501953125, 18.309171676635742, 25.62247085571289, 22.146373748779297, 20.249855041503906, 23.21847915649414, 23.31937026977539, 18.35955047607422, 18.834718704223633, 24.61962127685547, 22.142406463623047, 20.62643814086914, 25.153390884399414, 26.634071350097656, 21.903879165649414, 19.14095115661621, 21.499553680419922, 30.66196060180664, 22.570735931396484, 21.228839874267578, 22.967113494873047, 21.59869384765625, 25.328994750976562, 21.1489315032959, 24.307329177856445, 18.745941162109375, 22.9249267578125, 22.371807098388672, 20.079326629638672, 24.024335861206055, 20.363964080810547, 26.15595245361328, 21.15260887145996, 23.499847412109375, 19.7941951751709, 24.96424102783203, 18.482662200927734, 26.323810577392578, 20.5496826171875, 25.12838363647461, 25.03595542907715, 20.067041397094727, 21.94451332092285, 23.070676803588867, 21.364330291748047, 22.112733840942383, 24.750812530517578, 20.849090576171875, 22.82597541809082, 23.59151840209961, 21.968896865844727, 27.854616165161133],