{"checkpoint": "outputs/r2_loop_l2x4_carry_delta_s95/model_0030000.pth", "num_scenes": 256, "psnr": 21.98392080515623, "lpips": 0.29553199984366074, "psnr_std_err": 0.14805065881692644, "per_scene_psnr": [18.481698989868164, 20.702720642089844, 20.207786560058594, 18.448394775390625, 23.558624267578125, 23.052947998046875, 22.851985931396484, 24.347888946533203, 20.09016227722168, 20.880695343017578, 24.322622299194336, 20.530654907226562, 22.355655670166016, 20.711910247802734, 21.69658851623535, 21.9625244140625, 20.127296447753906, 23.528789520263672, 23.29545021057129, 21.169422149658203, 19.62049674987793, 22.426959991455078, 22.74026107788086, 23.94554901123047, 24.60376739501953, 22.437484741210938, 22.063575744628906, 17.834718704223633, 25.02863121032715, 23.348886489868164, 24.922666549682617, 21.449663162231445, 20.799562454223633, 21.53592872619629, 22.759918212890625, 17.97166633605957, 20.060155868530273, 21.936433792114258, 24.286527633666992, 19.4210147857666, 22.82715606689453, 18.159746170043945, 20.67058563232422, 21.835309982299805, 20.74793243408203, 20.577363967895508, 21.484651565551758, 20.998416900634766, 20.629804611206055, 20.76913070678711, 22.938764572143555, 23.279056549072266, 22.787792205810547, 20.5003719329834, 21.419389724731445, 23.478099822998047, 19.60333824157715, 25.165016174316406, 22.656782150268555, 25.189659118652344, 22.191303253173828, 23.27275848388672, 22.398021697998047, 23.093135833740234, 21.060104370117188, 21.551151275634766, 21.20669937133789, 20.674867630004883, 21.181983947753906, 20.023040771484375, 23.651134490966797, 21.68536949157715, 23.86577796936035, 22.901779174804688, 20.678848266601562, 19.559314727783203, 19.971872329711914, 23.325557708740234, 23.1533260345459, 22.042924880981445, 17.96303939819336, 20.907184600830078, 24.886606216430664, 22.059106826782227, 22.68864631652832, 21.9998836517334, 22.540584564208984, 25.228471755981445, 26.642648696899414, 19.429731369018555, 20.929716110229492, 18.433673858642578, 21.376705169677734, 22.606231689453125, 24.535385131835938, 20.62741470336914, 16.912874221801758, 14.26327896118164, 27.38878631591797, 19.56191635131836, 18.00570297241211, 19.477502822875977, 22.145612716674805, 23.435476303100586, 23.99156379699707, 20.7253475189209, 17.022415161132812, 23.7545166015625, 21.88105010986328, 20.590042114257812, 24.307973861694336, 21.700098037719727, 23.215591430664062, 20.535091400146484, 21.961183547973633, 17.550432205200195, 29.790756225585938, 22.55105972290039, 27.243375778198242, 23.95720672607422, 22.577411651611328, 21.094444274902344, 21.259925842285156, 20.42418670654297, 20.791675567626953, 18.315006256103516, 24.351816177368164, 23.069055557250977, 24.280250549316406, 19.93036460876465, 22.73410415649414, 22.291717529296875, 19.359153747558594, 21.52694320678711, 19.939786911010742, 19.911121368408203, 21.48302459716797, 26.3416690826416, 22.37851905822754, 20.204553604125977, 21.738574981689453, 17.346187591552734, 19.888288497924805, 26.05221939086914, 22.691654205322266, 24.160202026367188, 22.398517608642578, 15.563474655151367, 25.051116943359375, 22.916574478149414, 22.8908634185791, 21.173599243164062, 27.627655029296875, 17.664506912231445, 21.883991241455078, 21.368892669677734, 22.548519134521484, 23.543315887451172, 20.308523178100586, 21.26024055480957, 20.337106704711914, 20.94254493713379, 23.49190902709961, 21.132518768310547, 19.101089477539062, 23.323518753051758, 21.121192932128906, 24.097305297851562, 21.62166976928711, 24.857410430908203, 24.483623504638672, 21.65951919555664, 25.197994232177734, 25.367509841918945, 21.695331573486328, 19.91604995727539, 23.043285369873047, 24.663795471191406, 22.725933074951172, 20.853425979614258, 23.414794921875, 20.367422103881836, 18.324920654296875, 21.240474700927734, 25.567138671875, 21.199934005737305, 20.82452392578125, 19.54735565185547, 19.567821502685547, 22.27530288696289, 20.929889678955078, 21.384431838989258, 29.16817855834961, 22.711706161499023, 20.666419982910156, 19.948999404907227, 22.009090423583984, 22.09345817565918, 25.670148849487305, 23.373563766479492, 25.177228927612305, 19.778636932373047, 24.749465942382812, 25.429346084594727, 20.63896369934082, 17.85092544555664, 25.360057830810547, 21.957778930664062, 19.690622329711914, 22.6981201171875, 22.923242568969727, 17.752939224243164, 18.749420166015625, 23.861286163330078, 21.680681228637695, 20.333763122558594, 24.450674057006836, 26.25263214111328, 21.151653289794922, 18.747915267944336, 21.483524322509766, 30.559677124023438, 21.973491668701172, 20.926437377929688, 22.539257049560547, 21.29316520690918, 24.266372680664062, 21.038341522216797, 23.849334716796875, 18.519811630249023, 22.540634155273438, 22.035171508789062, 19.899951934814453, 23.609100341796875, 20.132919311523438, 25.782669067382812, 20.880905151367188, 23.27256202697754, 19.36864471435547, 24.591373443603516, 18.33831787109375, 25.804649353027344, 19.916208267211914, 25.070842742919922, 24.7867374420166, 19.997447967529297, 21.770994186401367, 22.410905838012695, 21.236860275268555, 21.765445709228516, 24.66980743408203, 20.338733673095703, 21.400671005249023, 23.43010711669922, 21.779813766479492, 27.558612823486328],