{"checkpoint": "outputs/r19_bgsfon_lr16_s95/model_0030000.pth", "num_scenes": 256, "psnr": 22.723706148564816, "lpips": 0.2701983909937553, "psnr_std_err": 0.15137589890972894, "per_scene_psnr": [19.37621307373047, 21.796096801757812, 20.80992889404297, 19.51504898071289, 25.679122924804688, 23.8250732421875, 23.885074615478516, 24.981719970703125, 20.538911819458008, 21.894962310791016, 25.362207412719727, 21.309486389160156, 22.996917724609375, 21.4974308013916, 22.235280990600586, 22.524091720581055, 20.250755310058594, 24.57415771484375, 23.893783569335938, 21.391084671020508, 21.072397232055664, 23.039161682128906, 23.76551628112793, 24.775144577026367, 25.263320922851562, 23.817903518676758, 22.757484436035156, 18.541067123413086, 25.49222183227539, 23.972332000732422, 25.999624252319336, 22.05646514892578, 21.31831169128418, 22.35840606689453, 23.956491470336914, 18.355329513549805, 20.808704376220703, 22.34002113342285, 25.01774024963379, 20.538406372070312, 23.46379280090332, 18.874359130859375, 21.91495704650879, 22.317516326904297, 21.6474552154541, 20.935272216796875, 22.002696990966797, 21.715309143066406, 21.27556800842285, 21.243200302124023, 24.384571075439453, 23.995676040649414, 23.420787811279297, 21.361963272094727, 22.13327407836914, 24.404848098754883, 19.96233367919922, 25.77556800842285, 23.3749942779541, 26.235416412353516, 22.51397705078125, 24.80685806274414, 23.60111427307129, 23.73519515991211, 21.558486938476562, 22.57796287536621, 21.68363380432129, 21.53067398071289, 21.985164642333984, 21.223541259765625, 24.03704071044922, 22.265893936157227, 24.273910522460938, 23.327777862548828, 21.268043518066406, 20.11797332763672, 20.636932373046875, 24.26618194580078, 23.815898895263672, 22.355749130249023, 18.611303329467773, 22.30077362060547, 25.78555679321289, 22.916601181030273, 23.32064437866211, 22.718868255615234, 23.543895721435547, 26.114351272583008, 27.068134307861328, 20.14630126953125, 21.33842658996582, 18.935638427734375, 21.585046768188477, 23.398303985595703, 26.19169044494629, 22.042945861816406, 17.481931686401367, 14.69696044921875, 28.435569763183594, 20.773906707763672, 18.547122955322266, 20.364418029785156, 22.731657028198242, 24.161727905273438, 24.874670028686523, 21.431825637817383, 16.983829498291016, 24.46628761291504, 23.013858795166016, 21.39733123779297, 25.362773895263672, 23.127609252929688, 24.095258712768555, 21.660533905029297, 22.6689510345459, 17.835359573364258, 30.763559341430664, 23.225910186767578, 28.075883865356445, 25.202274322509766, 23.72002601623535, 20.99109649658203, 22.229421615600586, 20.87396812438965, 21.211654663085938, 18.96296501159668, 24.85358428955078, 23.87895393371582, 25.095157623291016, 20.75678253173828, 23.204177856445312, 23.07965850830078, 20.861392974853516, 22.421770095825195, 20.555416107177734, 20.360305786132812, 22.199859619140625, 27.383983612060547, 22.846071243286133, 21.074321746826172, 22.136531829833984, 17.708833694458008, 20.22018814086914, 26.64983558654785, 23.341856002807617, 25.120922088623047, 22.8071231842041, 16.833873748779297, 25.610328674316406, 23.96906852722168, 23.80000877380371, 21.543514251708984, 28.89775276184082, 18.570293426513672, 22.12340545654297, 21.706392288208008, 23.30954360961914, 24.527101516723633, 21.16802978515625, 21.789186477661133, 21.747037887573242, 21.396181106567383, 24.04690170288086, 21.87809944152832, 19.417789459228516, 24.476219177246094, 21.3504695892334, 24.859100341796875, 22.27031898498535, 25.568620681762695, 25.065807342529297, 21.86122703552246, 25.652225494384766, 25.866519927978516, 22.494211196899414, 21.0568790435791, 23.874736785888672, 24.989595413208008, 22.882762908935547, 21.85732650756836, 24.084672927856445, 21.55108642578125, 19.32013702392578, 22.296566009521484, 25.969329833984375, 21.518718719482422, 21.74620819091797, 19.92414665222168, 20.10257339477539, 22.89647674560547, 21.223848342895508, 21.764619827270508, 29.733966827392578, 23.544748306274414, 21.300561904907227, 20.639324188232422, 22.880456924438477, 22.707340240478516, 26.542837142944336, 24.314838409423828, 25.99532127380371, 20.696935653686523, 25.473508834838867, 25.875749588012695, 21.05314064025879, 18.605907440185547, 26.016460418701172, 22.321624755859375, 20.70708465576172, 23.491151809692383, 23.673118591308594, 18.6474666595459, 19.437198638916016, 25.036705017089844, 22.492578506469727, 21.03980827331543, 25.3414363861084, 26.987382888793945, 22.18410301208496, 19.523033142089844, 22.37950325012207, 31.189128875732422, 22.8916072845459, 21.53023910522461, 23.55959129333496, 21.90485191345215, 25.808807373046875, 21.34324073791504, 24.906089782714844, 19.141307830810547, 23.171894073486328, 22.542417526245117, 20.37921142578125, 24.145771026611328, 20.46924591064453, 26.317707061767578, 21.430234909057617, 23.758743286132812, 20.087657928466797, 25.42006492614746, 18.888986587524414, 26.91860580444336, 21.003618240356445, 25.673484802246094, 25.71539306640625, 20.540714263916016, 22.449663162231445, 23.771949768066406, 21.66009521484375, 22.376178741455078, 24.902645111083984, 21.23052978515625, 23.128549575805664, 23.736841201782227, 22.182424545288086, 28.04055404663086],