{"checkpoint": "outputs/r16_loop_ep2gs_kd6_s96/model_0030000.pth", "num_scenes": 256, "psnr": 22.45647956058383, "lpips": 0.2798227682360448, "psnr_std_err": 0.14889125464414404, "per_scene_psnr": [18.99739646911621, 21.0098876953125, 20.77570343017578, 19.157255172729492, 24.761329650878906, 23.503559112548828, 23.45345687866211, 24.752519607543945, 20.52311897277832, 21.35215950012207, 24.928234100341797, 21.008214950561523, 22.775074005126953, 21.23389434814453, 21.948535919189453, 22.42462921142578, 20.46858787536621, 23.90162467956543, 23.80018424987793, 21.624238967895508, 20.355987548828125, 22.851818084716797, 23.31108283996582, 24.296903610229492, 25.164466857910156, 22.964170455932617, 22.508556365966797, 18.272329330444336, 25.534515380859375, 23.881549835205078, 25.481735229492188, 21.83454132080078, 20.93810272216797, 22.005720138549805, 23.30694580078125, 18.334592819213867, 20.409835815429688, 22.5145320892334, 24.92481231689453, 19.987699508666992, 23.23566436767578, 18.516984939575195, 21.383142471313477, 22.10810089111328, 21.0401554107666, 20.88963508605957, 22.016279220581055, 21.383392333984375, 21.152009963989258, 21.18445587158203, 23.671300888061523, 23.66246795654297, 23.253032684326172, 20.780654907226562, 21.977859497070312, 23.95138168334961, 20.057600021362305, 25.704252243041992, 23.152442932128906, 25.641935348510742, 22.468692779541016, 24.424894332885742, 23.16086196899414, 23.70138168334961, 21.53183937072754, 22.20167350769043, 21.603498458862305, 21.293298721313477, 21.573278427124023, 20.928741455078125, 24.029436111450195, 22.192018508911133, 24.415428161621094, 23.41950225830078, 21.153823852539062, 20.193214416503906, 20.44673728942871, 23.927127838134766, 23.688671112060547, 22.238540649414062, 18.328454971313477, 21.64780044555664, 25.27972412109375, 22.609737396240234, 23.260692596435547, 22.41162872314453, 23.147289276123047, 25.585208892822266, 26.988574981689453, 19.863811492919922, 21.403526306152344, 18.847633361816406, 21.83313751220703, 23.096162796020508, 25.72854232788086, 21.349353790283203, 17.457595825195312, 14.764485359191895, 28.013837814331055, 20.434295654296875, 18.54836654663086, 20.06138801574707, 22.349443435668945, 23.728578567504883, 24.53819465637207, 21.11464500427246, 17.476146697998047, 24.223552703857422, 22.520076751708984, 21.026325225830078, 24.58053970336914, 22.31310272216797, 23.59200668334961, 21.241378784179688, 22.395933151245117, 17.92620086669922, 30.282390594482422, 23.075315475463867, 27.776958465576172, 24.72764015197754, 23.063161849975586, 21.232498168945312, 21.8614559173584, 20.744218826293945, 20.86845588684082, 18.534677505493164, 24.765825271606445, 23.503280639648438, 24.645051956176758, 20.433618545532227, 23.170907974243164, 22.989376068115234, 20.06099510192871, 22.148387908935547, 20.45142936706543, 20.132938385009766, 21.987211227416992, 27.183263778686523, 22.87290382385254, 20.786415100097656, 21.96478271484375, 17.66273307800293, 20.43966293334961, 26.531288146972656, 23.42255401611328, 24.62958526611328, 22.748994827270508, 16.276870727539062, 25.560590744018555, 23.4075927734375, 23.34174156188965, 21.49693489074707, 28.13266372680664, 18.090328216552734, 22.078506469726562, 21.67762565612793, 23.007205963134766, 24.067340850830078, 20.551671981811523, 21.820192337036133, 21.095190048217773, 21.19830322265625, 24.02523422241211, 21.654953002929688, 19.484758377075195, 23.809926986694336, 21.45244598388672, 24.37600326538086, 22.0981388092041, 25.108348846435547, 24.849010467529297, 21.758804321289062, 25.186264038085938, 25.700885772705078, 22.062910079956055, 20.315351486206055, 23.592397689819336, 25.027482986450195, 23.158405303955078, 21.456817626953125, 23.650936126708984, 20.95012664794922, 19.12482261657715, 21.98951530456543, 25.94215202331543, 21.476316452026367, 21.441194534301758, 19.91482925415039, 20.025466918945312, 22.686195373535156, 21.19890594482422, 21.420591354370117, 29.58296012878418, 23.1070613861084, 21.175336837768555, 20.122211456298828, 22.802562713623047, 22.469219207763672, 26.378997802734375, 24.00625991821289, 25.701820373535156, 20.407512664794922, 24.99091911315918, 25.650760650634766, 20.7789249420166, 18.29640769958496, 25.6956787109375, 22.245105743408203, 20.236114501953125, 23.233373641967773, 23.38176918029785, 18.364036560058594, 19.087993621826172, 24.483104705810547, 22.35363006591797, 20.939456939697266, 25.18328094482422, 26.496431350708008, 21.43082618713379, 19.148841857910156, 21.90172004699707, 30.810871124267578, 22.392465591430664, 21.282726287841797, 22.889892578125, 21.59040641784668, 25.241275787353516, 21.25920867919922, 24.680383682250977, 18.94170379638672, 23.03380584716797, 22.4036808013916, 20.145864486694336, 24.0095157623291, 20.5213623046875, 26.438278198242188, 21.45697784423828, 23.83650016784668, 19.673315048217773, 25.0864200592041, 18.815353393554688, 26.551509857177734, 20.351177215576172, 25.370180130004883, 25.46055793762207, 20.232769012451172, 22.22629737854004, 23.153417587280273, 21.540271759033203, 22.037752151489258, 24.759645462036133, 20.874671936035156, 22.409963607788086, 23.92657470703125, 21.98174476623535, 28.05769157409668],