{"checkpoint": "outputs/r19_bgsfon_lr128_s97/model_0030000.pth", "num_scenes": 256, "psnr": 23.113103784620762, "lpips": 0.25487939990125597, "psnr_std_err": 0.15356332206165899, "per_scene_psnr": [19.585769653320312, 22.1175537109375, 21.484899520874023, 19.644664764404297, 26.034603118896484, 24.10068702697754, 24.154644012451172, 25.25930404663086, 20.873586654663086, 22.077253341674805, 25.81203842163086, 21.59480094909668, 23.38301658630371, 21.956567764282227, 22.231361389160156, 22.922779083251953, 20.637393951416016, 24.915857315063477, 24.221294403076172, 21.655656814575195, 21.322317123413086, 23.488819122314453, 24.061725616455078, 25.057069778442383, 25.705352783203125, 23.90317153930664, 23.351524353027344, 18.886655807495117, 25.81639862060547, 24.222980499267578, 26.381528854370117, 22.544815063476562, 21.707895278930664, 22.405101776123047, 24.610097885131836, 18.44923210144043, 21.0289363861084, 22.665002822875977, 25.638408660888672, 21.293987274169922, 24.065956115722656, 19.304006576538086, 22.361852645874023, 22.63484001159668, 22.196571350097656, 20.97631072998047, 22.409860610961914, 22.188547134399414, 21.62401580810547, 21.385404586791992, 25.0157527923584, 24.313404083251953, 24.046863555908203, 22.280078887939453, 22.79257583618164, 24.39190673828125, 20.15161895751953, 26.066532135009766, 23.986310958862305, 26.56936264038086, 22.746828079223633, 25.4791259765625, 24.209457397460938, 24.303009033203125, 21.469018936157227, 22.712635040283203, 22.03375816345215, 21.723173141479492, 21.939075469970703, 21.667606353759766, 24.576091766357422, 22.50811767578125, 25.821216583251953, 23.665334701538086, 21.39510726928711, 20.307798385620117, 20.92599868774414, 24.74414825439453, 24.351089477539062, 22.50414276123047, 18.822616577148438, 22.95718765258789, 26.167428970336914, 23.204038619995117, 23.747026443481445, 23.264734268188477, 23.73895835876465, 26.4742488861084, 27.25225830078125, 20.276084899902344, 21.901897430419922, 18.97372817993164, 22.036277770996094, 23.601484298706055, 26.571876525878906, 23.003416061401367, 17.976848602294922, 14.834150314331055, 28.984786987304688, 21.488840103149414, 18.731401443481445, 20.848175048828125, 22.908832550048828, 24.777250289916992, 25.190166473388672, 21.65001678466797, 16.81978416442871, 24.902067184448242, 23.177583694458008, 21.772706985473633, 25.68368148803711, 23.590051651000977, 24.41584587097168, 22.280466079711914, 22.99565315246582, 17.842281341552734, 31.195480346679688, 23.737995147705078, 28.60283851623535, 25.335485458374023, 24.61672592163086, 21.69530487060547, 22.96198272705078, 21.15172576904297, 21.67560577392578, 19.376651763916016, 24.99941635131836, 23.996868133544922, 25.015859603881836, 20.96503448486328, 23.882762908935547, 23.559438705444336, 22.23321533203125, 22.90699005126953, 21.05903434753418, 20.487651824951172, 22.54227066040039, 28.23332977294922, 23.62527847290039, 21.530357360839844, 22.4709529876709, 17.97237205505371, 20.932065963745117, 27.058095932006836, 23.441913604736328, 25.41011619567871, 22.831762313842773, 18.587478637695312, 26.141429901123047, 24.26791763305664, 24.172544479370117, 21.883718490600586, 29.30547523498535, 18.294696807861328, 22.5295467376709, 22.127178192138672, 24.045433044433594, 24.64938735961914, 21.081790924072266, 21.993988037109375, 22.157451629638672, 21.760848999023438, 24.658166885375977, 22.181774139404297, 19.662336349487305, 24.684001922607422, 21.681209564208984, 25.27166175842285, 23.036163330078125, 25.83563232421875, 25.258167266845703, 21.986907958984375, 26.032751083374023, 26.07172966003418, 23.008214950561523, 21.67656135559082, 24.380083084106445, 25.194156646728516, 23.312082290649414, 22.3378963470459, 24.582473754882812, 21.87482452392578, 19.862558364868164, 22.840702056884766, 26.257516860961914, 21.59691619873047, 22.149951934814453, 20.238571166992188, 20.23910140991211, 23.359954833984375, 21.351587295532227, 22.113473892211914, 30.254552841186523, 24.198617935180664, 21.684768676757812, 21.247398376464844, 23.60651397705078, 23.02127456665039, 26.792001724243164, 24.789209365844727, 26.410354614257812, 21.334211349487305, 25.871564865112305, 26.364316940307617, 21.418371200561523, 18.88250732421875, 26.16611099243164, 22.628341674804688, 21.035236358642578, 23.70117950439453, 24.174705505371094, 19.041189193725586, 19.9487361907959, 25.494335174560547, 23.055538177490234, 21.884366989135742, 25.865785598754883, 27.21854019165039, 22.514402389526367, 19.798250198364258, 22.61266326904297, 31.461355209350586, 23.491756439208984, 21.93215560913086, 24.249977111816406, 22.177852630615234, 26.159887313842773, 21.602956771850586, 25.789569854736328, 20.020748138427734, 23.442476272583008, 22.866756439208984, 20.44674301147461, 24.331439971923828, 20.59891700744629, 26.676557540893555, 21.842012405395508, 24.161014556884766, 20.023069381713867, 25.707904815673828, 19.285348892211914, 27.59849739074707, 21.205772399902344, 26.659852981567383, 26.512592315673828, 21.134727478027344, 22.847110748291016, 24.275606155395508, 22.099998474121094, 22.802318572998047, 25.08054542541504, 21.79584503173828, 23.41413688659668, 24.08689308166504, 22.40644073486328, 28.596975326538086],