{"checkpoint": "outputs/r21_gfn_true_lr64_s95/model_0030000.pth", "num_scenes": 256, "psnr": 22.79579947143793, "lpips": 0.2635382614680566, "psnr_std_err": 0.15054553979957744, "per_scene_psnr": [19.108348846435547, 21.95763397216797, 20.919586181640625, 19.663240432739258, 25.76997947692871, 23.84275245666504, 23.86144256591797, 24.861095428466797, 20.462139129638672, 21.805580139160156, 25.37267303466797, 21.456527709960938, 23.0886173248291, 21.6148681640625, 22.069744110107422, 22.408451080322266, 20.250831604003906, 24.763269424438477, 23.746124267578125, 21.692058563232422, 21.028945922851562, 23.159679412841797, 23.873817443847656, 24.930679321289062, 25.18706512451172, 24.100797653198242, 22.951095581054688, 18.644319534301758, 25.44353485107422, 23.887252807617188, 26.038684844970703, 22.50421714782715, 21.633699417114258, 22.050556182861328, 24.161365509033203, 18.175535202026367, 20.850120544433594, 22.30718421936035, 25.14002227783203, 21.034860610961914, 23.40175437927246, 19.18914222717285, 22.2310791015625, 22.2890567779541, 22.044830322265625, 20.791292190551758, 22.21401596069336, 21.450687408447266, 21.097457885742188, 21.049034118652344, 24.831457138061523, 23.87259292602539, 23.548358917236328, 21.651704788208008, 22.23458480834961, 24.147607803344727, 19.852672576904297, 25.658226013183594, 23.36536407470703, 26.44159507751465, 22.505901336669922, 24.76091766357422, 23.913660049438477, 23.698009490966797, 21.329248428344727, 22.68691635131836, 21.716228485107422, 21.566909790039062, 22.159454345703125, 21.381107330322266, 24.118316650390625, 22.239391326904297, 25.106151580810547, 23.169557571411133, 21.260997772216797, 20.027894973754883, 20.606048583984375, 24.551715850830078, 23.735271453857422, 22.23654556274414, 18.574722290039062, 22.406856536865234, 26.02765655517578, 22.843116760253906, 23.398605346679688, 22.708406448364258, 23.560121536254883, 26.286075592041016, 27.018295288085938, 20.141284942626953, 21.767009735107422, 18.878610610961914, 22.03900146484375, 23.273656845092773, 26.042984008789062, 22.257349014282227, 17.72758674621582, 14.739709854125977, 28.768613815307617, 21.128116607666016, 18.414873123168945, 20.461933135986328, 23.04714012145996, 24.300704956054688, 25.066356658935547, 21.354991912841797, 16.919466018676758, 24.590890884399414, 22.83043670654297, 21.303943634033203, 25.28123664855957, 23.104143142700195, 23.856428146362305, 21.916301727294922, 22.597362518310547, 17.631784439086914, 30.776567459106445, 23.443668365478516, 28.392906188964844, 25.08159637451172, 23.84995460510254, 21.73223304748535, 22.758464813232422, 20.618152618408203, 21.283222198486328, 19.182750701904297, 24.83706283569336, 23.894603729248047, 25.096092224121094, 20.712295532226562, 23.405357360839844, 23.244754791259766, 22.814943313598633, 22.46990203857422, 20.853126525878906, 20.312255859375, 22.267732620239258, 27.53606605529785, 22.88170051574707, 21.204219818115234, 22.185441970825195, 17.717430114746094, 20.28154182434082, 26.522397994995117, 23.478906631469727, 25.20743179321289, 22.73012924194336, 17.87391471862793, 25.686859130859375, 24.084396362304688, 23.808387756347656, 21.661636352539062, 28.717933654785156, 18.46611785888672, 22.33976173400879, 21.761478424072266, 23.644805908203125, 24.535839080810547, 21.124858856201172, 21.688812255859375, 22.064403533935547, 21.395856857299805, 24.190771102905273, 21.688961029052734, 19.330881118774414, 24.411041259765625, 21.23893928527832, 24.828298568725586, 22.52666664123535, 25.809213638305664, 24.791746139526367, 22.035085678100586, 25.608642578125, 25.767412185668945, 22.369220733642578, 20.938861846923828, 23.83486557006836, 24.910306930541992, 23.072431564331055, 21.89471435546875, 24.091365814208984, 21.690567016601562, 19.337032318115234, 22.23733901977539, 25.940563201904297, 21.190549850463867, 21.781787872314453, 19.877492904663086, 20.185420989990234, 22.77737808227539, 21.197017669677734, 21.845088958740234, 29.78952407836914, 23.62667465209961, 21.329387664794922, 20.722644805908203, 23.51736831665039, 22.987184524536133, 26.458337783813477, 23.932174682617188, 26.025188446044922, 21.22179412841797, 25.367820739746094, 26.019519805908203, 21.18027687072754, 18.48488998413086, 25.94723129272461, 22.433406829833984, 20.770780563354492, 23.859676361083984, 23.748586654663086, 18.919984817504883, 20.180025100708008, 25.254858016967773, 22.444543838500977, 21.204505920410156, 25.54948616027832, 26.778127670288086, 22.206401824951172, 19.505985260009766, 22.686359405517578, 31.042898178100586, 23.178213119506836, 21.56212615966797, 23.823631286621094, 21.830432891845703, 25.92588233947754, 21.451261520385742, 25.152408599853516, 19.477230072021484, 23.228469848632812, 22.53917694091797, 20.309982299804688, 24.2620849609375, 20.329151153564453, 26.305747985839844, 21.261865615844727, 23.568132400512695, 20.044795989990234, 25.413196563720703, 19.06279182434082, 26.833589553833008, 20.882394790649414, 26.018037796020508, 26.07813262939453, 20.67160415649414, 22.46426773071289, 23.674762725830078, 21.762399673461914, 22.482812881469727, 24.958227157592773, 21.44109535217285, 23.350406646728516, 23.766040802001953, 22.34011459350586, 27.833986282348633],