{"checkpoint": "outputs/r7_loop_l2x5_muon2_s95/model_0030000.pth", "num_scenes": 256, "psnr": 21.865075044333935, "lpips": 0.2967883229139261, "psnr_std_err": 0.14286029937855024, "per_scene_psnr": [18.279521942138672, 20.74923324584961, 19.681156158447266, 18.756534576416016, 24.064828872680664, 22.986967086791992, 22.580169677734375, 24.075748443603516, 20.048851013183594, 20.77642822265625, 23.95545196533203, 20.558731079101562, 22.10993766784668, 20.58678436279297, 21.501178741455078, 21.700336456298828, 19.790685653686523, 23.349132537841797, 23.244972229003906, 21.35696792602539, 20.043624877929688, 21.972137451171875, 22.994468688964844, 23.56557846069336, 24.1511173248291, 22.62786865234375, 21.98988151550293, 17.877620697021484, 24.76123809814453, 23.278596878051758, 24.68057632446289, 21.380775451660156, 20.681324005126953, 21.796751022338867, 22.669057846069336, 17.753068923950195, 20.074186325073242, 21.457862854003906, 24.111995697021484, 19.45911407470703, 22.485036849975586, 18.2636775970459, 20.94586181640625, 21.87310028076172, 20.919403076171875, 20.312824249267578, 21.195201873779297, 21.001272201538086, 20.42525291442871, 20.710927963256836, 23.220001220703125, 23.104774475097656, 21.980073928833008, 20.62759017944336, 20.71599769592285, 23.563053131103516, 19.300437927246094, 25.120878219604492, 22.35940170288086, 25.267866134643555, 21.87099266052246, 23.60529899597168, 22.45790672302246, 22.452823638916016, 20.77751922607422, 21.52826690673828, 20.681665420532227, 20.80817413330078, 21.089351654052734, 20.245849609375, 23.33386993408203, 21.5479736328125, 24.18429946899414, 22.28612518310547, 20.72568130493164, 19.495113372802734, 19.931394577026367, 23.699260711669922, 23.16412925720215, 21.69702911376953, 17.889616012573242, 21.057403564453125, 24.770421981811523, 21.443294525146484, 22.071739196777344, 21.943679809570312, 22.09373664855957, 24.961078643798828, 26.384065628051758, 19.678775787353516, 21.001455307006836, 18.575212478637695, 21.24286651611328, 22.40483856201172, 25.012653350830078, 20.924083709716797, 16.790847778320312, 14.342519760131836, 27.136747360229492, 19.692394256591797, 17.97907066345215, 19.72747039794922, 22.213241577148438, 22.91980743408203, 24.119163513183594, 20.568889617919922, 16.835895538330078, 23.463180541992188, 21.841163635253906, 20.1961669921875, 24.464412689208984, 21.51456642150879, 22.800580978393555, 20.63766860961914, 21.69642448425293, 17.26112174987793, 29.400314331054688, 22.162776947021484, 26.869701385498047, 23.5770206451416, 22.574748992919922, 20.665851593017578, 21.44671630859375, 20.564411163330078, 20.841632843017578, 18.523120880126953, 24.337905883789062, 22.909473419189453, 24.430448532104492, 19.843318939208984, 22.582386016845703, 22.172649383544922, 19.858808517456055, 21.84130096435547, 19.86427879333496, 19.860939025878906, 21.121408462524414, 25.943218231201172, 21.917606353759766, 20.262575149536133, 21.73967742919922, 17.372604370117188, 19.193445205688477, 25.63591194152832, 22.814977645874023, 24.342031478881836, 22.18950080871582, 16.24099349975586, 24.98483657836914, 23.029922485351562, 22.966331481933594, 21.04983139038086, 27.22414779663086, 17.836538314819336, 21.760116577148438, 21.15410041809082, 22.33894157409668, 23.334712982177734, 20.5740909576416, 20.834259033203125, 20.39686393737793, 20.595186233520508, 22.8252010345459, 21.029346466064453, 18.727638244628906, 23.209556579589844, 20.782766342163086, 23.5892333984375, 21.202085494995117, 24.52435302734375, 23.932016372680664, 21.556987762451172, 25.317935943603516, 25.095687866210938, 21.514137268066406, 19.906200408935547, 22.698270797729492, 24.507362365722656, 22.353618621826172, 20.720600128173828, 23.198196411132812, 20.746246337890625, 18.76021957397461, 21.26499366760254, 25.106155395507812, 20.978229522705078, 20.894670486450195, 19.392005920410156, 19.484146118164062, 21.96521759033203, 20.816986083984375, 21.07814598083496, 28.720829010009766, 22.335233688354492, 20.47842025756836, 19.636648178100586, 22.131750106811523, 21.968441009521484, 25.199365615844727, 23.26469612121582, 24.28529930114746, 20.06385612487793, 24.42292022705078, 24.95733070373535, 20.632118225097656, 17.839313507080078, 25.23828887939453, 21.795135498046875, 19.918476104736328, 23.050464630126953, 22.52023696899414, 18.168975830078125, 19.086807250976562, 23.916385650634766, 21.323774337768555, 19.889732360839844, 24.669218063354492, 25.941852569580078, 20.859529495239258, 18.850133895874023, 21.768413543701172, 30.131330490112305, 21.98999786376953, 20.68108367919922, 22.468631744384766, 21.21038246154785, 24.563817977905273, 20.841142654418945, 23.414823532104492, 18.664934158325195, 22.545555114746094, 21.89622688293457, 19.78689956665039, 23.460596084594727, 19.79051399230957, 25.689115524291992, 20.441770553588867, 22.361148834228516, 19.223196029663086, 24.44217872619629, 18.267284393310547, 25.754669189453125, 20.032665252685547, 24.95624351501465, 24.412513732910156, 20.145814895629883, 21.758440017700195, 22.74867057800293, 20.85852813720703, 21.51078987121582, 24.505159378051758, 20.34757423400879, 22.05072021484375, 23.076169967651367, 21.339496612548828, 26.68555450439453],