{"checkpoint": "outputs/r16_loop_l2x8_sup_s95/model_0030000.pth", "num_scenes": 256, "psnr": 23.000393323600292, "lpips": 0.26299579185433686, "psnr_std_err": 0.15057943510085306, "per_scene_psnr": [19.592802047729492, 22.151905059814453, 21.293643951416016, 19.804536819458008, 25.752925872802734, 24.147052764892578, 24.080352783203125, 25.221588134765625, 20.832796096801758, 21.891979217529297, 25.727798461914062, 21.4329891204834, 23.32984161376953, 21.77778434753418, 22.393205642700195, 22.867525100708008, 20.66936492919922, 25.0632381439209, 24.10832977294922, 22.04990577697754, 21.017745971679688, 23.443479537963867, 23.695661544799805, 24.917232513427734, 25.687044143676758, 24.25257682800293, 23.157535552978516, 18.622758865356445, 25.83618927001953, 24.23661994934082, 26.265411376953125, 22.314273834228516, 21.671180725097656, 22.215612411499023, 24.198511123657227, 18.635530471801758, 20.919612884521484, 22.806385040283203, 25.487407684326172, 21.074514389038086, 23.9677734375, 19.286840438842773, 22.136699676513672, 22.384845733642578, 22.084766387939453, 20.944927215576172, 22.40027618408203, 21.855823516845703, 21.47265625, 21.639726638793945, 24.686695098876953, 24.35235595703125, 24.011686325073242, 21.597299575805664, 22.524620056152344, 24.31336212158203, 20.3128719329834, 26.133216857910156, 23.922340393066406, 26.373977661132812, 22.754562377929688, 25.4949951171875, 23.61063003540039, 24.295757293701172, 21.84619903564453, 22.54458236694336, 22.06414794921875, 21.669174194335938, 22.450849533081055, 21.395082473754883, 24.441753387451172, 22.491371154785156, 25.203060150146484, 23.86376190185547, 21.53196144104004, 20.41609001159668, 20.898284912109375, 24.268096923828125, 24.077913284301758, 22.50992202758789, 18.84412956237793, 22.374439239501953, 26.095256805419922, 23.298166275024414, 23.583057403564453, 23.115432739257812, 23.828182220458984, 26.150768280029297, 27.34054183959961, 20.48375129699707, 21.760494232177734, 18.947025299072266, 21.98382568359375, 23.535213470458984, 26.450063705444336, 22.417591094970703, 17.89859390258789, 15.00373649597168, 28.677600860595703, 21.033248901367188, 19.024553298950195, 20.68560791015625, 22.722900390625, 24.57186508178711, 25.226543426513672, 21.717979431152344, 17.5804500579834, 24.869274139404297, 23.041706085205078, 21.46221160888672, 25.067012786865234, 23.213001251220703, 24.15908432006836, 22.140766143798828, 22.960800170898438, 18.119935989379883, 30.921470642089844, 23.685569763183594, 28.564266204833984, 25.283424377441406, 23.705251693725586, 21.278118133544922, 22.74977684020996, 21.092357635498047, 21.431550979614258, 19.359838485717773, 24.866668701171875, 23.80322265625, 24.84408950805664, 20.936370849609375, 23.513582229614258, 23.477685928344727, 21.88859748840332, 22.919933319091797, 21.104848861694336, 20.47275733947754, 22.550046920776367, 27.937801361083984, 23.249513626098633, 21.358905792236328, 22.224666595458984, 17.96190643310547, 20.38953971862793, 27.028047561645508, 23.41438102722168, 25.21347427368164, 22.874202728271484, 17.822669982910156, 26.02393913269043, 24.153852462768555, 23.911361694335938, 21.96733283996582, 28.931198120117188, 18.387948989868164, 22.60289192199707, 21.99429702758789, 23.66830825805664, 24.423664093017578, 20.882394790649414, 21.96752166748047, 21.904687881469727, 21.688064575195312, 24.621355056762695, 22.0606632232666, 19.732078552246094, 24.493560791015625, 21.745014190673828, 25.05467987060547, 22.73545265197754, 25.670185089111328, 25.447166442871094, 22.1976318359375, 25.60358428955078, 26.085939407348633, 22.68531608581543, 21.114883422851562, 24.24846839904785, 25.202537536621094, 23.448200225830078, 21.96306610107422, 24.38277816772461, 21.871641159057617, 19.433897018432617, 22.664287567138672, 26.19269561767578, 21.760990142822266, 22.16228485107422, 20.165040969848633, 20.36693572998047, 23.209001541137695, 21.58445167541504, 22.05453872680664, 29.954130172729492, 23.80790901184082, 21.63943099975586, 20.931732177734375, 23.34058380126953, 22.93093490600586, 26.840293884277344, 23.894229888916016, 26.4482421875, 21.41798210144043, 25.515560150146484, 26.104337692260742, 21.38143539428711, 18.6409969329834, 26.191112518310547, 22.676706314086914, 20.589031219482422, 23.596267700195312, 24.0097599029541, 19.21879768371582, 20.01857566833496, 25.233566284179688, 22.86931800842285, 21.603355407714844, 25.821828842163086, 27.327407836914062, 22.233312606811523, 19.680509567260742, 22.629924774169922, 31.285869598388672, 23.085342407226562, 21.67238426208496, 23.965158462524414, 22.44699478149414, 26.014759063720703, 21.666357040405273, 24.93389320373535, 19.576330184936523, 23.43273162841797, 22.83327865600586, 20.518341064453125, 24.256277084350586, 20.870731353759766, 26.815631866455078, 21.79776954650879, 24.237350463867188, 20.059728622436523, 25.579683303833008, 19.359394073486328, 27.49473762512207, 21.153886795043945, 26.051013946533203, 26.217723846435547, 21.029991149902344, 22.80579376220703, 23.843175888061523, 22.062652587890625, 22.584735870361328, 25.13311767578125, 21.45922088623047, 23.570497512817383, 24.216934204101562, 22.290931701660156, 28.58005142211914],