{"checkpoint": "outputs/r2_loop_l2x4_carry_lrs_s95/model_0030000.pth", "num_scenes": 256, "psnr": 21.759206134825945, "lpips": 0.2994684493751265, "psnr_std_err": 0.14587942444511237, "per_scene_psnr": [18.161413192749023, 20.298969268798828, 19.969499588012695, 18.47165870666504, 23.058513641357422, 22.679363250732422, 22.53018569946289, 24.097789764404297, 19.988821029663086, 20.485628128051758, 23.95146942138672, 20.34714698791504, 22.155311584472656, 20.500839233398438, 21.56320571899414, 21.701576232910156, 19.929086685180664, 23.104511260986328, 23.11568260192871, 21.12247085571289, 19.451501846313477, 22.1135311126709, 22.630756378173828, 23.579757690429688, 24.259645462036133, 22.26880645751953, 21.925941467285156, 17.783279418945312, 24.82861328125, 23.131818771362305, 24.611787796020508, 21.505184173583984, 20.524349212646484, 21.494892120361328, 22.444400787353516, 17.835786819458008, 19.76850128173828, 21.582725524902344, 24.31431770324707, 19.253976821899414, 22.602643966674805, 18.115535736083984, 20.681325912475586, 21.567733764648438, 20.851787567138672, 20.227766036987305, 21.251117706298828, 20.93093490600586, 20.190563201904297, 20.542903900146484, 22.753896713256836, 22.963144302368164, 22.49620246887207, 20.35196304321289, 21.047080993652344, 23.31998634338379, 19.416187286376953, 25.025484085083008, 22.494638442993164, 24.933273315429688, 21.843624114990234, 23.00481414794922, 22.461158752441406, 22.504913330078125, 20.733901977539062, 21.53917121887207, 20.936084747314453, 20.41700553894043, 20.970571517944336, 20.158231735229492, 23.33127784729004, 21.500675201416016, 23.399866104125977, 22.478496551513672, 20.557462692260742, 19.45486831665039, 19.888195037841797, 23.00926399230957, 23.06825828552246, 21.80434226989746, 17.837182998657227, 20.754302978515625, 24.795764923095703, 21.717571258544922, 22.330013275146484, 22.032604217529297, 22.178157806396484, 24.875038146972656, 26.305164337158203, 19.138399124145508, 20.828218460083008, 18.410846710205078, 21.297016143798828, 22.43750762939453, 24.46392822265625, 20.65245819091797, 16.632789611816406, 14.039278984069824, 27.2764892578125, 19.422090530395508, 17.8994197845459, 19.4786319732666, 22.087553024291992, 22.9869384765625, 23.88806915283203, 20.550025939941406, 16.939619064331055, 23.637554168701172, 21.573139190673828, 20.498306274414062, 23.8961238861084, 21.566043853759766, 22.95173454284668, 20.11827850341797, 21.712799072265625, 17.232515335083008, 29.315879821777344, 22.301197052001953, 27.029064178466797, 23.660194396972656, 22.276222229003906, 20.65422248840332, 21.174814224243164, 20.336467742919922, 20.399280548095703, 18.136112213134766, 24.09480094909668, 22.879520416259766, 24.1279296875, 19.73882293701172, 22.53787612915039, 22.11427879333496, 19.119022369384766, 21.289854049682617, 19.746505737304688, 19.70598030090332, 21.262914657592773, 26.10293960571289, 22.131006240844727, 20.06730079650879, 21.415700912475586, 17.325626373291016, 19.783456802368164, 25.794921875, 22.496488571166992, 24.14651107788086, 22.058380126953125, 14.768850326538086, 24.904977798461914, 22.649381637573242, 22.642311096191406, 20.933788299560547, 27.12967872619629, 17.460468292236328, 21.591703414916992, 21.028242111206055, 22.23351287841797, 23.24810218811035, 20.393102645874023, 20.98975944519043, 20.22047233581543, 20.67976951599121, 23.110374450683594, 20.987112045288086, 18.876739501953125, 23.102319717407227, 20.795124053955078, 23.63868522644043, 21.368894577026367, 24.523427963256836, 24.1602783203125, 21.483505249023438, 25.29463768005371, 25.25143814086914, 21.411880493164062, 19.96518325805664, 22.73942756652832, 24.389867782592773, 22.578432083129883, 20.841596603393555, 23.154354095458984, 20.154766082763672, 18.22362518310547, 20.896591186523438, 25.267356872558594, 20.948699951171875, 20.709003448486328, 19.228206634521484, 19.440288543701172, 21.870824813842773, 20.79047393798828, 21.105539321899414, 28.826448440551758, 22.495481491088867, 20.550495147705078, 19.740232467651367, 21.559972763061523, 21.896772384643555, 25.247493743896484, 23.073007583618164, 24.68829917907715, 19.650917053222656, 24.533164978027344, 25.066349029541016, 20.275915145874023, 17.76647186279297, 25.12413215637207, 21.642589569091797, 19.837631225585938, 22.64011573791504, 22.569734573364258, 17.604084014892578, 18.524940490722656, 23.80135726928711, 21.383968353271484, 19.988862991333008, 24.39397430419922, 25.778989791870117, 20.92425537109375, 18.60284996032715, 21.30527687072754, 30.048324584960938, 21.817779541015625, 20.670034408569336, 22.53630828857422, 21.29381561279297, 23.853731155395508, 20.80478286743164, 23.40182113647461, 18.308706283569336, 22.363819122314453, 21.96310806274414, 19.785701751708984, 23.441516876220703, 19.845779418945312, 25.668991088867188, 20.46240234375, 22.73606300354004, 19.08249855041504, 24.379390716552734, 18.06962013244629, 25.536624908447266, 19.496234893798828, 24.960100173950195, 24.54485321044922, 19.93257713317871, 21.50267791748047, 22.071020126342773, 21.00820541381836, 21.4558048248291, 24.449546813964844, 20.157894134521484, 21.327255249023438, 23.129873275756836, 21.546146392822266, 26.993263244628906],