{"checkpoint": "outputs/r6_loop_l2x5_ti1_s95/model_0030000.pth", "num_scenes": 256, "psnr": 21.361764442175627, "lpips": 0.3206960267270915, "psnr_std_err": 0.14013131937242906, "per_scene_psnr": [17.851442337036133, 20.420467376708984, 19.18351936340332, 18.328088760375977, 23.22992706298828, 22.347204208374023, 21.721927642822266, 23.549488067626953, 19.68684959411621, 20.093467712402344, 23.319759368896484, 20.077638626098633, 21.652803421020508, 19.994518280029297, 21.236125946044922, 21.325359344482422, 19.252538681030273, 22.691938400268555, 22.64967155456543, 21.117237091064453, 19.489482879638672, 21.346284866333008, 22.35353660583496, 22.794809341430664, 23.364131927490234, 22.526580810546875, 21.587160110473633, 17.77303123474121, 24.151124954223633, 22.582691192626953, 23.999040603637695, 20.948158264160156, 19.953136444091797, 20.890300750732422, 22.162858963012695, 17.406269073486328, 19.440792083740234, 20.92959213256836, 23.42523193359375, 19.30757713317871, 21.921350479125977, 17.971296310424805, 20.810562133789062, 21.00879669189453, 20.74417495727539, 19.96319580078125, 21.137195587158203, 20.343229293823242, 19.527082443237305, 20.11985969543457, 22.933664321899414, 22.426345825195312, 21.152124404907227, 20.138853073120117, 19.960567474365234, 23.09718132019043, 18.813879013061523, 24.45697021484375, 21.838905334472656, 24.503074645996094, 21.380815505981445, 23.203428268432617, 21.87932014465332, 21.659765243530273, 20.22317886352539, 20.940723419189453, 19.98284912109375, 20.22085952758789, 20.477745056152344, 20.043033599853516, 22.95570182800293, 20.86017608642578, 23.211872100830078, 21.59235382080078, 20.173763275146484, 19.009885787963867, 19.842269897460938, 22.89837646484375, 22.816926956176758, 21.21404266357422, 17.650453567504883, 20.358211517333984, 24.526268005371094, 20.906166076660156, 21.56020164489746, 21.574804306030273, 21.409273147583008, 24.661216735839844, 25.83983612060547, 18.9216251373291, 20.23069190979004, 18.047592163085938, 21.226871490478516, 21.8096923828125, 23.851051330566406, 20.54262351989746, 16.461082458496094, 13.905797004699707, 27.030134201049805, 18.98755645751953, 17.401655197143555, 19.249666213989258, 22.150238037109375, 22.828662872314453, 23.63732147216797, 19.94621467590332, 17.095911026000977, 23.046340942382812, 20.966571807861328, 19.778221130371094, 23.489294052124023, 21.541488647460938, 22.347566604614258, 20.0989990234375, 21.178878784179688, 16.708324432373047, 28.604022979736328, 21.895435333251953, 26.417999267578125, 22.71489143371582, 22.13212776184082, 20.554088592529297, 21.276229858398438, 20.259349822998047, 20.36402702331543, 18.154136657714844, 24.053604125976562, 22.191579818725586, 23.840351104736328, 19.29608154296875, 22.616674423217773, 21.448631286621094, 19.99473762512207, 21.368709564208984, 19.10100746154785, 19.583168029785156, 20.87604522705078, 25.16531753540039, 21.50927734375, 19.650100708007812, 21.368188858032227, 17.017881393432617, 18.441797256469727, 25.074644088745117, 22.344825744628906, 24.03803253173828, 21.61118507385254, 15.705678939819336, 24.442766189575195, 22.155643463134766, 22.4554443359375, 20.493812561035156, 26.39405059814453, 17.546110153198242, 21.194631576538086, 20.623958587646484, 21.8764705657959, 22.880149841308594, 20.321491241455078, 20.347700119018555, 19.97138214111328, 20.137643814086914, 22.19158172607422, 20.492246627807617, 18.708065032958984, 22.73509979248047, 20.37384796142578, 22.944032669067383, 20.5001220703125, 24.052898406982422, 23.404125213623047, 21.1353702545166, 25.181472778320312, 24.829544067382812, 21.085386276245117, 19.909698486328125, 22.191879272460938, 24.024017333984375, 21.965251922607422, 20.295452117919922, 22.676769256591797, 20.341779708862305, 18.054641723632812, 20.14638900756836, 24.98335838317871, 20.63062858581543, 20.52696990966797, 18.912689208984375, 19.098909378051758, 21.170053482055664, 20.351716995239258, 20.73837661743164, 28.089170455932617, 21.880252838134766, 19.92538070678711, 19.3330020904541, 21.854290008544922, 21.548282623291016, 24.222915649414062, 22.72723960876465, 23.76284408569336, 19.364702224731445, 24.031352996826172, 24.629310607910156, 20.312870025634766, 17.276966094970703, 24.60249137878418, 21.206892013549805, 19.870983123779297, 22.209596633911133, 21.93699836730957, 17.65617561340332, 18.334739685058594, 23.501615524291992, 20.36556053161621, 19.23959732055664, 24.064250946044922, 25.49060821533203, 20.587732315063477, 18.249237060546875, 21.109649658203125, 29.66216278076172, 21.42494010925293, 20.227243423461914, 21.928327560424805, 21.062904357910156, 23.339204788208008, 20.459117889404297, 22.481674194335938, 18.251516342163086, 22.013771057128906, 21.449440002441406, 19.38838005065918, 23.160503387451172, 19.479816436767578, 24.876787185668945, 19.720626831054688, 21.716045379638672, 18.997289657592773, 24.10281753540039, 17.429649353027344, 24.905025482177734, 19.262432098388672, 24.758195877075195, 23.91938018798828, 19.997150421142578, 21.212867736816406, 22.045738220214844, 20.41478157043457, 21.256732940673828, 24.330352783203125, 20.073383331298828, 21.121501922607422, 22.282947540283203, 20.927200317382812, 25.799957275390625],