{"checkpoint": "outputs/r13_loop_l2x4_nlcond_s95/model_0030000.pth", "num_scenes": 256, "psnr": 22.145277112722397, "lpips": 0.2875770840328187, "psnr_std_err": 0.1466815363688237, "per_scene_psnr": [18.518939971923828, 20.876047134399414, 20.17847442626953, 19.173547744750977, 24.512176513671875, 23.078134536743164, 22.96988296508789, 24.373809814453125, 20.19622802734375, 21.201631546020508, 24.56189727783203, 20.75335693359375, 22.474830627441406, 20.872304916381836, 21.79643440246582, 22.149343490600586, 20.244428634643555, 23.679946899414062, 23.377086639404297, 21.442768096923828, 20.289077758789062, 22.31450080871582, 22.888219833374023, 23.964111328125, 24.595766067504883, 22.71800994873047, 22.09100341796875, 18.12096405029297, 25.176738739013672, 23.486366271972656, 25.077322006225586, 21.82513427734375, 20.70197105407715, 21.44666290283203, 22.979129791259766, 18.024127960205078, 20.151798248291016, 21.939533233642578, 24.53266143798828, 20.122467041015625, 23.0130615234375, 18.294092178344727, 21.043970108032227, 21.766422271728516, 20.965213775634766, 20.539342880249023, 21.545814514160156, 21.08230972290039, 20.615718841552734, 20.873231887817383, 23.381790161132812, 23.331512451171875, 22.86229705810547, 20.684764862060547, 21.52045249938965, 23.65695571899414, 19.651260375976562, 25.101186752319336, 22.78900909423828, 25.531814575195312, 22.12563705444336, 24.199718475341797, 22.938871383666992, 23.134231567382812, 21.069881439208984, 21.886320114135742, 21.11661720275879, 20.816585540771484, 21.083309173583984, 20.47066879272461, 23.657974243164062, 21.755678176879883, 23.90496253967285, 22.788341522216797, 20.811962127685547, 19.643205642700195, 20.210628509521484, 23.59785270690918, 23.541873931884766, 21.92936134338379, 18.186058044433594, 21.28820037841797, 25.25372314453125, 22.179059982299805, 22.763425827026367, 22.347179412841797, 22.57986831665039, 25.346145629882812, 26.629932403564453, 19.577571868896484, 21.051109313964844, 18.505212783813477, 21.589664459228516, 22.733936309814453, 25.417692184448242, 21.329689025878906, 17.04208755493164, 14.627363204956055, 27.7419376373291, 19.897443771362305, 18.121196746826172, 19.89775848388672, 22.343154907226562, 23.522775650024414, 24.290264129638672, 20.688655853271484, 17.10780906677246, 24.04442596435547, 21.86720848083496, 20.617633819580078, 24.593517303466797, 22.076454162597656, 23.452945709228516, 21.000965118408203, 22.020666122436523, 17.500619888305664, 29.91994857788086, 22.688505172729492, 27.468219757080078, 24.11587142944336, 22.93153953552246, 21.267118453979492, 21.87373924255371, 20.48140525817871, 20.73822021484375, 18.588788986206055, 24.519731521606445, 23.081247329711914, 24.290756225585938, 20.1749210357666, 22.885852813720703, 22.52214241027832, 20.613996505737305, 21.822181701660156, 20.10788917541504, 19.913711547851562, 21.72252655029297, 26.620542526245117, 22.408161163330078, 20.380714416503906, 21.8266658782959, 17.408954620361328, 19.604984283447266, 26.157522201538086, 22.83177375793457, 24.293495178222656, 22.362045288085938, 16.298446655273438, 25.339881896972656, 23.221168518066406, 23.240537643432617, 21.156002044677734, 27.567346572875977, 18.0967960357666, 21.657773971557617, 21.457862854003906, 22.798784255981445, 23.67140007019043, 20.612281799316406, 21.19258689880371, 20.774089813232422, 21.0164852142334, 23.32603645324707, 21.269325256347656, 19.161602020263672, 23.625642776489258, 21.141490936279297, 24.121681213378906, 21.532176971435547, 24.742586135864258, 24.60923957824707, 21.588504791259766, 24.97394371032715, 25.489118576049805, 21.76813507080078, 20.134370803833008, 23.239877700805664, 24.685039520263672, 22.84762191772461, 21.04192543029785, 23.523479461669922, 20.650348663330078, 18.523223876953125, 21.539825439453125, 25.537546157836914, 21.12586784362793, 21.09113883972168, 19.667272567749023, 19.64385223388672, 22.222917556762695, 20.929969787597656, 21.504419326782227, 29.11376190185547, 22.850444793701172, 20.888593673706055, 20.251522064208984, 22.3421573638916, 22.187692642211914, 25.745330810546875, 23.623123168945312, 25.17414093017578, 20.02001953125, 24.871105194091797, 25.47985076904297, 20.747318267822266, 17.987951278686523, 25.384614944458008, 22.060815811157227, 20.04108238220215, 22.864683151245117, 22.987693786621094, 18.19280433654785, 19.07754898071289, 24.208269119262695, 21.713468551635742, 20.372278213500977, 24.606918334960938, 26.410614013671875, 21.245792388916016, 18.8531551361084, 21.53974151611328, 30.575443267822266, 22.099714279174805, 20.944292068481445, 22.785316467285156, 21.528095245361328, 24.78990936279297, 20.95679473876953, 23.744739532470703, 18.705768585205078, 22.781522750854492, 22.059019088745117, 20.0706844329834, 23.81593894958496, 20.092082977294922, 26.00710678100586, 20.828289031982422, 23.201284408569336, 19.366962432861328, 24.868179321289062, 18.536151885986328, 25.9937686920166, 20.094614028930664, 25.45205307006836, 24.98985481262207, 20.161630630493164, 21.92292022705078, 22.87846565246582, 21.23522186279297, 21.733394622802734, 24.66364288330078, 20.664588928222656, 22.388893127441406, 23.245153427124023, 21.773700714111328, 27.36635971069336],