{"checkpoint": "outputs/r1_loop_l2x4_carry_s95/model_0030000.pth", "num_scenes": 256, "psnr": 21.75056741386652, "lpips": 0.30067777348449454, "psnr_std_err": 0.14546864661991693, "per_scene_psnr": [18.156177520751953, 20.473405838012695, 19.943239212036133, 18.28013038635254, 23.23289680480957, 22.749103546142578, 22.458892822265625, 24.06916618347168, 20.01297950744629, 20.664579391479492, 23.957841873168945, 20.457876205444336, 22.05239486694336, 20.400081634521484, 21.494443893432617, 21.69652557373047, 19.759078979492188, 23.074331283569336, 23.12063217163086, 21.138933181762695, 19.69256591796875, 22.221405029296875, 22.564083099365234, 23.563711166381836, 24.288070678710938, 22.005226135253906, 21.9414119720459, 17.528669357299805, 24.84796142578125, 22.928882598876953, 24.632511138916016, 21.398372650146484, 20.553096771240234, 21.504074096679688, 22.640764236450195, 17.856712341308594, 19.727672576904297, 21.492063522338867, 24.255950927734375, 19.221784591674805, 22.64284896850586, 17.94341278076172, 20.6876163482666, 21.51172637939453, 20.78426170349121, 20.328750610351562, 21.31749153137207, 20.677562713623047, 20.210792541503906, 20.534595489501953, 22.716808319091797, 22.955760955810547, 22.261869430541992, 20.34844398498535, 20.944438934326172, 23.26249885559082, 19.31610870361328, 25.019306182861328, 22.34224510192871, 24.926673889160156, 21.957904815673828, 23.082592010498047, 22.425832748413086, 22.479570388793945, 20.755205154418945, 21.44263458251953, 20.7618350982666, 20.28693962097168, 20.88992691040039, 20.194477081298828, 23.304901123046875, 21.43192481994629, 23.794673919677734, 22.479665756225586, 20.588966369628906, 19.39751625061035, 19.907323837280273, 23.415420532226562, 23.1619815826416, 21.80875587463379, 17.909334182739258, 20.704540252685547, 24.790740966796875, 21.628381729125977, 22.26758575439453, 21.8765926361084, 22.123973846435547, 24.933731079101562, 26.457130432128906, 19.20282745361328, 20.851455688476562, 18.332904815673828, 21.329299926757812, 22.435455322265625, 24.651880264282227, 20.453754425048828, 16.66014862060547, 13.996800422668457, 27.171667098999023, 19.415691375732422, 17.750978469848633, 19.497737884521484, 22.06043243408203, 22.987773895263672, 23.846546173095703, 20.505596160888672, 17.14035415649414, 23.65990447998047, 21.56586456298828, 20.317914962768555, 23.99252700805664, 21.529150009155273, 22.75225830078125, 20.35846710205078, 21.732519149780273, 17.259159088134766, 29.475013732910156, 22.306032180786133, 26.92096519470215, 23.51149559020996, 22.357694625854492, 20.722684860229492, 21.27132225036621, 20.473262786865234, 20.631101608276367, 18.02216339111328, 24.233665466308594, 22.6248779296875, 24.17884063720703, 19.793079376220703, 22.503202438354492, 22.033348083496094, 19.24300193786621, 21.257186889648438, 19.71377182006836, 19.694900512695312, 21.217575073242188, 26.064977645874023, 22.1977596282959, 20.104248046875, 21.530065536499023, 17.24973487854004, 19.706867218017578, 25.657821655273438, 22.720136642456055, 24.0743465423584, 22.12384033203125, 15.269814491271973, 24.766780853271484, 22.704744338989258, 22.592697143554688, 21.011844635009766, 27.344635009765625, 17.587491989135742, 21.47187042236328, 21.047718048095703, 22.055694580078125, 23.14651107788086, 20.447757720947266, 20.989961624145508, 20.18479347229004, 20.65696907043457, 23.094646453857422, 21.013626098632812, 18.915966033935547, 23.117061614990234, 20.83243179321289, 23.579538345336914, 21.23274040222168, 24.454870223999023, 24.013072967529297, 21.406185150146484, 25.00693130493164, 25.19382095336914, 21.589563369750977, 19.90567398071289, 22.765844345092773, 24.338903427124023, 22.515151977539062, 20.786008834838867, 23.14020347595215, 20.218791961669922, 18.202138900756836, 20.984756469726562, 25.272708892822266, 20.948884963989258, 20.80245590209961, 19.248058319091797, 19.4708194732666, 21.94314956665039, 20.66023063659668, 21.28948974609375, 28.79440689086914, 22.408042907714844, 20.45038414001465, 19.88649559020996, 21.60658836364746, 21.818946838378906, 25.27450942993164, 23.05495262145996, 24.750999450683594, 19.777875900268555, 24.503093719482422, 25.161457061767578, 20.26912498474121, 17.692163467407227, 24.860858917236328, 21.654207229614258, 19.69439125061035, 22.54354476928711, 22.5396728515625, 17.50461769104004, 18.442659378051758, 23.747751235961914, 21.36945343017578, 19.90394401550293, 24.361190795898438, 25.750423431396484, 21.034048080444336, 18.639556884765625, 21.193275451660156, 29.890369415283203, 21.77694320678711, 20.575706481933594, 22.419870376586914, 21.109132766723633, 24.019269943237305, 20.825082778930664, 23.34598159790039, 18.20289421081543, 22.435108184814453, 21.933998107910156, 19.680017471313477, 23.415477752685547, 19.9256591796875, 25.60018539428711, 20.47161293029785, 22.803977966308594, 19.189594268798828, 24.538698196411133, 18.167301177978516, 25.54596710205078, 19.58991813659668, 24.706668853759766, 24.390674591064453, 19.711666107177734, 21.65574836730957, 22.036725997924805, 21.00763511657715, 21.50993537902832, 24.50577163696289, 20.150888442993164, 21.509340286254883, 23.1112003326416, 21.402368545532227, 26.947193145751953],