{
 "expname": "lm_l8_s95",
 "val_loss": 3.9347975626587868,
 "ppl": 51.151793875313544,
 "params_M": 24.677912,
 "steps": 12000,
 "tokens": 196608000
}