{"checkpoint": "outputs/r17_anneal654_s95/model_0030000.pth", "num_scenes": 256, "psnr": 22.140204709023237, "lpips": 0.2875322884065099, "psnr_std_err": 0.1465366896277611, "per_scene_psnr": [18.545013427734375, 21.107929229736328, 20.30347442626953, 19.01886749267578, 25.06442642211914, 23.044450759887695, 23.010066986083984, 24.357120513916016, 20.257509231567383, 21.045955657958984, 24.46235466003418, 20.725337982177734, 22.33400535583496, 20.8558292388916, 21.729816436767578, 22.07439422607422, 20.17418670654297, 23.893728256225586, 23.35308265686035, 21.222423553466797, 20.41183853149414, 22.41050910949707, 22.79371452331543, 23.924957275390625, 24.597627639770508, 22.982364654541016, 22.293787002563477, 18.18740463256836, 25.210237503051758, 23.5509090423584, 25.050460815429688, 21.632110595703125, 20.84829330444336, 21.357128143310547, 22.909822463989258, 17.940082550048828, 20.368186950683594, 21.960098266601562, 24.6102294921875, 19.850299835205078, 22.984477996826172, 18.35552406311035, 20.907337188720703, 21.726299285888672, 20.938335418701172, 20.790241241455078, 21.497730255126953, 20.961694717407227, 20.45516586303711, 20.843181610107422, 23.481014251708984, 23.306291580200195, 22.777402877807617, 20.543420791625977, 21.495969772338867, 23.513385772705078, 19.65410614013672, 25.255001068115234, 22.801406860351562, 25.373390197753906, 22.214746475219727, 24.47686195373535, 22.501079559326172, 23.285390853881836, 21.067256927490234, 21.95276641845703, 21.24149513244629, 20.779191970825195, 21.255338668823242, 20.35243034362793, 23.7760066986084, 21.79497718811035, 23.79248046875, 22.829357147216797, 20.830469131469727, 19.73943519592285, 20.128475189208984, 23.335830688476562, 23.44530487060547, 21.877384185791016, 18.073143005371094, 21.588794708251953, 25.00817108154297, 22.20526695251465, 22.72259521484375, 22.25799560546875, 22.548873901367188, 25.50098419189453, 26.646183013916016, 19.72476577758789, 20.995616912841797, 18.488327026367188, 21.636920928955078, 22.751323699951172, 25.298511505126953, 21.08457374572754, 17.039857864379883, 14.55762004852295, 27.58237075805664, 19.905635833740234, 18.27446174621582, 19.852895736694336, 22.349273681640625, 23.581043243408203, 24.144447326660156, 20.85237693786621, 17.1746768951416, 23.88793182373047, 21.97566795349121, 20.518035888671875, 24.220279693603516, 22.04427719116211, 23.345319747924805, 21.422447204589844, 22.063705444335938, 17.49464225769043, 29.875123977661133, 22.802745819091797, 27.573753356933594, 24.05167579650879, 23.089092254638672, 21.41087532043457, 21.907176971435547, 20.407121658325195, 20.70261001586914, 18.47704315185547, 24.52751350402832, 23.069822311401367, 24.424955368041992, 20.196874618530273, 22.879030227661133, 22.644617080688477, 19.52558708190918, 21.955730438232422, 20.135164260864258, 19.942033767700195, 21.71494483947754, 26.715986251831055, 22.30354118347168, 20.346515655517578, 21.638996124267578, 17.41063117980957, 19.62390899658203, 26.19025993347168, 22.83811378479004, 24.385639190673828, 22.45685386657715, 16.68646812438965, 25.24506378173828, 23.08104705810547, 23.081710815429688, 21.22677993774414, 27.688457489013672, 18.10677146911621, 21.62444305419922, 21.499597549438477, 22.583492279052734, 23.599241256713867, 20.48818588256836, 21.262508392333984, 20.683391571044922, 21.07297706604004, 23.499441146850586, 21.284862518310547, 19.20224952697754, 23.54873275756836, 21.101612091064453, 23.92917251586914, 21.53158950805664, 24.665258407592773, 24.361373901367188, 21.520307540893555, 24.93259620666504, 25.552644729614258, 21.807756423950195, 20.11812973022461, 23.179330825805664, 24.709997177124023, 22.888187408447266, 21.112579345703125, 23.611278533935547, 20.817951202392578, 18.805316925048828, 21.381240844726562, 25.574033737182617, 21.134517669677734, 21.15921974182129, 19.555408477783203, 19.526880264282227, 22.34708023071289, 20.92776107788086, 21.447542190551758, 28.97647476196289, 22.86945152282715, 20.91024398803711, 20.105548858642578, 21.994054794311523, 22.157371520996094, 25.773696899414062, 23.601966857910156, 25.06624412536621, 19.810447692871094, 24.696002960205078, 25.3806095123291, 20.679248809814453, 18.045974731445312, 25.4742431640625, 22.020431518554688, 20.116546630859375, 23.001129150390625, 23.157211303710938, 18.123920440673828, 19.123661041259766, 24.16170310974121, 21.860858917236328, 20.472753524780273, 24.62368392944336, 26.4290828704834, 21.276350021362305, 18.918245315551758, 21.379859924316406, 30.448667526245117, 22.06122589111328, 20.921161651611328, 22.584970474243164, 21.519359588623047, 25.229700088500977, 21.021915435791016, 23.904300689697266, 18.7631893157959, 22.685453414916992, 22.065868377685547, 19.89942741394043, 23.882640838623047, 20.194744110107422, 26.00775146484375, 20.938934326171875, 23.239660263061523, 19.309743881225586, 24.936811447143555, 18.45689582824707, 25.829421997070312, 20.1961669921875, 25.185131072998047, 25.03644561767578, 20.212833404541016, 21.924898147583008, 22.699853897094727, 21.312427520751953, 21.7856388092041, 24.65609359741211, 20.591960906982422, 22.137088775634766, 23.424833297729492, 21.95722198486328, 27.648117065429688],