{
 "expname": "lm_l2_s95",
 "val_loss": 4.4151080176234245,
 "ppl": 82.69077248443851,
 "params_M": 16.015622,
 "steps": 12000,
 "tokens": 196608000
}