{"checkpoint": "outputs/r19_bgsfon_s96/model_0030000.pth", "num_scenes": 256, "psnr": 22.481573596596718, "lpips": 0.27582792210159823, "psnr_std_err": 0.15013433766228365, "per_scene_psnr": [19.155189514160156, 21.053287506103516, 20.782421112060547, 19.117950439453125, 24.65317153930664, 23.63079261779785, 23.52811622619629, 24.76343536376953, 20.466007232666016, 21.361373901367188, 25.158462524414062, 20.695953369140625, 22.82448959350586, 21.243518829345703, 22.02272605895996, 22.35409164428711, 20.32261085510254, 23.713104248046875, 23.586511611938477, 21.628257751464844, 20.468730926513672, 22.986108779907227, 23.421428680419922, 24.672164916992188, 25.215551376342773, 22.895814895629883, 22.73813247680664, 18.222637176513672, 25.376480102539062, 23.679723739624023, 25.555227279663086, 21.72214698791504, 21.20743751525879, 22.015682220458984, 23.71967124938965, 18.22406005859375, 20.523263931274414, 22.140945434570312, 25.004117965698242, 19.9122257232666, 23.27609634399414, 18.910478591918945, 21.83548927307129, 22.26372718811035, 21.255664825439453, 20.994029998779297, 22.102130889892578, 21.21563720703125, 21.127050399780273, 21.033695220947266, 24.255245208740234, 23.709026336669922, 23.14154624938965, 20.827194213867188, 21.910720825195312, 24.027578353881836, 19.882774353027344, 25.546119689941406, 23.12615966796875, 25.999719619750977, 22.37574577331543, 24.42198944091797, 23.392601013183594, 23.568593978881836, 21.401187896728516, 22.18534278869629, 21.42081069946289, 21.37375259399414, 21.6849422454834, 20.97160530090332, 23.87373161315918, 22.055057525634766, 24.240324020385742, 23.16180419921875, 21.151639938354492, 19.9210147857666, 20.417407989501953, 23.830747604370117, 23.519222259521484, 22.215320587158203, 18.405607223510742, 22.005155563354492, 25.468067169189453, 22.637758255004883, 23.02248191833496, 22.626514434814453, 23.27440643310547, 25.778884887695312, 26.82678985595703, 20.035137176513672, 21.266902923583984, 18.732675552368164, 21.44115447998047, 23.24481964111328, 25.86170196533203, 21.64931297302246, 17.42530059814453, 14.540328979492188, 27.904205322265625, 20.634700775146484, 18.3747615814209, 20.119667053222656, 22.541410446166992, 23.876052856445312, 24.769351959228516, 21.142066955566406, 16.962764739990234, 24.2039852142334, 22.616302490234375, 21.196136474609375, 24.982118606567383, 22.54822540283203, 23.601743698120117, 21.179561614990234, 22.560026168823242, 17.688247680664062, 30.474132537841797, 23.087139129638672, 28.049802780151367, 24.960119247436523, 23.396785736083984, 21.355411529541016, 21.997203826904297, 20.553586959838867, 20.89926528930664, 18.89452362060547, 24.66221809387207, 23.53692054748535, 24.561176300048828, 20.3237247467041, 23.117372512817383, 22.80380630493164, 20.626935958862305, 22.046653747558594, 20.368444442749023, 20.169769287109375, 21.888687133789062, 27.192480087280273, 22.778366088867188, 20.953702926635742, 22.06060791015625, 17.660663604736328, 20.274221420288086, 26.37256622314453, 23.2217960357666, 24.839229583740234, 22.463884353637695, 16.127140045166016, 25.653644561767578, 23.627002716064453, 23.524948120117188, 21.39327049255371, 28.198945999145508, 17.998554229736328, 22.114686965942383, 21.603084564208984, 23.200761795043945, 24.203102111816406, 20.750503540039062, 21.57362174987793, 21.221893310546875, 21.125648498535156, 23.962902069091797, 21.675251007080078, 19.223461151123047, 24.03362464904785, 21.184892654418945, 24.542695999145508, 21.983863830566406, 25.355884552001953, 24.733598709106445, 21.78329086303711, 25.37397575378418, 25.571882247924805, 22.21715545654297, 20.44012451171875, 23.51262855529785, 24.882076263427734, 22.756826400756836, 21.653860092163086, 23.934276580810547, 21.077756881713867, 19.27014923095703, 21.960708618164062, 25.851402282714844, 21.437519073486328, 21.443288803100586, 19.693910598754883, 19.945640563964844, 22.644243240356445, 21.081241607666016, 21.560562133789062, 29.51463508605957, 23.284399032592773, 21.07172203063965, 20.391483306884766, 22.806652069091797, 22.603931427001953, 26.132070541381836, 24.09339141845703, 25.75415802001953, 20.50082015991211, 25.1813907623291, 25.47945213317871, 20.89393424987793, 18.252178192138672, 25.630355834960938, 22.294466018676758, 20.283069610595703, 23.41345977783203, 23.375158309936523, 18.444534301757812, 19.307085037231445, 24.907991409301758, 22.057531356811523, 21.00934600830078, 25.191776275634766, 26.68334197998047, 21.77859878540039, 19.34834098815918, 22.129413604736328, 30.801372528076172, 22.38662338256836, 21.383865356445312, 23.32105255126953, 21.66226577758789, 25.394323348999023, 20.94491195678711, 24.629745483398438, 18.923511505126953, 22.99401092529297, 22.397018432617188, 20.11713218688965, 23.972301483154297, 20.38812255859375, 26.29157257080078, 21.184192657470703, 23.636465072631836, 19.940053939819336, 25.238922119140625, 18.802536010742188, 26.525928497314453, 20.555648803710938, 25.84092903137207, 25.676177978515625, 20.379322052001953, 22.217531204223633, 23.22629165649414, 21.370960235595703, 22.21993637084961, 24.74045181274414, 20.87529945373535, 22.58141326904297, 23.71466636657715, 22.036630630493164, 27.869985580444336],