{"checkpoint": "outputs/r12_loop_l2x4_ep2_gates_sup_s97/model_0030000.pth", "num_scenes": 256, "psnr": 22.450273033231497, "lpips": 0.2825251530157402, "psnr_std_err": 0.1502817876037387, "per_scene_psnr": [18.998247146606445, 21.102025985717773, 20.85687828063965, 19.14096450805664, 24.526710510253906, 23.493335723876953, 23.315597534179688, 24.77369499206543, 20.441036224365234, 21.35431671142578, 25.04269790649414, 21.1717586517334, 22.799665451049805, 21.342975616455078, 21.980690002441406, 22.394197463989258, 20.52995491027832, 23.795150756835938, 23.6361141204834, 21.669769287109375, 20.437471389770508, 22.850391387939453, 23.29645538330078, 24.359695434570312, 25.304393768310547, 23.071712493896484, 22.640485763549805, 18.306140899658203, 25.366226196289062, 23.722288131713867, 25.48955535888672, 22.006168365478516, 21.06753158569336, 22.052898406982422, 23.478261947631836, 18.21380043029785, 20.500621795654297, 22.30046844482422, 24.917762756347656, 20.037757873535156, 23.398237228393555, 18.70962905883789, 21.219160079956055, 22.046327590942383, 21.144210815429688, 20.55167007446289, 22.04228973388672, 21.329204559326172, 20.99338722229004, 21.130298614501953, 23.724102020263672, 23.781354904174805, 23.370067596435547, 21.019622802734375, 22.036235809326172, 23.875171661376953, 20.030364990234375, 25.440994262695312, 23.152481079101562, 25.760272979736328, 22.493703842163086, 24.147899627685547, 23.142810821533203, 23.546276092529297, 21.477352142333984, 22.24899673461914, 21.581327438354492, 21.114194869995117, 21.70829963684082, 20.806188583374023, 24.091089248657227, 22.073963165283203, 24.42807388305664, 23.351211547851562, 21.098526000976562, 20.020652770996094, 20.483673095703125, 23.856407165527344, 23.506473541259766, 22.20972442626953, 18.31780433654785, 21.543825149536133, 25.290504455566406, 22.798519134521484, 23.24733543395996, 22.468154907226562, 23.37453842163086, 25.756776809692383, 26.962278366088867, 19.77256965637207, 21.504379272460938, 18.63634490966797, 21.75076675415039, 23.074989318847656, 25.725879669189453, 21.514015197753906, 17.301998138427734, 14.472617149353027, 28.05281639099121, 20.4268856048584, 18.423355102539062, 20.046573638916016, 22.50164031982422, 24.016555786132812, 24.67452049255371, 21.04791259765625, 16.85192108154297, 24.354106903076172, 22.421512603759766, 21.05898094177246, 24.68758773803711, 22.149656295776367, 23.748109817504883, 21.196935653686523, 22.540742874145508, 17.843841552734375, 30.22528648376465, 23.163246154785156, 27.98973846435547, 24.68733024597168, 23.383617401123047, 21.177074432373047, 21.78006362915039, 20.471755981445312, 21.052568435668945, 18.572105407714844, 24.609127044677734, 23.503108978271484, 24.63642120361328, 20.50307273864746, 23.06435775756836, 22.91446304321289, 20.206310272216797, 22.226200103759766, 20.535917282104492, 20.160137176513672, 21.901859283447266, 27.13303565979004, 22.91671371459961, 20.70020294189453, 21.986949920654297, 17.576536178588867, 19.848783493041992, 26.532075881958008, 23.034133911132812, 24.809757232666016, 22.619903564453125, 16.183467864990234, 25.43194007873535, 23.561607360839844, 23.438112258911133, 21.511707305908203, 28.02448081970215, 17.9687557220459, 21.99755859375, 21.832157135009766, 22.988483428955078, 23.927804946899414, 20.714826583862305, 21.66893196105957, 21.197616577148438, 21.24385643005371, 24.02768325805664, 21.53772735595703, 19.463966369628906, 23.92566680908203, 21.481287002563477, 24.592926025390625, 22.188892364501953, 25.159109115600586, 24.866497039794922, 21.86672592163086, 25.388446807861328, 25.825681686401367, 22.195728302001953, 20.224212646484375, 23.62157440185547, 24.972009658813477, 23.09978675842285, 21.40865707397461, 23.867691040039062, 21.13351058959961, 18.98759651184082, 21.827566146850586, 26.039207458496094, 21.255916595458984, 21.287052154541016, 19.966562271118164, 19.969879150390625, 22.814008712768555, 21.04915428161621, 21.478281021118164, 29.540203094482422, 23.337888717651367, 21.10830307006836, 20.303382873535156, 22.49652862548828, 22.54288101196289, 26.328332901000977, 24.134950637817383, 26.10061264038086, 20.529380798339844, 25.157310485839844, 25.683609008789062, 20.783130645751953, 18.23624038696289, 25.692989349365234, 22.214279174804688, 20.323057174682617, 23.245960235595703, 23.305007934570312, 18.118301391601562, 18.860488891601562, 24.56240463256836, 22.255565643310547, 20.897560119628906, 25.12969970703125, 26.451648712158203, 21.71818733215332, 18.927427291870117, 21.663482666015625, 30.676477432250977, 22.431678771972656, 21.450180053710938, 22.800092697143555, 21.71337127685547, 25.207605361938477, 21.219606399536133, 24.449237823486328, 18.95892906188965, 23.041522979736328, 22.367990493774414, 20.162927627563477, 24.103899002075195, 20.534915924072266, 26.263877868652344, 21.367534637451172, 23.886356353759766, 19.880245208740234, 25.049301147460938, 18.719213485717773, 26.594030380249023, 20.540353775024414, 25.21692657470703, 25.523832321166992, 20.092620849609375, 22.101764678955078, 23.147581100463867, 21.63825035095215, 22.30200958251953, 24.781667709350586, 20.764240264892578, 22.1549129486084, 23.807567596435547, 22.08773422241211, 27.96170997619629],