{"checkpoint": "outputs/r19_bgsfon_s97/model_0030000.pth", "num_scenes": 256, "psnr": 22.4540138207376, "lpips": 0.2802050994359888, "psnr_std_err": 0.148976117811005, "per_scene_psnr": [18.837366104125977, 21.11133575439453, 20.491798400878906, 19.18100357055664, 25.036426544189453, 23.41413688659668, 23.370515823364258, 24.7264404296875, 20.3399658203125, 21.174304962158203, 24.74957275390625, 21.170242309570312, 22.789480209350586, 21.287458419799805, 21.845684051513672, 22.35486602783203, 20.247900009155273, 23.673904418945312, 23.29012107849121, 21.31082534790039, 20.658092498779297, 22.698688507080078, 23.320417404174805, 24.554758071899414, 24.997236251831055, 23.14593505859375, 22.6820011138916, 18.2807559967041, 25.355628967285156, 23.687753677368164, 25.489072799682617, 22.053043365478516, 21.31537437438965, 21.67791748046875, 23.580209732055664, 18.176158905029297, 20.508174896240234, 22.076614379882812, 24.783859252929688, 20.45244026184082, 23.270761489868164, 18.97157859802246, 21.552894592285156, 22.210594177246094, 21.140729904174805, 20.79110336303711, 21.767127990722656, 21.398258209228516, 20.85012435913086, 21.05681610107422, 24.244279861450195, 23.770057678222656, 23.165504455566406, 21.220491409301758, 21.79485321044922, 23.924177169799805, 19.885910034179688, 25.486116409301758, 23.178546905517578, 25.866275787353516, 22.36968231201172, 24.50414276123047, 23.19847297668457, 23.42303466796875, 21.330747604370117, 22.343156814575195, 21.474950790405273, 21.22289276123047, 21.69686508178711, 20.917652130126953, 24.162681579589844, 22.070335388183594, 24.428054809570312, 23.08056640625, 21.082704544067383, 19.864072799682617, 20.42540740966797, 23.947223663330078, 23.567190170288086, 22.308536529541016, 18.26464080810547, 21.779462814331055, 25.393552780151367, 22.559467315673828, 23.061830520629883, 22.633026123046875, 23.053930282592773, 25.877723693847656, 26.736278533935547, 20.09479331970215, 21.43389892578125, 18.724573135375977, 21.70391273498535, 23.101863861083984, 25.821155548095703, 21.46072006225586, 17.22152328491211, 14.697150230407715, 27.992963790893555, 20.39807891845703, 18.351537704467773, 19.99228286743164, 22.487083435058594, 23.921218872070312, 24.879047393798828, 21.05394744873047, 17.07170295715332, 24.316396713256836, 22.509897232055664, 20.97945785522461, 24.902442932128906, 22.68415069580078, 23.672788619995117, 21.360319137573242, 22.384366989135742, 17.666051864624023, 30.313589096069336, 22.898231506347656, 27.907188415527344, 24.581193923950195, 23.434436798095703, 21.206275939941406, 21.877519607543945, 20.70248794555664, 21.18121337890625, 18.8016300201416, 24.52150535583496, 23.413082122802734, 24.675214767456055, 20.44167709350586, 23.141948699951172, 22.94357681274414, 20.889015197753906, 22.270366668701172, 20.51227569580078, 20.222911834716797, 21.700401306152344, 27.09532928466797, 22.664011001586914, 20.888574600219727, 22.013729095458984, 17.59589958190918, 19.955970764160156, 26.478309631347656, 23.0422306060791, 24.811988830566406, 22.49833106994629, 16.273052215576172, 25.26769256591797, 23.48379898071289, 23.558252334594727, 21.48040771484375, 28.295574188232422, 17.92530632019043, 22.14038848876953, 21.606998443603516, 22.987533569335938, 23.985702514648438, 20.74007797241211, 21.49003791809082, 21.33378791809082, 21.295461654663086, 23.79543685913086, 21.8099308013916, 19.345380783081055, 23.960763931274414, 21.263647079467773, 24.479454040527344, 22.018930435180664, 25.122262954711914, 24.710988998413086, 21.95549201965332, 25.240825653076172, 25.78070831298828, 22.08492088317871, 20.29279327392578, 23.55999755859375, 24.881561279296875, 23.011911392211914, 21.3758487701416, 23.779603958129883, 21.351078033447266, 19.3410701751709, 22.001201629638672, 25.94202423095703, 21.3898868560791, 21.469036102294922, 19.81513786315918, 19.890920639038086, 22.660377502441406, 20.93646812438965, 21.685359954833984, 29.436294555664062, 23.139955520629883, 21.07612419128418, 20.575550079345703, 22.610374450683594, 22.513734817504883, 26.048721313476562, 24.10395050048828, 25.567750930786133, 20.317302703857422, 25.254240036010742, 25.609291076660156, 20.89202117919922, 18.298389434814453, 25.729698181152344, 22.08937644958496, 20.278806686401367, 23.38355827331543, 23.368892669677734, 18.352943420410156, 18.952716827392578, 24.635009765625, 22.21539306640625, 20.886463165283203, 25.082426071166992, 26.551467895507812, 21.82670783996582, 19.15647315979004, 21.970516204833984, 30.69952392578125, 22.723073959350586, 21.369333267211914, 23.313377380371094, 21.645801544189453, 25.385597229003906, 21.21180534362793, 24.477128982543945, 18.747697830200195, 23.00288200378418, 22.314348220825195, 20.12268829345703, 23.99885368347168, 20.358991622924805, 26.225032806396484, 21.15268898010254, 23.484481811523438, 19.710840225219727, 25.07904815673828, 18.885713577270508, 26.582014083862305, 20.677349090576172, 25.51629066467285, 25.555410385131836, 20.414596557617188, 22.444581985473633, 23.387542724609375, 21.566972732543945, 22.139680862426758, 24.9814453125, 20.916444778442383, 22.368038177490234, 23.59424591064453, 21.99797821044922, 27.649383544921875],