{"checkpoint": "outputs/r21_gfna_lr128_s95/model_0030000.pth", "num_scenes": 256, "psnr": 22.745188355445862, "lpips": 0.2670298768207431, "psnr_std_err": 0.14915545644428108, "per_scene_psnr": [19.04392433166504, 21.72924041748047, 20.816356658935547, 19.705453872680664, 25.731487274169922, 23.689186096191406, 23.759445190429688, 24.883529663085938, 20.42192268371582, 21.812713623046875, 25.158918380737305, 21.29035186767578, 23.017366409301758, 21.490726470947266, 22.186508178710938, 22.39330291748047, 20.221698760986328, 24.42186164855957, 23.941688537597656, 21.31884765625, 20.538864135742188, 23.078887939453125, 23.902259826660156, 24.969070434570312, 25.091999053955078, 24.277780532836914, 22.924211502075195, 18.779008865356445, 25.512920379638672, 23.927597045898438, 25.880794525146484, 22.1646671295166, 21.548202514648438, 21.971729278564453, 24.058124542236328, 18.181655883789062, 20.782297134399414, 22.221689224243164, 25.07755470275879, 20.768108367919922, 23.55221939086914, 19.044200897216797, 22.06761360168457, 22.381093978881836, 21.85540771484375, 21.04391860961914, 21.849821090698242, 21.895811080932617, 21.15878677368164, 21.10560417175293, 24.756763458251953, 24.07971954345703, 23.498493194580078, 21.558792114257812, 22.085311889648438, 24.142250061035156, 19.951313018798828, 25.578773498535156, 23.489776611328125, 26.049640655517578, 22.493274688720703, 24.997026443481445, 23.55651092529297, 23.72645378112793, 21.28812026977539, 22.50739097595215, 21.680770874023438, 21.457725524902344, 21.809932708740234, 21.287763595581055, 24.370689392089844, 22.16796875, 24.092008590698242, 23.266603469848633, 21.161846160888672, 20.086214065551758, 20.62374496459961, 24.543704986572266, 23.962852478027344, 22.18990135192871, 18.370891571044922, 21.736644744873047, 25.975122451782227, 22.59491729736328, 23.3848876953125, 22.916126251220703, 23.263914108276367, 25.957529067993164, 26.995101928710938, 20.060922622680664, 21.76170539855957, 18.96934700012207, 21.978227615356445, 23.257526397705078, 26.275941848754883, 22.21795082092285, 17.622413635253906, 14.898473739624023, 28.466278076171875, 21.009540557861328, 18.449819564819336, 20.52121925354004, 22.968137741088867, 24.238773345947266, 25.13035774230957, 21.423446655273438, 16.879161834716797, 24.582923889160156, 22.610942840576172, 21.236465454101562, 25.186542510986328, 23.007030487060547, 23.842239379882812, 22.013214111328125, 22.590667724609375, 17.624221801757812, 30.519664764404297, 23.30337142944336, 28.210718154907227, 24.769094467163086, 24.050416946411133, 21.50270652770996, 23.04995346069336, 21.077590942382812, 21.243270874023438, 19.055845260620117, 24.91670799255371, 23.708919525146484, 24.728872299194336, 20.630456924438477, 23.588178634643555, 23.085906982421875, 23.078033447265625, 22.452152252197266, 20.618860244750977, 20.345287322998047, 22.395906448364258, 27.441940307617188, 22.95941925048828, 21.18828582763672, 22.233295440673828, 17.6231632232666, 20.066205978393555, 26.652109146118164, 23.103626251220703, 25.243824005126953, 22.690704345703125, 18.04914665222168, 25.760540008544922, 23.93777084350586, 23.866649627685547, 21.789222717285156, 28.45346450805664, 18.37044906616211, 22.33384132385254, 21.756942749023438, 23.656333923339844, 24.244571685791016, 21.1878604888916, 21.35729217529297, 21.666961669921875, 21.55841636657715, 24.08038902282715, 21.80496597290039, 19.377180099487305, 24.11258316040039, 21.34267807006836, 24.880226135253906, 22.35167694091797, 25.549585342407227, 24.85919761657715, 21.93375015258789, 25.542282104492188, 26.025279998779297, 22.36475944519043, 20.999601364135742, 23.916488647460938, 24.79131507873535, 23.236082077026367, 21.888965606689453, 23.91057777404785, 21.36223602294922, 19.45279884338379, 22.187623977661133, 25.95876693725586, 21.369049072265625, 21.693857192993164, 19.930089950561523, 20.246807098388672, 22.758323669433594, 21.226821899414062, 21.82103729248047, 29.700572967529297, 23.567800521850586, 21.376331329345703, 20.685840606689453, 23.35709571838379, 22.520729064941406, 26.231136322021484, 24.23741340637207, 25.728530883789062, 20.61651611328125, 25.348114013671875, 25.85838508605957, 21.302288055419922, 18.608427047729492, 25.88701057434082, 22.393421173095703, 20.677860260009766, 23.362220764160156, 23.76112937927246, 18.892620086669922, 20.69305419921875, 25.01539421081543, 22.378204345703125, 21.267391204833984, 25.21263885498047, 26.81216049194336, 21.88718032836914, 19.36805534362793, 22.945743560791016, 31.034770965576172, 22.985898971557617, 21.426923751831055, 23.612897872924805, 21.786224365234375, 25.873279571533203, 21.308074951171875, 25.033302307128906, 19.63859748840332, 23.147428512573242, 22.417781829833984, 20.33138656616211, 24.276111602783203, 20.268695831298828, 26.27481460571289, 21.239774703979492, 23.576881408691406, 19.67441177368164, 25.436206817626953, 19.130062103271484, 26.94811248779297, 20.93609619140625, 26.44731330871582, 25.784643173217773, 21.177780151367188, 22.542612075805664, 23.594072341918945, 21.69782257080078, 22.53620147705078, 24.95467185974121, 21.434246063232422, 23.089340209960938, 23.692703247070312, 22.278182983398438, 27.86228370666504],