{"checkpoint": "outputs/r21_gfn_lr64_s97/model_0030000.pth", "num_scenes": 256, "psnr": 22.60010902583599, "lpips": 0.27014362334739417, "psnr_std_err": 0.14723512493072696, "per_scene_psnr": [18.854978561401367, 21.69740867614746, 20.498716354370117, 19.419506072998047, 25.356714248657227, 23.469083786010742, 23.599145889282227, 24.77750587463379, 20.452482223510742, 21.495344161987305, 25.006132125854492, 21.167009353637695, 22.955211639404297, 21.412761688232422, 21.933095932006836, 22.303974151611328, 20.060178756713867, 24.433868408203125, 23.776119232177734, 22.07379150390625, 21.019264221191406, 22.897777557373047, 23.701488494873047, 24.70065689086914, 24.924802780151367, 23.783573150634766, 22.677410125732422, 18.586780548095703, 25.2183895111084, 23.60832405090332, 25.57312774658203, 22.03009605407715, 21.522605895996094, 22.04864501953125, 23.919387817382812, 18.297466278076172, 20.616666793823242, 22.03599739074707, 24.869464874267578, 20.834671020507812, 23.24665069580078, 19.058826446533203, 21.934282302856445, 22.29193878173828, 21.860429763793945, 20.726058959960938, 21.912277221679688, 21.488670349121094, 21.046283721923828, 20.866943359375, 24.430435180664062, 23.81964683532715, 23.25996208190918, 21.510210037231445, 21.836353302001953, 23.963115692138672, 19.757965087890625, 25.52302360534668, 23.17214584350586, 25.77001953125, 22.294174194335938, 24.28276252746582, 23.290966033935547, 23.41648292541504, 21.207311630249023, 22.29911994934082, 21.44043731689453, 21.269371032714844, 21.82461166381836, 20.99372100830078, 24.119539260864258, 22.018096923828125, 24.01066780090332, 22.799468994140625, 21.10783576965332, 19.889404296875, 20.63113784790039, 24.34719467163086, 23.75847625732422, 22.28628921508789, 18.363052368164062, 21.864418029785156, 25.776065826416016, 22.48080825805664, 23.105318069458008, 22.85214614868164, 23.11423110961914, 25.881528854370117, 26.87138557434082, 20.029781341552734, 21.601295471191406, 18.795047760009766, 21.906776428222656, 23.089693069458008, 25.90814208984375, 21.94357681274414, 17.463254928588867, 14.805231094360352, 28.482341766357422, 20.84089469909668, 18.37959098815918, 20.382062911987305, 23.02577018737793, 24.007251739501953, 24.971885681152344, 21.229549407958984, 17.2463321685791, 24.501548767089844, 22.464401245117188, 21.0237979888916, 24.90900993347168, 22.844057083129883, 23.670795440673828, 21.851320266723633, 22.37493896484375, 17.481611251831055, 30.385255813598633, 23.10753631591797, 28.157339096069336, 24.529829025268555, 23.733394622802734, 21.636754989624023, 22.879993438720703, 20.888261795043945, 21.311878204345703, 19.104049682617188, 24.920055389404297, 23.615158081054688, 24.95966911315918, 20.410232543945312, 23.545387268066406, 23.03349494934082, 21.946393966674805, 22.335222244262695, 20.562307357788086, 20.12906265258789, 22.12775993347168, 27.269765853881836, 22.782691955566406, 21.03033447265625, 22.061731338500977, 17.536638259887695, 20.380380630493164, 26.550188064575195, 23.049606323242188, 24.908275604248047, 22.596527099609375, 18.86914825439453, 25.592361450195312, 24.116628646850586, 23.394569396972656, 21.609725952148438, 28.219072341918945, 18.503385543823242, 22.186031341552734, 21.69607162475586, 23.43743896484375, 24.216381072998047, 20.998302459716797, 21.28096580505371, 21.47409439086914, 21.389877319335938, 23.773971557617188, 21.575496673583984, 19.308712005615234, 24.002267837524414, 21.17068862915039, 24.396427154541016, 22.17435073852539, 25.384273529052734, 24.640485763549805, 21.799161911010742, 25.64601707458496, 25.78818130493164, 22.236865997314453, 20.84052276611328, 23.841033935546875, 24.791040420532227, 23.048097610473633, 21.631868362426758, 24.02655601501465, 21.575122833251953, 19.219863891601562, 22.012550354003906, 25.885278701782227, 21.33725357055664, 21.65630531311035, 19.6982364654541, 19.92560577392578, 22.584522247314453, 21.14107894897461, 21.778974533081055, 29.399463653564453, 23.3917236328125, 21.16558265686035, 20.47715950012207, 23.145862579345703, 22.601226806640625, 26.04041290283203, 24.230012893676758, 25.50074005126953, 20.216732025146484, 25.263919830322266, 25.657384872436523, 21.093027114868164, 18.515609741210938, 25.75739097595215, 22.15390396118164, 20.69882583618164, 23.53866958618164, 23.420446395874023, 18.798397064208984, 19.982297897338867, 25.102357864379883, 22.211353302001953, 20.820444107055664, 25.191953659057617, 26.591007232666016, 21.876197814941406, 19.409461975097656, 22.48835563659668, 30.608003616333008, 22.850406646728516, 21.23277473449707, 23.63625717163086, 21.985546112060547, 25.775938034057617, 21.276832580566406, 24.941329956054688, 19.341524124145508, 22.998693466186523, 22.395427703857422, 20.236520767211914, 24.205705642700195, 20.179378509521484, 26.229042053222656, 21.047107696533203, 23.414993286132812, 19.483797073364258, 25.32204818725586, 18.74770164489746, 27.003936767578125, 20.733911514282227, 25.935583114624023, 25.697805404663086, 20.596940994262695, 22.306751251220703, 23.388002395629883, 21.425764083862305, 22.150081634521484, 24.694839477539062, 21.26093292236328, 23.150402069091797, 23.540494918823242, 22.16517448425293, 27.65744972229004],