{"checkpoint": "outputs/r18_proj_boost_s95/model_0030000.pth", "num_scenes": 256, "psnr": 22.060648158192635, "lpips": 0.2900904190610163, "psnr_std_err": 0.1462859781978093, "per_scene_psnr": [18.480680465698242, 20.672046661376953, 20.196834564208984, 18.933786392211914, 23.92147445678711, 22.896318435668945, 22.751819610595703, 24.297311782836914, 20.161758422851562, 20.964191436767578, 24.47456169128418, 20.84354019165039, 22.286684036254883, 20.832313537597656, 21.758451461791992, 22.061126708984375, 19.991689682006836, 23.287372589111328, 23.334537506103516, 21.3498477935791, 20.06614875793457, 22.37775421142578, 22.95184898376465, 23.890949249267578, 24.43498992919922, 22.896015167236328, 22.220382690429688, 17.945762634277344, 25.026445388793945, 23.36681365966797, 25.108919143676758, 21.75422477722168, 20.693195343017578, 21.325166702270508, 23.131277084350586, 17.927623748779297, 20.1512451171875, 21.70919418334961, 24.455976486206055, 20.113666534423828, 22.98785400390625, 18.23770523071289, 21.17459487915039, 21.7716007232666, 21.182357788085938, 20.530147552490234, 21.559354782104492, 21.050413131713867, 20.63798713684082, 20.67026138305664, 23.480070114135742, 23.34744644165039, 22.679670333862305, 20.568370819091797, 21.324695587158203, 23.45056915283203, 19.499420166015625, 25.20713996887207, 22.59395408630371, 25.324289321899414, 22.171466827392578, 23.48450469970703, 22.828372955322266, 23.047901153564453, 20.94438934326172, 21.757917404174805, 21.095733642578125, 20.90289878845215, 21.055313110351562, 20.256675720214844, 23.617835998535156, 21.597187042236328, 23.792505264282227, 22.680654525756836, 20.845529556274414, 19.58831024169922, 20.07107925415039, 23.587627410888672, 23.528688430786133, 21.867549896240234, 18.069732666015625, 21.361793518066406, 25.04639434814453, 21.949859619140625, 22.707979202270508, 22.26825523376465, 22.41806983947754, 25.557395935058594, 26.650794982910156, 19.52091407775879, 21.154767990112305, 18.47345733642578, 21.551822662353516, 22.649494171142578, 25.179107666015625, 20.715312957763672, 16.92163848876953, 14.474931716918945, 27.714557647705078, 20.00230598449707, 18.04786491394043, 19.824546813964844, 22.378170013427734, 23.292905807495117, 24.166833877563477, 20.66745948791504, 16.981203079223633, 23.886302947998047, 21.90243911743164, 20.459014892578125, 24.36161994934082, 22.0963077545166, 23.303117752075195, 20.699695587158203, 21.97265625, 17.337543487548828, 29.82485580444336, 22.716388702392578, 27.49681854248047, 23.90460205078125, 22.898273468017578, 20.989635467529297, 21.706661224365234, 20.45233154296875, 20.816251754760742, 18.40951156616211, 24.247764587402344, 23.143970489501953, 24.315603256225586, 20.074661254882812, 22.76820182800293, 22.37472915649414, 20.7589111328125, 21.659496307373047, 20.130630493164062, 19.848268508911133, 21.528789520263672, 26.316253662109375, 22.323801040649414, 20.330228805541992, 21.751827239990234, 17.410511016845703, 19.367128372192383, 25.953712463378906, 22.728425979614258, 24.261951446533203, 22.35724639892578, 16.156925201416016, 25.230714797973633, 23.06816864013672, 22.847509384155273, 21.22854232788086, 27.46578025817871, 17.795167922973633, 21.71920394897461, 21.3641357421875, 22.677135467529297, 23.570100784301758, 20.584941864013672, 21.26399803161621, 20.696819305419922, 20.881214141845703, 23.34542465209961, 21.240646362304688, 19.09885025024414, 23.430788040161133, 20.98172378540039, 23.862289428710938, 21.497285842895508, 24.78005599975586, 24.38439178466797, 21.484020233154297, 25.067962646484375, 25.516151428222656, 21.827926635742188, 19.994091033935547, 23.21241569519043, 24.37993049621582, 22.841646194458008, 21.17300796508789, 23.540132522583008, 20.489900588989258, 18.567134857177734, 21.39215660095215, 25.60479164123535, 20.989471435546875, 21.097352981567383, 19.56125259399414, 19.502866744995117, 22.27823257446289, 20.905458450317383, 21.54273223876953, 29.007204055786133, 22.86344337463379, 20.730289459228516, 20.128955841064453, 22.22599983215332, 22.283430099487305, 25.585216522216797, 23.534317016601562, 24.970172882080078, 20.003755569458008, 24.76132583618164, 25.351579666137695, 20.749866485595703, 17.98015594482422, 25.238903045654297, 21.91585922241211, 19.97602081298828, 22.858762741088867, 22.947084426879883, 17.8447322845459, 19.400333404541016, 24.163969039916992, 21.684091567993164, 20.341901779174805, 24.561725616455078, 26.223772048950195, 21.12954330444336, 18.97542381286621, 21.220247268676758, 30.525205612182617, 22.09360122680664, 20.878692626953125, 22.56603240966797, 21.352859497070312, 24.666213989257812, 20.998191833496094, 23.852699279785156, 18.62481689453125, 22.75811004638672, 21.97594451904297, 19.977609634399414, 23.651887893676758, 19.979143142700195, 25.95138168334961, 20.76660919189453, 23.131900787353516, 19.375242233276367, 24.7115421295166, 18.379884719848633, 25.976669311523438, 19.877071380615234, 25.20562744140625, 24.720888137817383, 19.92916488647461, 21.900039672851562, 22.64098358154297, 21.085355758666992, 21.802265167236328, 24.718040466308594, 20.614988327026367, 21.972787857055664, 23.148197174072266, 22.037097930908203, 27.20294761657715],