{"checkpoint": "outputs/r19_bgsfon_lr128_s95/model_0030000.pth", "num_scenes": 256, "psnr": 23.083237148821354, "lpips": 0.25498931139009073, "psnr_std_err": 0.15294228293608877, "per_scene_psnr": [19.5902099609375, 22.305923461914062, 21.17233657836914, 19.776588439941406, 25.89740753173828, 24.124008178710938, 24.282020568847656, 25.131927490234375, 20.762975692749023, 22.096927642822266, 25.93500518798828, 21.67201042175293, 23.280107498168945, 21.906932830810547, 22.33127212524414, 22.876651763916016, 20.44073486328125, 24.495834350585938, 24.05012321472168, 21.804805755615234, 21.412017822265625, 23.526735305786133, 23.947887420654297, 25.22570037841797, 25.807153701782227, 24.570863723754883, 23.16387176513672, 18.955989837646484, 25.613452911376953, 24.151958465576172, 26.345003128051758, 22.46434211730957, 21.73853302001953, 22.33145523071289, 24.309703826904297, 18.38651466369629, 21.15717315673828, 22.642641067504883, 25.234390258789062, 21.41802215576172, 23.984161376953125, 19.456073760986328, 22.253643035888672, 22.768678665161133, 21.84151840209961, 20.897727966308594, 22.406585693359375, 22.14855194091797, 21.597402572631836, 21.34885597229004, 25.332046508789062, 24.49051856994629, 24.052570343017578, 22.061403274536133, 22.717140197753906, 24.495513916015625, 20.12444496154785, 25.98674774169922, 23.864612579345703, 26.36924934387207, 22.811904907226562, 25.47032928466797, 24.234697341918945, 24.118797302246094, 21.71905517578125, 22.97012710571289, 22.159767150878906, 21.815874099731445, 21.688095092773438, 21.76255226135254, 24.48879051208496, 22.559263229370117, 25.54010772705078, 23.557708740234375, 21.541624069213867, 20.361316680908203, 21.051265716552734, 24.505102157592773, 24.27886962890625, 22.44635581970215, 18.744239807128906, 21.892669677734375, 26.648923873901367, 23.284923553466797, 23.945560455322266, 23.069955825805664, 24.056243896484375, 26.442310333251953, 27.285234451293945, 20.368980407714844, 22.0223388671875, 18.976350784301758, 22.035110473632812, 23.637619018554688, 26.47408676147461, 22.658903121948242, 17.90557289123535, 14.784780502319336, 28.866872787475586, 21.315570831298828, 18.868589401245117, 20.604061126708984, 23.047800064086914, 24.897863388061523, 25.347501754760742, 21.644317626953125, 17.156253814697266, 24.829444885253906, 23.214630126953125, 21.599138259887695, 25.418813705444336, 23.29023551940918, 24.32166862487793, 22.336790084838867, 23.000974655151367, 17.790054321289062, 31.0786075592041, 23.595111846923828, 28.529674530029297, 25.541446685791016, 24.54926300048828, 21.507041931152344, 23.142375946044922, 21.01987648010254, 21.593955993652344, 19.344791412353516, 25.067848205566406, 24.00501251220703, 25.08672332763672, 20.947467803955078, 23.712026596069336, 23.714820861816406, 22.542606353759766, 22.842809677124023, 21.16253089904785, 20.383012771606445, 22.618656158447266, 28.017749786376953, 23.363605499267578, 21.629798889160156, 22.359800338745117, 17.867586135864258, 20.581329345703125, 26.91868019104004, 23.40651512145996, 25.41925811767578, 22.978347778320312, 17.878334045410156, 25.95609474182129, 24.44931411743164, 24.25034523010254, 21.941478729248047, 29.044815063476562, 18.79437255859375, 22.610984802246094, 21.979106903076172, 24.066043853759766, 24.65285873413086, 21.23187828063965, 21.916488647460938, 22.147132873535156, 21.762279510498047, 24.516372680664062, 22.150819778442383, 19.55512237548828, 24.796329498291016, 21.52402687072754, 25.068483352661133, 22.9201602935791, 25.858356475830078, 25.241241455078125, 22.162425994873047, 25.85024070739746, 26.043758392333984, 22.713409423828125, 21.172182083129883, 24.436494827270508, 25.15258026123047, 23.42629623413086, 22.185218811035156, 24.346120834350586, 21.802988052368164, 19.607450485229492, 22.865373611450195, 26.067676544189453, 21.517711639404297, 22.085294723510742, 20.142362594604492, 20.21904945373535, 23.211896896362305, 21.392948150634766, 22.040023803710938, 30.22146224975586, 23.801700592041016, 21.605499267578125, 21.188549041748047, 23.393239974975586, 23.190933227539062, 26.789274215698242, 24.91610336303711, 26.449241638183594, 20.98055076599121, 25.814186096191406, 26.251564025878906, 21.465120315551758, 18.835037231445312, 26.21373748779297, 22.688310623168945, 21.009597778320312, 23.962495803833008, 24.084911346435547, 18.920982360839844, 20.603425979614258, 25.552595138549805, 23.06516456604004, 21.823806762695312, 25.787307739257812, 27.308988571166992, 22.312013626098633, 19.818740844726562, 22.952659606933594, 31.432758331298828, 23.4634952545166, 21.844358444213867, 24.189651489257812, 22.028274536132812, 26.234777450561523, 21.656173706054688, 25.687667846679688, 19.94356346130371, 23.448768615722656, 22.73135757446289, 20.543481826782227, 24.28293228149414, 20.60163688659668, 26.66336441040039, 21.634353637695312, 24.0504093170166, 20.16434097290039, 25.535518646240234, 19.41716957092285, 27.63961410522461, 21.358924865722656, 26.77412223815918, 26.486852645874023, 20.97327423095703, 22.922487258911133, 24.09282875061035, 21.96416664123535, 22.719200134277344, 25.030750274658203, 21.731922149658203, 23.50075912475586, 24.139297485351562, 22.313560485839844, 28.41676902770996],