{"checkpoint": "outputs/r11_loop_l2x4_epavg_s95/model_0030000.pth", "num_scenes": 256, "psnr": 22.19202398508787, "lpips": 0.2870673104771413, "psnr_std_err": 0.14840068633140602, "per_scene_psnr": [18.718032836914062, 20.625003814697266, 20.53195571899414, 18.952558517456055, 23.833354949951172, 23.149700164794922, 22.935867309570312, 24.387453079223633, 20.23672866821289, 21.15166473388672, 24.63700294494629, 20.822021484375, 22.489696502685547, 21.014881134033203, 21.850662231445312, 22.212722778320312, 20.24653434753418, 23.637035369873047, 23.527931213378906, 21.18381118774414, 20.061050415039062, 22.66584587097168, 23.00661277770996, 24.191923141479492, 24.899080276489258, 22.803516387939453, 22.301593780517578, 18.03005027770996, 25.302730560302734, 23.51203155517578, 25.181264877319336, 21.722700119018555, 20.818042755126953, 21.88448715209961, 23.11713218688965, 18.143207550048828, 20.120027542114258, 22.009485244750977, 24.6180419921875, 19.657787322998047, 23.164875030517578, 18.46474266052246, 20.974956512451172, 21.921802520751953, 21.098731994628906, 20.6440372467041, 21.521203994750977, 20.971288681030273, 20.806137084960938, 20.873918533325195, 23.561893463134766, 23.470985412597656, 23.028770446777344, 20.5679988861084, 21.66358757019043, 23.57799530029297, 19.684492111206055, 25.39590835571289, 22.896623611450195, 25.695045471191406, 22.275218963623047, 23.70795440673828, 22.810565948486328, 23.340511322021484, 21.238906860351562, 21.854658126831055, 21.32633399963379, 20.88678741455078, 21.466594696044922, 20.56362533569336, 23.735729217529297, 21.9407958984375, 24.521257400512695, 23.090085983276367, 21.02106475830078, 19.805923461914062, 20.133798599243164, 23.858688354492188, 23.380887985229492, 21.78981590270996, 18.029953002929688, 21.471275329589844, 25.010568618774414, 22.36661148071289, 22.84677505493164, 22.210529327392578, 22.748435974121094, 25.541839599609375, 26.659103393554688, 19.680986404418945, 21.155250549316406, 18.635583877563477, 21.566818237304688, 22.790586471557617, 25.275131225585938, 21.193349838256836, 17.154136657714844, 14.215826034545898, 27.433216094970703, 20.224159240722656, 18.239391326904297, 19.86850357055664, 22.261686325073242, 23.491954803466797, 24.24644660949707, 20.824291229248047, 17.030336380004883, 23.934486389160156, 22.131404876708984, 20.77348518371582, 24.455272674560547, 22.033084869384766, 23.365489959716797, 20.810182571411133, 22.176151275634766, 17.69577407836914, 30.01055145263672, 22.849159240722656, 27.466903686523438, 24.358394622802734, 22.774768829345703, 20.755802154541016, 21.567493438720703, 20.415937423706055, 20.647254943847656, 18.483470916748047, 24.48221206665039, 23.206689834594727, 24.577905654907227, 20.17398452758789, 22.811891555786133, 22.649290084838867, 19.943340301513672, 21.976726531982422, 20.31036376953125, 20.055448532104492, 21.897720336914062, 26.73175621032715, 22.64250946044922, 20.612070083618164, 21.8293399810791, 17.532846450805664, 19.976444244384766, 26.216949462890625, 23.0390567779541, 24.517864227294922, 22.505455017089844, 15.579193115234375, 25.368654251098633, 23.335800170898438, 23.118200302124023, 21.18343734741211, 27.809383392333984, 17.868911743164062, 21.82373809814453, 21.488338470458984, 22.535232543945312, 23.628131866455078, 20.482751846313477, 21.39025115966797, 20.841176986694336, 21.004419326782227, 23.58562660217285, 21.33713150024414, 19.20993423461914, 23.661901473999023, 21.26987648010254, 24.25458526611328, 21.81267547607422, 24.670793533325195, 24.610687255859375, 21.606542587280273, 24.71303939819336, 25.71371841430664, 21.850149154663086, 20.3255615234375, 23.27479362487793, 24.776729583740234, 22.83066177368164, 21.01390838623047, 23.537410736083984, 20.688230514526367, 18.65021514892578, 21.510948181152344, 25.741994857788086, 21.248661041259766, 21.008163452148438, 19.585159301757812, 19.78697395324707, 22.41547393798828, 21.0003662109375, 21.500185012817383, 29.09832191467285, 22.96207618713379, 20.744417190551758, 20.38117218017578, 22.143333435058594, 22.334980010986328, 26.02857780456543, 23.751178741455078, 25.399761199951172, 20.389053344726562, 24.760746002197266, 25.507192611694336, 20.813064575195312, 17.873632431030273, 25.53702163696289, 22.049175262451172, 20.09400177001953, 22.995647430419922, 23.114221572875977, 18.00267791748047, 19.018648147583008, 24.30647850036621, 22.03810691833496, 20.63874053955078, 24.93984031677246, 26.408050537109375, 21.407854080200195, 18.721622467041016, 21.68701934814453, 30.487995147705078, 22.40352439880371, 20.98593521118164, 22.849075317382812, 21.576091766357422, 24.669010162353516, 21.080236434936523, 24.101409912109375, 18.763450622558594, 22.679136276245117, 22.236461639404297, 19.881135940551758, 23.93917465209961, 20.276166915893555, 26.045188903808594, 21.072282791137695, 23.523082733154297, 19.543842315673828, 24.812244415283203, 18.458450317382812, 25.911867141723633, 20.013025283813477, 25.264408111572266, 25.219322204589844, 20.12660026550293, 21.83307456970215, 22.847862243652344, 21.293542861938477, 21.973522186279297, 24.803077697753906, 20.51046371459961, 21.854106903076172, 23.5584659576416, 21.54442024230957, 27.731040954589844],