{"checkpoint": "outputs/r18_multiboost_s95/model_0030000.pth", "num_scenes": 256, "psnr": 22.269306302070618, "lpips": 0.2868219464435242, "psnr_std_err": 0.14896374054523429, "per_scene_psnr": [18.700969696044922, 20.729393005371094, 20.526493072509766, 19.019866943359375, 24.962677001953125, 23.279876708984375, 23.086984634399414, 24.603343963623047, 20.351825714111328, 21.256601333618164, 24.733436584472656, 20.866239547729492, 22.644174575805664, 21.083457946777344, 21.93122100830078, 22.135997772216797, 20.201005935668945, 23.784423828125, 23.41550064086914, 21.239139556884766, 20.50004005432129, 22.607074737548828, 23.108558654785156, 24.14578628540039, 24.959980010986328, 22.928672790527344, 22.384939193725586, 18.228992462158203, 25.025339126586914, 23.57297706604004, 25.390893936157227, 21.765762329101562, 20.775842666625977, 21.6986083984375, 23.43107032775879, 18.13538932800293, 20.373977661132812, 21.941835403442383, 24.71649169921875, 20.087678909301758, 23.156843185424805, 18.64411163330078, 21.118318557739258, 21.855525970458984, 21.188526153564453, 20.457544326782227, 21.753854751586914, 21.17102813720703, 20.668487548828125, 21.040836334228516, 23.371431350708008, 23.586219787597656, 23.02727508544922, 20.683996200561523, 21.63529396057129, 23.67079734802246, 19.768112182617188, 25.32903480529785, 23.03567886352539, 25.721332550048828, 22.221866607666016, 24.631488800048828, 23.080312728881836, 23.38580322265625, 21.219642639160156, 21.89569854736328, 21.38888931274414, 20.942779541015625, 21.428625106811523, 20.657711029052734, 23.675495147705078, 21.795860290527344, 23.82552146911621, 23.03308868408203, 20.99712371826172, 19.804214477539062, 20.185638427734375, 23.57065200805664, 23.518524169921875, 22.0949649810791, 18.18523597717285, 21.77853775024414, 25.26919937133789, 22.39724349975586, 22.812374114990234, 22.268325805664062, 23.02214813232422, 25.539981842041016, 26.78289794921875, 19.606630325317383, 21.10368537902832, 18.56050682067871, 21.697452545166016, 22.88934898376465, 25.505722045898438, 21.324499130249023, 17.046463012695312, 14.607709884643555, 27.88430404663086, 20.100069046020508, 18.1313533782959, 20.047183990478516, 22.45701026916504, 23.744640350341797, 24.52696990966797, 20.975378036499023, 16.901317596435547, 24.195310592651367, 22.185691833496094, 20.55919647216797, 24.522598266601562, 22.23546028137207, 23.433305740356445, 21.215972900390625, 22.177335739135742, 17.62518882751465, 30.23302459716797, 22.92133140563965, 27.63176155090332, 24.20458221435547, 22.994413375854492, 21.170936584472656, 21.98870849609375, 20.512277603149414, 20.95782470703125, 18.459108352661133, 24.39933967590332, 23.219684600830078, 24.504940032958984, 20.20918846130371, 22.887645721435547, 22.606447219848633, 20.564922332763672, 21.703685760498047, 20.253145217895508, 20.120630264282227, 21.584102630615234, 27.04227066040039, 22.570255279541016, 20.46513557434082, 21.762401580810547, 17.53273582458496, 19.60594367980957, 26.244140625, 22.826213836669922, 24.660062789916992, 22.295713424682617, 16.335752487182617, 25.23090362548828, 23.207111358642578, 23.281414031982422, 21.326969146728516, 28.160083770751953, 18.184091567993164, 21.83249282836914, 21.529708862304688, 22.830984115600586, 23.843534469604492, 20.79410743713379, 21.468780517578125, 21.079729080200195, 21.058555603027344, 23.649188995361328, 21.431264877319336, 19.343578338623047, 23.728734970092773, 21.25324058532715, 24.26278305053711, 21.879846572875977, 25.01206398010254, 24.727909088134766, 21.618146896362305, 24.88918685913086, 25.623394012451172, 22.002456665039062, 20.06966781616211, 23.370174407958984, 24.771020889282227, 22.915061950683594, 21.240816116333008, 23.667766571044922, 20.838796615600586, 18.808094024658203, 21.60915756225586, 25.827863693237305, 21.1922550201416, 21.082271575927734, 19.656728744506836, 19.69509506225586, 22.370586395263672, 20.960214614868164, 21.45484733581543, 29.2507381439209, 23.127460479736328, 21.021087646484375, 20.22831153869629, 22.271198272705078, 22.357189178466797, 26.07917594909668, 23.533971786499023, 25.737438201904297, 20.248577117919922, 25.036218643188477, 25.637401580810547, 20.76398468017578, 17.979412078857422, 25.553943634033203, 22.077138900756836, 20.158803939819336, 23.093244552612305, 23.141937255859375, 18.084197998046875, 18.973419189453125, 24.495750427246094, 21.983156204223633, 20.526411056518555, 24.990751266479492, 26.452068328857422, 21.545866012573242, 19.065187454223633, 21.49332046508789, 30.571815490722656, 22.120410919189453, 21.149139404296875, 22.94475746154785, 21.607866287231445, 25.14387321472168, 21.059371948242188, 24.110328674316406, 18.637651443481445, 22.89031219482422, 22.241455078125, 20.166057586669922, 23.982337951660156, 20.22747230529785, 26.04518699645996, 21.076562881469727, 23.384632110595703, 19.64335823059082, 24.938518524169922, 18.50114631652832, 26.35732650756836, 20.29056167602539, 25.23009490966797, 25.0755615234375, 20.00845718383789, 22.093717575073242, 22.958904266357422, 21.379718780517578, 22.009838104248047, 24.849151611328125, 20.839935302734375, 22.373165130615234, 23.468040466308594, 22.009809494018555, 27.5125675201416],