{"checkpoint": "outputs/r3_loop_l4x2_s95/model_0030000.pth", "num_scenes": 256, "psnr": 22.076729748398066, "lpips": 0.2834691985626705, "psnr_std_err": 0.14721066969680383, "per_scene_psnr": [18.419795989990234, 20.861732482910156, 20.147294998168945, 18.663633346557617, 23.7227725982666, 22.78069496154785, 22.862842559814453, 24.363374710083008, 20.173978805541992, 20.898754119873047, 24.665830612182617, 20.770883560180664, 22.388429641723633, 20.96278953552246, 21.676258087158203, 22.033498764038086, 20.065031051635742, 23.127145767211914, 23.207103729248047, 21.669326782226562, 19.45309066772461, 22.47356414794922, 23.179431915283203, 24.207250595092773, 24.56998062133789, 22.891117095947266, 22.298288345336914, 17.97597312927246, 25.074766159057617, 23.318204879760742, 25.049732208251953, 21.445377349853516, 20.531713485717773, 21.35697364807129, 23.29068374633789, 17.804895401000977, 20.03556251525879, 21.81402015686035, 24.366657257080078, 19.38307762145996, 22.950443267822266, 18.47678565979004, 21.249486923217773, 21.833629608154297, 21.477306365966797, 20.699003219604492, 21.605806350708008, 21.262475967407227, 20.84819984436035, 20.67397689819336, 23.2724609375, 23.280696868896484, 22.831130981445312, 20.895061492919922, 21.509130477905273, 23.408939361572266, 19.60200309753418, 25.11653709411621, 22.703227996826172, 25.193185806274414, 22.165842056274414, 23.710317611694336, 22.67053985595703, 22.754867553710938, 21.02321434020996, 21.65630531311035, 21.119260787963867, 20.89881134033203, 21.343265533447266, 20.711191177368164, 23.80303382873535, 21.75275421142578, 23.443239212036133, 22.68998908996582, 20.866430282592773, 19.567590713500977, 20.013530731201172, 23.871896743774414, 23.345109939575195, 22.035552978515625, 17.980382919311523, 21.122879028320312, 24.828208923339844, 22.096641540527344, 22.745115280151367, 22.329303741455078, 22.491504669189453, 25.07042694091797, 26.480180740356445, 19.311906814575195, 21.293561935424805, 18.45269775390625, 21.672956466674805, 22.671695709228516, 25.108375549316406, 20.944873809814453, 17.12898826599121, 14.410599708557129, 27.570009231567383, 20.090774536132812, 18.07787322998047, 19.80278778076172, 22.46800994873047, 23.181854248046875, 24.30335807800293, 20.79560089111328, 17.339704513549805, 23.85857582092285, 21.952856063842773, 20.686527252197266, 24.55147933959961, 21.936767578125, 23.089126586914062, 20.435821533203125, 22.076255798339844, 17.419803619384766, 29.85845947265625, 22.682186126708984, 27.374792098999023, 24.092138290405273, 22.677749633789062, 21.01030731201172, 21.890789031982422, 20.904159545898438, 20.816953659057617, 18.46634292602539, 24.373329162597656, 22.88387680053711, 24.22724723815918, 20.048606872558594, 23.074077606201172, 22.59796142578125, 19.663677215576172, 21.908248901367188, 20.14705467224121, 19.863969802856445, 21.403366088867188, 26.59268569946289, 22.5307674407959, 20.446348190307617, 21.47718620300293, 17.33675193786621, 19.844905853271484, 26.084157943725586, 22.782743453979492, 24.344188690185547, 22.197162628173828, 15.129034042358398, 25.26927947998047, 23.147871017456055, 23.120464324951172, 21.23249053955078, 27.387113571166992, 17.837566375732422, 22.063676834106445, 21.371265411376953, 22.6998348236084, 23.679264068603516, 20.4468936920166, 21.21337890625, 20.807323455810547, 21.015777587890625, 23.466291427612305, 21.229856491088867, 19.043838500976562, 23.503353118896484, 20.99419403076172, 24.157337188720703, 21.72062873840332, 24.693912506103516, 24.247617721557617, 21.63653564453125, 25.14118003845215, 25.310592651367188, 21.727333068847656, 20.165498733520508, 23.018953323364258, 24.556697845458984, 22.76584815979004, 20.992305755615234, 23.590816497802734, 20.48382568359375, 18.416770935058594, 21.49489974975586, 25.292011260986328, 21.003244400024414, 21.088315963745117, 19.449668884277344, 19.679677963256836, 22.227859497070312, 20.91436767578125, 21.490886688232422, 29.004365921020508, 22.736568450927734, 20.857330322265625, 19.87531852722168, 22.58252716064453, 22.247913360595703, 25.776317596435547, 23.76250457763672, 24.975536346435547, 19.733280181884766, 24.703628540039062, 25.401931762695312, 20.4648380279541, 17.949827194213867, 25.457334518432617, 21.95736312866211, 20.083332061767578, 22.803136825561523, 22.92534637451172, 17.867969512939453, 19.034732818603516, 24.11386489868164, 21.89246940612793, 20.532989501953125, 24.83192253112793, 26.3200740814209, 21.43354034423828, 18.84005355834961, 21.962562561035156, 30.664854049682617, 22.278972625732422, 20.908586502075195, 22.850330352783203, 21.261899948120117, 24.265642166137695, 20.976408004760742, 24.161909103393555, 18.69816017150879, 22.484119415283203, 22.05265998840332, 19.97249412536621, 23.506423950195312, 19.986764907836914, 26.079547882080078, 20.912771224975586, 23.207111358642578, 19.27078628540039, 24.901216506958008, 18.605958938598633, 26.305570602416992, 19.902957916259766, 25.063701629638672, 24.991674423217773, 20.44513702392578, 21.948070526123047, 22.302196502685547, 21.275020599365234, 21.770666122436523, 24.665891647338867, 20.308631896972656, 21.797256469726562, 23.408823013305664, 21.582746505737305, 27.080276489257812],