{
 "expname": "lm_affine_s96",
 "val_loss": 4.06613003090024,
 "ppl": 58.33078688486426,
 "params_M": 16.04839,
 "steps": 12000,
 "tokens": 196608000
}