{
 "expname": "lm_big_l12_s95",
 "val_loss": 3.6214867047965527,
 "ppl": 37.39311904713067,
 "params_M": 195.164196,
 "steps": 15000,
 "tokens": 245760000
}