{"checkpoint": "outputs/r10_loop_l2x4_mom_s95/model_0030000.pth", "num_scenes": 256, "psnr": 22.020937405526638, "lpips": 0.29286202567163855, "psnr_std_err": 0.14710273529490442, "per_scene_psnr": [18.593141555786133, 20.482959747314453, 20.18841552734375, 18.729921340942383, 23.880701065063477, 23.117380142211914, 22.858972549438477, 24.361835479736328, 20.228816986083984, 20.952999114990234, 24.336837768554688, 20.731792449951172, 22.414648056030273, 20.665771484375, 21.767250061035156, 22.066753387451172, 20.04936981201172, 23.319738388061523, 23.27066421508789, 21.226337432861328, 19.910442352294922, 22.51392364501953, 22.938819885253906, 23.832992553710938, 24.53726577758789, 22.604442596435547, 22.27576446533203, 17.92661476135254, 25.017906188964844, 23.341552734375, 25.0961971282959, 21.614215850830078, 20.792728424072266, 21.429597854614258, 23.19310188293457, 17.94300651550293, 19.974952697753906, 21.779136657714844, 24.388179779052734, 19.772214889526367, 22.842975616455078, 18.327482223510742, 20.999984741210938, 21.785388946533203, 20.75609016418457, 20.560644149780273, 21.489242553710938, 20.948131561279297, 20.470462799072266, 20.744461059570312, 23.15863037109375, 23.297948837280273, 22.474849700927734, 20.197052001953125, 21.073104858398438, 23.62744903564453, 19.642431259155273, 25.382225036621094, 22.545063018798828, 25.70680809020996, 22.15151596069336, 23.776473999023438, 22.759654998779297, 22.87403106689453, 21.119186401367188, 21.862829208374023, 20.979957580566406, 20.90999412536621, 21.120832443237305, 20.41947364807129, 23.56255340576172, 21.7070369720459, 23.80609130859375, 22.82221794128418, 20.845867156982422, 19.757883071899414, 20.002422332763672, 23.56773567199707, 23.203784942626953, 21.933788299560547, 18.147357940673828, 20.99939727783203, 24.96109962463379, 22.140743255615234, 22.54503059387207, 22.005502700805664, 22.55903434753418, 25.281391143798828, 26.528099060058594, 19.48223876953125, 20.790788650512695, 18.527639389038086, 21.016651153564453, 22.819738388061523, 24.698884963989258, 20.663265228271484, 16.98574447631836, 14.343353271484375, 27.32414436340332, 19.854106903076172, 18.070682525634766, 19.664979934692383, 22.110366821289062, 23.29715919494629, 24.10686492919922, 20.77943992614746, 16.943376541137695, 23.746652603149414, 22.226844787597656, 20.757068634033203, 24.563749313354492, 21.934371948242188, 23.145296096801758, 20.597219467163086, 22.11699676513672, 17.484561920166016, 29.695865631103516, 22.626388549804688, 27.386524200439453, 24.10226821899414, 22.470603942871094, 20.921161651611328, 21.483022689819336, 20.27400779724121, 20.655689239501953, 18.470102310180664, 24.393911361694336, 23.12803077697754, 24.334104537963867, 20.07228660583496, 22.46018409729004, 22.22538948059082, 20.298553466796875, 21.51370620727539, 19.958351135253906, 20.034591674804688, 21.515335083007812, 26.446142196655273, 22.341938018798828, 20.274051666259766, 21.696617126464844, 17.414709091186523, 19.56549072265625, 25.99613380432129, 22.88100242614746, 24.259443283081055, 22.29227066040039, 15.725004196166992, 25.260921478271484, 23.174715042114258, 23.081806182861328, 21.110532760620117, 27.769155502319336, 17.851856231689453, 21.704147338867188, 21.43777847290039, 22.528175354003906, 23.55079460144043, 20.52802276611328, 21.20608139038086, 20.531524658203125, 20.904804229736328, 23.408823013305664, 21.313758850097656, 19.067066192626953, 23.59197235107422, 21.03713035583496, 24.119997024536133, 21.475601196289062, 24.622631072998047, 24.3482608795166, 21.661699295043945, 24.843692779541016, 25.279388427734375, 21.828157424926758, 20.063308715820312, 22.991737365722656, 24.74600601196289, 22.351917266845703, 20.80806541442871, 23.406503677368164, 20.3338623046875, 18.580612182617188, 21.176864624023438, 25.52847671508789, 21.03009796142578, 20.981027603149414, 19.5058650970459, 19.663732528686523, 22.16118621826172, 20.872814178466797, 21.306116104125977, 29.006528854370117, 22.755338668823242, 20.695354461669922, 19.801319122314453, 22.2548770904541, 22.20699691772461, 25.61044692993164, 23.612794876098633, 24.995750427246094, 20.193464279174805, 24.613731384277344, 25.303142547607422, 20.596961975097656, 17.823631286621094, 25.353185653686523, 21.865522384643555, 19.91023826599121, 22.615764617919922, 22.850839614868164, 17.61627960205078, 18.91741180419922, 24.216529846191406, 21.727569580078125, 20.267208099365234, 24.760982513427734, 26.227188110351562, 21.280712127685547, 18.744892120361328, 21.383153915405273, 30.65115737915039, 22.064496994018555, 20.92551040649414, 22.442873001098633, 21.542512893676758, 24.431068420410156, 20.915584564208984, 23.872106552124023, 18.52878761291504, 22.705894470214844, 22.06783676147461, 19.865468978881836, 23.65298843383789, 20.10626220703125, 25.830114364624023, 20.727155685424805, 23.058574676513672, 19.70415496826172, 24.839271545410156, 18.11761474609375, 25.815139770507812, 20.098400115966797, 25.095478057861328, 24.65719985961914, 19.946176528930664, 21.68175506591797, 22.610774993896484, 21.07610321044922, 21.827362060546875, 24.725038528442383, 20.49271583557129, 21.765031814575195, 23.11874008178711, 21.724443435668945, 27.247831344604492],