{"checkpoint": "outputs/r18_boost_s96/model_0030000.pth", "num_scenes": 256, "psnr": 22.11189027875662, "lpips": 0.2880510805407539, "psnr_std_err": 0.1478654275428751, "per_scene_psnr": [18.695138931274414, 20.63561248779297, 20.299922943115234, 18.82265281677246, 24.064943313598633, 23.09039306640625, 23.0872802734375, 24.543643951416016, 20.280860900878906, 20.95501136779785, 24.480026245117188, 20.6876163482666, 22.400741577148438, 20.886201858520508, 21.866281509399414, 22.075294494628906, 19.98914337158203, 23.335647583007812, 23.46532440185547, 21.36217498779297, 20.127735137939453, 22.55622673034668, 22.977493286132812, 24.207721710205078, 24.796283721923828, 22.751224517822266, 22.23252296447754, 18.006980895996094, 25.14562225341797, 23.491928100585938, 25.17787742614746, 21.615985870361328, 20.887327194213867, 21.611555099487305, 23.087766647338867, 17.998958587646484, 20.165828704833984, 21.899261474609375, 24.578689575195312, 19.455347061157227, 22.90166473388672, 18.37177085876465, 21.210254669189453, 21.818199157714844, 20.956096649169922, 20.451114654541016, 21.465456008911133, 21.03727149963379, 20.764530181884766, 20.806734085083008, 23.346158981323242, 23.400283813476562, 22.576690673828125, 20.646644592285156, 21.360694885253906, 23.74018096923828, 19.71613311767578, 25.383623123168945, 22.703723907470703, 25.614168167114258, 22.135202407836914, 23.799287796020508, 22.87384796142578, 23.0594539642334, 21.261445999145508, 21.76856231689453, 21.092914581298828, 21.078569412231445, 21.279468536376953, 20.693939208984375, 23.577281951904297, 21.844547271728516, 23.401899337768555, 22.941619873046875, 20.948612213134766, 19.729738235473633, 20.178970336914062, 23.690689086914062, 23.30286979675293, 21.907663345336914, 18.100963592529297, 21.393482208251953, 25.177061080932617, 22.108915328979492, 22.46347427368164, 22.10364532470703, 22.811443328857422, 25.23178482055664, 26.556610107421875, 19.66189956665039, 20.99992561340332, 18.661521911621094, 21.27004623413086, 22.78429412841797, 25.419109344482422, 20.748920440673828, 17.05854034423828, 14.325868606567383, 27.496902465820312, 20.005638122558594, 18.08687973022461, 19.782943725585938, 22.15414810180664, 23.500585556030273, 24.36112403869629, 20.86225128173828, 16.99380111694336, 23.88789939880371, 22.252321243286133, 20.813255310058594, 24.488574981689453, 22.018335342407227, 23.091304779052734, 20.85472297668457, 22.16203498840332, 17.533153533935547, 29.878734588623047, 22.637920379638672, 27.47252655029297, 24.33978843688965, 22.691444396972656, 20.963315963745117, 21.3282413482666, 20.46065330505371, 20.612430572509766, 18.44135284423828, 24.505435943603516, 23.048294067382812, 24.555376052856445, 20.041454315185547, 22.740657806396484, 22.417652130126953, 20.2034969329834, 21.70977783203125, 20.13829803466797, 20.11623764038086, 21.614154815673828, 26.630126953125, 22.381900787353516, 20.507431030273438, 21.663589477539062, 17.45298194885254, 19.53457260131836, 25.960330963134766, 23.114421844482422, 24.359609603881836, 22.40054702758789, 15.538652420043945, 25.250423431396484, 23.177709579467773, 23.25899887084961, 21.0958194732666, 27.74757194519043, 17.764400482177734, 21.777366638183594, 21.435054779052734, 22.518980026245117, 23.543107986450195, 20.62706184387207, 21.404277801513672, 20.676795959472656, 20.939311981201172, 23.426713943481445, 21.26398468017578, 19.023120880126953, 23.6545467376709, 21.073509216308594, 23.85803985595703, 21.48064613342285, 24.653120040893555, 24.547883987426758, 21.633071899414062, 25.04558753967285, 25.3951358795166, 21.920978546142578, 20.126129150390625, 23.043121337890625, 24.76007843017578, 22.527557373046875, 21.14853286743164, 23.32391357421875, 20.703353881835938, 18.771806716918945, 21.459716796875, 25.44097900390625, 21.168426513671875, 21.135879516601562, 19.488203048706055, 19.89320182800293, 22.342424392700195, 20.93963623046875, 21.212482452392578, 29.141433715820312, 22.818708419799805, 20.729646682739258, 20.02316665649414, 22.380769729614258, 22.17616844177246, 25.74463653564453, 23.67074966430664, 25.1746826171875, 20.233325958251953, 24.77886390686035, 25.300016403198242, 20.630870819091797, 17.948139190673828, 25.367713928222656, 21.817588806152344, 19.70953369140625, 22.796552658081055, 22.850990295410156, 18.077716827392578, 18.92432975769043, 24.251731872558594, 21.781543731689453, 20.235177993774414, 24.92853546142578, 26.29490089416504, 21.49605941772461, 18.81979751586914, 21.552879333496094, 30.691486358642578, 22.22977066040039, 21.08568572998047, 22.86341667175293, 21.56637191772461, 24.827024459838867, 20.979595184326172, 23.963777542114258, 18.6749267578125, 22.658100128173828, 22.034385681152344, 19.972850799560547, 23.688671112060547, 20.160215377807617, 25.966201782226562, 20.890872955322266, 23.11321449279785, 19.624990463256836, 24.895610809326172, 18.392793655395508, 26.145835876464844, 20.194602966308594, 25.24649429321289, 24.966503143310547, 20.1275634765625, 21.955453872680664, 22.667638778686523, 21.07817840576172, 21.799915313720703, 24.691293716430664, 20.490314483642578, 22.052709579467773, 23.294349670410156, 21.488122940063477, 27.511058807373047],