{"checkpoint": "outputs/r9_loop_l2x4_ep2_sup_s97/model_0030000.pth", "num_scenes": 256, "psnr": 22.402055978775024, "lpips": 0.28397098189452663, "psnr_std_err": 0.14984910306077912, "per_scene_psnr": [19.00682258605957, 21.0451602935791, 20.732938766479492, 19.150856018066406, 24.524009704589844, 23.32025146484375, 23.1851863861084, 24.76850700378418, 20.43022918701172, 21.30614471435547, 24.884361267089844, 21.16966438293457, 22.671619415283203, 21.251047134399414, 21.9255428314209, 22.3167781829834, 20.51305389404297, 23.80419921875, 23.447084426879883, 21.592864990234375, 20.297460556030273, 22.845703125, 23.11566925048828, 24.34316635131836, 25.247936248779297, 22.90692138671875, 22.492671966552734, 18.19457244873047, 25.388477325439453, 23.72519302368164, 25.385318756103516, 21.889629364013672, 21.057727813720703, 21.831254959106445, 23.393096923828125, 18.127338409423828, 20.37487030029297, 22.27463722229004, 24.995214462280273, 20.033390045166016, 23.42679214477539, 18.659957885742188, 21.09665870666504, 21.94740104675293, 20.943193435668945, 20.501203536987305, 22.0872802734375, 21.242897033691406, 20.929777145385742, 21.153562545776367, 23.60137939453125, 23.674400329589844, 23.35898208618164, 20.899782180786133, 22.002559661865234, 23.84823226928711, 19.985273361206055, 25.45256805419922, 23.173721313476562, 25.672929763793945, 22.370519638061523, 24.11046028137207, 23.05586051940918, 23.62565040588379, 21.45751953125, 22.177602767944336, 21.538097381591797, 21.09109878540039, 21.579593658447266, 20.683940887451172, 24.026729583740234, 22.10422134399414, 24.260692596435547, 23.275815963745117, 21.0938663482666, 19.972148895263672, 20.494075775146484, 23.75419807434082, 23.621585845947266, 22.149147033691406, 18.40097427368164, 21.590248107910156, 25.259492874145508, 22.719158172607422, 23.226055145263672, 22.454883575439453, 23.226022720336914, 25.691238403320312, 26.861743927001953, 19.79038429260254, 21.176074981689453, 18.706567764282227, 21.63369369506836, 23.063552856445312, 25.716129302978516, 21.52220916748047, 17.365158081054688, 14.444408416748047, 27.903661727905273, 20.28766632080078, 18.451940536499023, 20.03788948059082, 22.331506729125977, 24.049755096435547, 24.61876106262207, 21.085769653320312, 16.85675621032715, 24.272254943847656, 22.314035415649414, 21.07064437866211, 24.552135467529297, 22.128999710083008, 23.646469116210938, 21.289161682128906, 22.45697784423828, 17.806909561157227, 30.17706871032715, 23.173925399780273, 27.88943099975586, 24.696746826171875, 23.394460678100586, 21.377399444580078, 21.674179077148438, 20.41415023803711, 20.919219970703125, 18.3741455078125, 24.570640563964844, 23.527385711669922, 24.494815826416016, 20.398117065429688, 23.044151306152344, 22.874252319335938, 20.34676742553711, 21.9774227142334, 20.46666145324707, 20.153717041015625, 21.93573760986328, 27.102649688720703, 22.926939010620117, 20.518558502197266, 21.86159896850586, 17.538063049316406, 19.90741539001465, 26.54900360107422, 23.181066513061523, 24.56162452697754, 22.729808807373047, 15.994937896728516, 25.460309982299805, 23.49187660217285, 23.117809295654297, 21.481964111328125, 27.818300247192383, 17.880952835083008, 21.791723251342773, 21.783824920654297, 23.006851196289062, 23.854597091674805, 20.540679931640625, 21.68728256225586, 21.183696746826172, 21.248699188232422, 24.007450103759766, 21.521738052368164, 19.372623443603516, 23.831573486328125, 21.452024459838867, 24.61046600341797, 22.211254119873047, 24.987905502319336, 24.843040466308594, 21.860614776611328, 25.23004722595215, 25.734750747680664, 22.10527229309082, 20.17813491821289, 23.678192138671875, 24.856792449951172, 23.022167205810547, 21.325395584106445, 23.997812271118164, 20.984838485717773, 18.93187713623047, 21.843894958496094, 26.051353454589844, 21.371583938598633, 21.157590866088867, 19.809246063232422, 19.98851203918457, 22.78681182861328, 21.11426544189453, 21.47203826904297, 29.522382736206055, 23.204763412475586, 21.171859741210938, 20.395143508911133, 22.396289825439453, 22.50930404663086, 26.30975341796875, 24.135408401489258, 26.03628921508789, 20.58655548095703, 25.062725067138672, 25.603469848632812, 20.852251052856445, 18.168956756591797, 25.698829650878906, 22.174907684326172, 20.190488815307617, 23.38057518005371, 23.284404754638672, 18.118484497070312, 19.09706687927246, 24.464590072631836, 22.313949584960938, 20.808055877685547, 25.001644134521484, 26.5087890625, 21.635255813598633, 19.048892974853516, 21.542926788330078, 30.484722137451172, 22.422292709350586, 21.31589126586914, 22.834327697753906, 21.6269474029541, 25.17798614501953, 21.106966018676758, 24.400766372680664, 18.752317428588867, 22.997770309448242, 22.352588653564453, 20.146255493164062, 23.922760009765625, 20.52351951599121, 26.183412551879883, 21.34874153137207, 23.7958927154541, 19.766109466552734, 24.925498962402344, 18.499338150024414, 26.345312118530273, 20.48016357421875, 25.457462310791016, 25.454198837280273, 20.07421112060547, 22.130964279174805, 23.090103149414062, 21.58694076538086, 22.24318504333496, 24.75988006591797, 20.917089462280273, 22.21074104309082, 23.776996612548828, 22.039859771728516, 28.033966064453125],