{"checkpoint": "outputs/r5_loop_l2x6_s95/model_0030000.pth", "num_scenes": 256, "psnr": 22.66955655813217, "lpips": 0.27111874433467165, "psnr_std_err": 0.14889701159987032, "per_scene_psnr": [19.252138137817383, 21.64543342590332, 20.915639877319336, 19.54220199584961, 25.497459411621094, 23.58429718017578, 23.735626220703125, 24.82088279724121, 20.67156219482422, 21.639575958251953, 25.07930564880371, 21.15251350402832, 22.96026611328125, 21.41189193725586, 22.086923599243164, 22.531173706054688, 20.476741790771484, 24.457012176513672, 23.854442596435547, 22.151308059692383, 20.649883270263672, 23.092802047729492, 23.21451187133789, 24.432682037353516, 25.286022186279297, 23.19176483154297, 22.700769424438477, 18.594247817993164, 25.496742248535156, 23.89347267150879, 25.769489288330078, 22.210729598999023, 21.163249969482422, 22.002574920654297, 23.812442779541016, 18.579368591308594, 20.800891876220703, 22.44635772705078, 25.25204086303711, 20.390871047973633, 23.592451095581055, 19.08754539489746, 21.64751434326172, 22.132814407348633, 21.71381187438965, 20.921594619750977, 22.25408363342285, 21.563098907470703, 21.019363403320312, 21.215818405151367, 24.271560668945312, 23.77239418029785, 23.514450073242188, 21.018848419189453, 22.075565338134766, 23.949748992919922, 20.058095932006836, 25.835708618164062, 23.443584442138672, 25.78082847595215, 22.555233001708984, 25.057859420776367, 23.456632614135742, 23.740203857421875, 21.453182220458984, 22.201229095458984, 21.673831939697266, 21.349821090698242, 21.897838592529297, 21.19824981689453, 24.145164489746094, 22.160951614379883, 24.942543029785156, 23.47994613647461, 21.215160369873047, 20.147560119628906, 20.52230453491211, 24.095165252685547, 23.924724578857422, 22.36758041381836, 18.597850799560547, 22.180522918701172, 25.64252471923828, 22.679719924926758, 23.076644897460938, 22.799148559570312, 23.27642059326172, 25.945796966552734, 27.108367919921875, 20.224151611328125, 21.564353942871094, 18.87929344177246, 21.80032730102539, 23.156543731689453, 25.945587158203125, 21.929534912109375, 17.556453704833984, 14.886734008789062, 28.344684600830078, 20.78517723083496, 18.675687789916992, 20.44106674194336, 22.948486328125, 24.123746871948242, 24.9466609954834, 21.106201171875, 17.069171905517578, 24.4985408782959, 22.572372436523438, 21.233402252197266, 25.089805603027344, 22.904376983642578, 23.856170654296875, 21.565319061279297, 22.500713348388672, 17.835384368896484, 30.698352813720703, 23.4475040435791, 28.07093048095703, 24.741065979003906, 23.55666732788086, 21.65656280517578, 22.52682876586914, 21.01520538330078, 21.19247055053711, 18.8852481842041, 24.763816833496094, 23.677766799926758, 24.58021354675293, 20.54422378540039, 23.108510971069336, 23.137554168701172, 21.076278686523438, 22.549652099609375, 20.59429359436035, 20.25150489807129, 22.249296188354492, 27.339780807495117, 22.96929931640625, 21.087186813354492, 22.100818634033203, 17.69538116455078, 20.153657913208008, 26.632766723632812, 23.1240177154541, 24.796850204467773, 22.77133560180664, 17.25372314453125, 25.72686004638672, 23.692501068115234, 23.540620803833008, 21.663013458251953, 28.51516342163086, 18.235885620117188, 22.122304916381836, 21.822437286376953, 23.338642120361328, 24.104005813598633, 20.842731475830078, 21.76571273803711, 21.28256607055664, 21.4681339263916, 24.163665771484375, 21.94039535522461, 19.537376403808594, 24.03754425048828, 21.444477081298828, 24.789546966552734, 22.253734588623047, 25.31000518798828, 25.042083740234375, 21.866130828857422, 25.424091339111328, 25.793493270874023, 22.391719818115234, 20.836944580078125, 23.902130126953125, 25.10073471069336, 23.156145095825195, 21.63311767578125, 24.012910842895508, 21.618793487548828, 19.282649993896484, 22.22722625732422, 26.10468101501465, 21.522533416748047, 21.774580001831055, 20.010475158691406, 20.14593505859375, 22.90206527709961, 21.205604553222656, 21.88214111328125, 29.82126235961914, 23.587942123413086, 21.333175659179688, 20.769445419311523, 22.94552993774414, 22.64509391784668, 26.392959594726562, 24.346113204956055, 25.93235206604004, 20.916051864624023, 25.232276916503906, 25.69106101989746, 21.096920013427734, 18.497905731201172, 25.811668395996094, 22.379783630371094, 20.207500457763672, 23.46945571899414, 23.623546600341797, 18.75668716430664, 19.63589096069336, 24.910621643066406, 22.40533447265625, 21.169546127319336, 25.43594741821289, 26.809587478637695, 21.690887451171875, 19.280597686767578, 22.147045135498047, 30.7794189453125, 22.677276611328125, 21.492612838745117, 23.720340728759766, 21.886539459228516, 25.613685607910156, 21.299936294555664, 24.54254150390625, 19.244443893432617, 22.98283576965332, 22.553592681884766, 20.38255500793457, 24.16468048095703, 20.466764450073242, 26.445255279541016, 21.381948471069336, 23.86504364013672, 19.816993713378906, 25.39342498779297, 18.930164337158203, 26.702539443969727, 20.68356704711914, 25.767688751220703, 25.786823272705078, 20.489444732666016, 22.282917022705078, 23.64208221435547, 21.733150482177734, 22.357690811157227, 24.963375091552734, 21.071290969848633, 22.89646339416504, 23.73474884033203, 22.212238311767578, 28.169614791870117],