{"checkpoint": "outputs/r7_loop_l2x5_d240_gates_s95/model_0030000.pth", "num_scenes": 256, "psnr": 22.36642051488161, "lpips": 0.28350038127973676, "psnr_std_err": 0.1478547321493396, "per_scene_psnr": [18.865724563598633, 21.096115112304688, 20.540203094482422, 19.108659744262695, 24.892990112304688, 23.534738540649414, 23.26776885986328, 24.63517189025879, 20.370887756347656, 21.309635162353516, 24.581077575683594, 20.786314010620117, 22.593042373657227, 21.03759765625, 21.8928165435791, 22.29320526123047, 20.274051666259766, 23.949542999267578, 23.537118911743164, 21.729238510131836, 20.52499008178711, 22.65317153930664, 23.11284637451172, 24.20891571044922, 25.00044822692871, 23.030765533447266, 22.5419921875, 18.14741325378418, 25.382686614990234, 23.748666763305664, 25.396223068237305, 21.980594635009766, 21.017702102661133, 21.87051773071289, 23.293455123901367, 18.103317260742188, 20.349607467651367, 22.202302932739258, 24.73455047607422, 19.95952796936035, 23.201820373535156, 18.789825439453125, 21.275131225585938, 22.091472625732422, 21.250568389892578, 20.775938034057617, 21.8248291015625, 21.173486709594727, 21.000673294067383, 21.005416870117188, 23.637248992919922, 23.619192123413086, 23.111574172973633, 20.809967041015625, 21.7161865234375, 23.871747970581055, 19.885290145874023, 25.411012649536133, 23.074674606323242, 25.775299072265625, 22.391454696655273, 24.633657455444336, 22.946979522705078, 23.453615188598633, 21.294754028320312, 22.008028030395508, 21.44878387451172, 21.007823944091797, 21.581945419311523, 20.74417495727539, 23.637678146362305, 21.970441818237305, 24.232891082763672, 23.122556686401367, 21.028491973876953, 19.913591384887695, 20.378820419311523, 23.679960250854492, 23.53114891052246, 22.14700698852539, 18.176206588745117, 21.845415115356445, 25.360496520996094, 22.277755737304688, 22.95987892150879, 22.4929256439209, 23.020009994506836, 25.70886993408203, 26.796390533447266, 19.985549926757812, 21.29144287109375, 18.775108337402344, 21.746187210083008, 22.864974975585938, 25.520009994506836, 21.354175567626953, 17.250131607055664, 14.685997009277344, 27.983606338500977, 20.25843048095703, 18.405662536621094, 19.970561981201172, 22.61190414428711, 23.723604202270508, 24.589614868164062, 21.03282928466797, 17.09001922607422, 24.241981506347656, 22.229602813720703, 21.07459259033203, 24.578880310058594, 22.3995361328125, 23.462961196899414, 21.220195770263672, 22.310874938964844, 17.67144775390625, 30.06780242919922, 22.939197540283203, 27.707134246826172, 24.475414276123047, 23.336101531982422, 21.12177085876465, 21.79317855834961, 20.790090560913086, 20.911705017089844, 18.74107551574707, 24.508981704711914, 23.380290985107422, 24.60790252685547, 20.232913970947266, 22.948894500732422, 22.746360778808594, 20.596073150634766, 22.225915908813477, 20.43038558959961, 20.029428482055664, 21.907121658325195, 26.87084197998047, 22.677837371826172, 20.785634994506836, 21.988256454467773, 17.505395889282227, 20.02202796936035, 26.400060653686523, 23.204254150390625, 24.601673126220703, 22.428009033203125, 16.379125595092773, 25.555686950683594, 23.409839630126953, 23.21240997314453, 21.399375915527344, 27.95405387878418, 18.041912078857422, 22.029014587402344, 21.598819732666016, 22.917516708374023, 23.870094299316406, 20.674835205078125, 21.4521484375, 20.97296714782715, 21.172893524169922, 23.684385299682617, 21.63976287841797, 19.293720245361328, 23.645668029785156, 21.26884651184082, 24.19253921508789, 21.85074234008789, 25.09142303466797, 24.770057678222656, 21.791038513183594, 25.54587173461914, 25.723567962646484, 22.056991577148438, 20.22537612915039, 23.599018096923828, 24.886491775512695, 23.09382438659668, 21.257606506347656, 23.757343292236328, 21.170446395874023, 19.019935607910156, 21.97665023803711, 25.751365661621094, 21.31740951538086, 21.444196701049805, 19.785411834716797, 19.82830238342285, 22.535112380981445, 21.157014846801758, 21.498029708862305, 29.3704891204834, 23.092134475708008, 21.00298309326172, 20.239105224609375, 22.384693145751953, 22.360271453857422, 25.932266235351562, 23.801668167114258, 25.357723236083984, 20.252769470214844, 25.074241638183594, 25.465909957885742, 20.81998062133789, 18.15800666809082, 25.65927505493164, 22.219032287597656, 20.166927337646484, 23.14864158630371, 23.227617263793945, 18.367586135864258, 19.248748779296875, 24.50334358215332, 21.98802947998047, 20.814664840698242, 25.147686004638672, 26.564395904541016, 21.484783172607422, 19.0356388092041, 21.72445297241211, 30.67703628540039, 22.357715606689453, 21.140443801879883, 23.231069564819336, 21.63030433654785, 25.205137252807617, 21.20929527282715, 24.425146102905273, 18.965126037597656, 22.884790420532227, 22.359638214111328, 20.11622428894043, 23.94327163696289, 20.285493850708008, 26.088794708251953, 21.113056182861328, 23.489986419677734, 19.60654640197754, 25.00425148010254, 18.78682518005371, 26.46812629699707, 20.495807647705078, 25.316999435424805, 25.281848907470703, 20.34524154663086, 22.125873565673828, 23.17740249633789, 21.426055908203125, 22.112049102783203, 24.88387680053711, 20.797374725341797, 22.57992935180664, 23.60785484313965, 21.87251091003418, 27.720317840576172],