{"checkpoint": "outputs/r19_bgsfon_lr16_s96/model_0030000.pth", "num_scenes": 256, "psnr": 22.642315473407507, "lpips": 0.26967600121861324, "psnr_std_err": 0.15121101081715366, "per_scene_psnr": [19.293521881103516, 21.335540771484375, 20.96202850341797, 19.441314697265625, 24.910146713256836, 23.778644561767578, 23.709943771362305, 24.805490493774414, 20.489707946777344, 21.46375846862793, 25.286924362182617, 21.095924377441406, 22.923866271972656, 21.326766967773438, 22.052444458007812, 22.627689361572266, 20.335378646850586, 24.0114803314209, 23.766687393188477, 21.963001251220703, 20.639583587646484, 23.111295700073242, 23.691118240356445, 25.03652572631836, 25.346317291259766, 23.515460968017578, 22.957138061523438, 18.4841365814209, 25.554521560668945, 23.838441848754883, 25.749469757080078, 22.15437126159668, 21.44598388671875, 22.088212966918945, 24.052566528320312, 18.228666305541992, 20.735788345336914, 22.222196578979492, 25.063026428222656, 20.300233840942383, 23.418399810791016, 18.983922958374023, 21.834136962890625, 22.399696350097656, 21.478910446166992, 21.09149932861328, 22.13334846496582, 21.57670021057129, 21.226903915405273, 21.10572052001953, 24.47449493408203, 23.87193489074707, 23.34102439880371, 21.326980590820312, 22.052431106567383, 24.07982635498047, 19.860179901123047, 25.673290252685547, 23.360050201416016, 26.10149383544922, 22.53658103942871, 24.66060447692871, 23.447914123535156, 23.49736213684082, 21.425230026245117, 22.34776496887207, 21.667587280273438, 21.537731170654297, 21.735504150390625, 21.167648315429688, 23.94283103942871, 22.095842361450195, 24.71454429626465, 23.268518447875977, 21.280057907104492, 20.00513458251953, 20.457284927368164, 24.28854751586914, 23.832332611083984, 22.18921661376953, 18.41545867919922, 22.127893447875977, 25.496421813964844, 22.568538665771484, 23.21702003479004, 22.812482833862305, 23.223907470703125, 25.96319580078125, 26.982463836669922, 20.24846649169922, 21.607582092285156, 18.742902755737305, 21.78157615661621, 23.24895477294922, 25.88496971130371, 21.872474670410156, 17.460617065429688, 14.624229431152344, 28.11924171447754, 20.891014099121094, 18.491079330444336, 20.452329635620117, 22.709693908691406, 24.01119041442871, 24.930667877197266, 21.151531219482422, 17.104259490966797, 24.455392837524414, 22.71810531616211, 21.290485382080078, 25.12298583984375, 22.80927276611328, 23.682769775390625, 21.307687759399414, 22.60314178466797, 17.653884887695312, 30.51841926574707, 23.157121658325195, 28.251544952392578, 25.028533935546875, 23.578754425048828, 21.38892936706543, 22.47928237915039, 20.814361572265625, 21.264705657958984, 18.891468048095703, 24.763423919677734, 23.537092208862305, 24.7137451171875, 20.594072341918945, 23.356266021728516, 23.027996063232422, 20.97408103942871, 22.62859535217285, 20.647987365722656, 20.273067474365234, 22.17388153076172, 27.474525451660156, 23.096464157104492, 21.027318954467773, 22.279518127441406, 17.58111572265625, 20.371910095214844, 26.51433753967285, 23.295886993408203, 24.942916870117188, 22.613033294677734, 15.998658180236816, 25.770170211791992, 23.737682342529297, 23.824804306030273, 21.614389419555664, 28.463172912597656, 18.04482078552246, 22.32143783569336, 21.632980346679688, 23.410959243774414, 24.24738121032715, 20.825332641601562, 21.779890060424805, 21.514976501464844, 21.369150161743164, 23.98061752319336, 21.83344268798828, 19.280136108398438, 24.207103729248047, 21.170730590820312, 24.569103240966797, 22.24252700805664, 25.47188949584961, 24.90635108947754, 21.767597198486328, 25.59840965270996, 25.72475814819336, 22.434738159179688, 20.226158142089844, 23.71730613708496, 25.117904663085938, 23.0548095703125, 21.67792510986328, 24.12912368774414, 21.29166603088379, 19.355594635009766, 22.249950408935547, 25.918638229370117, 21.523950576782227, 21.619590759277344, 19.891490936279297, 20.054628372192383, 22.789995193481445, 21.14494514465332, 21.772192001342773, 29.68218231201172, 23.63479232788086, 21.167314529418945, 20.562686920166016, 23.122236251831055, 22.714794158935547, 26.289186477661133, 24.325183868408203, 25.826946258544922, 20.674150466918945, 25.2891902923584, 25.609683990478516, 21.02499771118164, 18.342247009277344, 25.838844299316406, 22.329898834228516, 20.510478973388672, 23.58110237121582, 23.534040451049805, 18.42428207397461, 19.773130416870117, 25.058137893676758, 22.34333038330078, 21.358139038085938, 25.567520141601562, 26.855300903320312, 21.77210235595703, 19.33347511291504, 22.353530883789062, 31.011123657226562, 22.694625854492188, 21.392335891723633, 23.526844024658203, 21.718120574951172, 25.614704132080078, 21.0434627532959, 24.969154357910156, 19.191545486450195, 22.9682559967041, 22.547351837158203, 20.26055145263672, 24.113122940063477, 20.468799591064453, 26.45925521850586, 21.308731079101562, 23.841245651245117, 19.649560928344727, 25.46285629272461, 19.00702667236328, 26.724071502685547, 20.62453842163086, 25.954845428466797, 25.773906707763672, 20.803646087646484, 22.448360443115234, 23.48982810974121, 21.585283279418945, 22.377002716064453, 24.915241241455078, 21.093015670776367, 22.979938507080078, 23.693939208984375, 22.27398109436035, 27.939754486083984],