{"checkpoint": "outputs/r22_d512_gf_lr16_s95/model_0030000.pth", "num_scenes": 256, "psnr": 24.073284443467855, "lpips": 0.21355424617649987, "psnr_std_err": 0.1650729516125127, "per_scene_psnr": [21.066835403442383, 23.2784423828125, 22.914642333984375, 20.26688575744629, 26.656103134155273, 25.105073928833008, 25.591867446899414, 26.331865310668945, 21.576290130615234, 22.958011627197266, 27.211669921875, 22.285938262939453, 24.16161346435547, 22.940523147583008, 22.875329971313477, 23.85849380493164, 21.537574768066406, 26.15248680114746, 25.15353012084961, 22.236003875732422, 22.75129508972168, 25.314245223999023, 24.81521987915039, 26.748165130615234, 27.685829162597656, 25.34803009033203, 24.107675552368164, 19.195844650268555, 26.421918869018555, 24.91374969482422, 27.654586791992188, 22.803115844726562, 22.56434440612793, 22.765295028686523, 25.650814056396484, 18.984272003173828, 21.639694213867188, 23.88373565673828, 26.538124084472656, 21.83620262145996, 25.101119995117188, 20.118358612060547, 23.349224090576172, 23.498716354370117, 23.42740821838379, 21.51231575012207, 23.446779251098633, 23.222843170166016, 22.471200942993164, 22.129772186279297, 26.586694717407227, 25.615371704101562, 26.145435333251953, 22.883041381835938, 24.782503128051758, 25.171125411987305, 21.12098503112793, 26.718738555908203, 25.305198669433594, 27.74887466430664, 23.498641967773438, 26.250057220458984, 24.67416763305664, 26.290424346923828, 22.69498062133789, 23.547927856445312, 23.724361419677734, 22.57665252685547, 22.91050910949707, 22.753677368164062, 25.35208511352539, 23.38547706604004, 26.5395450592041, 25.201799392700195, 22.10338592529297, 21.22735595703125, 21.492576599121094, 25.465700149536133, 25.511796951293945, 23.05355453491211, 19.482524871826172, 23.572906494140625, 27.705900192260742, 24.843547821044922, 25.471614837646484, 23.939815521240234, 25.82951545715332, 27.51690673828125, 28.11854362487793, 20.975435256958008, 22.83249855041504, 19.19924545288086, 22.23198890686035, 24.817386627197266, 27.790708541870117, 23.330951690673828, 18.92336082458496, 14.859408378601074, 29.983579635620117, 22.51990509033203, 19.94059944152832, 21.45951271057129, 23.310678482055664, 26.254064559936523, 26.014385223388672, 22.64484214782715, 17.02875328063965, 26.080707550048828, 24.907928466796875, 22.899477005004883, 27.072486877441406, 24.209747314453125, 25.293964385986328, 22.990081787109375, 23.97749900817871, 18.89129638671875, 32.599857330322266, 24.79795265197754, 29.60083770751953, 27.463790893554688, 25.036832809448242, 21.759136199951172, 24.022136688232422, 22.041160583496094, 22.0362548828125, 20.24580192565918, 25.60492706298828, 24.645978927612305, 25.34180450439453, 21.984386444091797, 24.672836303710938, 24.572723388671875, 23.349945068359375, 23.801189422607422, 22.070358276367188, 20.849594116210938, 23.439207077026367, 29.93718910217285, 24.780614852905273, 22.74797821044922, 22.793380737304688, 18.302776336669922, 21.454322814941406, 27.813907623291016, 24.61279296875, 26.219797134399414, 23.488140106201172, 18.368410110473633, 26.923559188842773, 24.99772834777832, 25.26688003540039, 22.57562828063965, 30.691850662231445, 19.310039520263672, 23.46430015563965, 22.596336364746094, 25.12214469909668, 25.785839080810547, 21.773317337036133, 23.333213806152344, 23.3414363861084, 22.43902015686035, 26.365583419799805, 23.070728302001953, 20.293380737304688, 25.94862174987793, 22.178569793701172, 26.501550674438477, 24.898395538330078, 26.875717163085938, 26.19640350341797, 22.296533584594727, 26.460783004760742, 26.659191131591797, 23.97627830505371, 22.025087356567383, 25.611713409423828, 25.95913314819336, 23.876766204833984, 23.018590927124023, 25.268798828125, 22.129756927490234, 20.54328727722168, 24.15869140625, 26.7716007232666, 22.171146392822266, 23.3168888092041, 20.88533592224121, 20.764602661132812, 24.54421615600586, 22.019649505615234, 22.702545166015625, 31.870330810546875, 25.365354537963867, 22.460603713989258, 22.95459747314453, 24.712379455566406, 23.991474151611328, 28.637819290161133, 26.11567497253418, 28.357532501220703, 23.14313507080078, 26.676986694335938, 27.318647384643555, 22.006881713867188, 19.741918563842773, 27.233600616455078, 23.404159545898438, 21.752140045166016, 25.314252853393555, 25.71275520324707, 19.630290985107422, 20.983760833740234, 26.347352981567383, 24.27485466003418, 22.74518585205078, 27.008804321289062, 27.97346305847168, 23.301227569580078, 20.69768524169922, 23.94925880432129, 32.37727355957031, 24.263320922851562, 22.925395965576172, 26.01822853088379, 22.954357147216797, 27.688335418701172, 22.06145477294922, 27.88161277770996, 20.47370719909668, 23.999786376953125, 23.332109451293945, 20.957212448120117, 24.585783004760742, 21.599733352661133, 27.900245666503906, 23.330684661865234, 25.804235458374023, 21.16638946533203, 26.547500610351562, 20.553329467773438, 29.253799438476562, 22.296152114868164, 26.874481201171875, 27.912626266479492, 21.855663299560547, 23.701236724853516, 25.12200355529785, 23.228330612182617, 23.756832122802734, 25.42428207397461, 22.731943130493164, 24.331865310668945, 25.351884841918945, 23.333026885986328, 30.60350799560547],