{"checkpoint": "outputs/r19_bgsfon_lr64_s95/model_0030000.pth", "num_scenes": 256, "psnr": 23.058872371912003, "lpips": 0.25865495862672105, "psnr_std_err": 0.1544219920727666, "per_scene_psnr": [19.55816650390625, 22.030086517333984, 21.2254638671875, 19.667264938354492, 26.105205535888672, 24.0064697265625, 24.26093864440918, 25.18543243408203, 20.76430892944336, 21.96622085571289, 25.78346061706543, 21.390705108642578, 23.333690643310547, 21.953392028808594, 22.411876678466797, 22.795381546020508, 20.56908416748047, 24.721446990966797, 24.304950714111328, 21.56682014465332, 21.600427627563477, 23.50126075744629, 23.982879638671875, 25.1766357421875, 25.738317489624023, 24.457820892333984, 23.266298294067383, 18.78752899169922, 25.748613357543945, 24.197898864746094, 26.407548904418945, 22.48526382446289, 21.607818603515625, 22.36241340637207, 24.482627868652344, 18.351621627807617, 20.986984252929688, 22.639896392822266, 25.520418167114258, 21.39969825744629, 23.892681121826172, 19.434940338134766, 22.35954475402832, 22.627552032470703, 22.242740631103516, 20.92445182800293, 22.12051010131836, 22.004955291748047, 21.469196319580078, 21.40804100036621, 24.98741340637207, 24.335222244262695, 24.0964298248291, 21.914148330688477, 22.640644073486328, 24.47797393798828, 20.158954620361328, 26.010112762451172, 23.69590950012207, 26.3966007232666, 22.720327377319336, 25.329648971557617, 24.08814239501953, 24.183862686157227, 21.662817001342773, 22.946435928344727, 22.05532455444336, 21.653005599975586, 22.284523010253906, 21.58282470703125, 24.415752410888672, 22.47486114501953, 25.051326751708984, 23.60346031188965, 21.529556274414062, 20.222061157226562, 20.931026458740234, 24.535903930664062, 24.24144744873047, 22.407188415527344, 18.739778518676758, 22.709415435791016, 26.34268569946289, 23.276872634887695, 23.880313873291016, 23.113204956054688, 23.869226455688477, 26.296960830688477, 27.289962768554688, 20.362041473388672, 21.782047271728516, 18.97256088256836, 22.060199737548828, 23.689062118530273, 26.63973617553711, 22.74388885498047, 17.9365234375, 14.778993606567383, 28.93075942993164, 21.510648727416992, 18.756502151489258, 20.827056884765625, 23.30265998840332, 24.91333770751953, 25.35289764404297, 21.72632598876953, 16.833721160888672, 24.8592529296875, 23.26342010498047, 21.622819900512695, 25.673904418945312, 23.335376739501953, 24.356538772583008, 22.050045013427734, 22.873149871826172, 17.840152740478516, 31.21887969970703, 23.705968856811523, 28.755929946899414, 25.4761962890625, 24.387834548950195, 21.542049407958984, 22.89203643798828, 21.038646697998047, 21.527463912963867, 19.304285049438477, 24.982397079467773, 23.906757354736328, 25.224313735961914, 20.936561584472656, 23.664152145385742, 23.570697784423828, 21.977537155151367, 22.869983673095703, 21.098285675048828, 20.407838821411133, 22.549861907958984, 28.054595947265625, 23.199722290039062, 21.611949920654297, 22.255342483520508, 17.81562042236328, 20.458459854125977, 26.992019653320312, 23.175113677978516, 25.402568817138672, 22.91543197631836, 17.231224060058594, 26.048995971679688, 24.27680015563965, 24.162933349609375, 21.711524963378906, 29.313922882080078, 18.601654052734375, 22.48681640625, 21.904388427734375, 24.09122085571289, 24.791337966918945, 21.21859359741211, 22.093515396118164, 22.16366195678711, 21.684593200683594, 24.635162353515625, 22.125385284423828, 19.697887420654297, 24.716171264648438, 21.578540802001953, 25.0750732421875, 22.851316452026367, 25.921308517456055, 25.1668701171875, 21.95981788635254, 26.14864730834961, 25.878063201904297, 22.75255012512207, 21.342763900756836, 24.417478561401367, 25.209104537963867, 23.26282501220703, 22.220806121826172, 24.431900024414062, 21.597061157226562, 19.67707633972168, 22.85487937927246, 25.935354232788086, 21.61825942993164, 21.952592849731445, 20.16579818725586, 20.245624542236328, 23.20706558227539, 21.312101364135742, 22.104137420654297, 30.295324325561523, 23.853282928466797, 21.60947036743164, 20.915315628051758, 23.39513397216797, 23.217395782470703, 26.946622848510742, 24.830875396728516, 26.482772827148438, 20.915714263916016, 25.76169204711914, 26.27515983581543, 21.462657928466797, 18.659225463867188, 26.171337127685547, 22.699356079101562, 21.05386734008789, 23.387439727783203, 24.057538986206055, 18.942625045776367, 20.266639709472656, 25.498390197753906, 22.79813003540039, 21.64508628845215, 25.88211441040039, 26.946033477783203, 22.552005767822266, 19.70049285888672, 22.8675479888916, 31.536006927490234, 23.394777297973633, 21.911415100097656, 24.07402801513672, 22.300607681274414, 26.253175735473633, 21.50840950012207, 25.523794174194336, 19.768434524536133, 23.434375762939453, 22.75436019897461, 20.67349624633789, 24.49031639099121, 20.628826141357422, 26.62588882446289, 21.69529151916504, 24.221107482910156, 20.34339714050293, 25.780611038208008, 19.276878356933594, 27.6210994720459, 21.235965728759766, 26.482866287231445, 26.27779197692871, 20.98000717163086, 22.73634147644043, 23.958641052246094, 22.19247055053711, 22.647537231445312, 25.004846572875977, 21.570863723754883, 23.37856674194336, 24.026792526245117, 22.50864028930664, 28.471237182617188],