{"checkpoint": "outputs/r5_loop_l2x4_sfm_s95/model_0030000.pth", "num_scenes": 256, "psnr": 20.239278331398964, "lpips": 0.35197025013621897, "psnr_std_err": 0.1400463727943193, "per_scene_psnr": [17.201438903808594, 18.927894592285156, 18.699552536010742, 16.598793029785156, 21.713544845581055, 20.790367126464844, 20.575428009033203, 22.7828369140625, 18.827926635742188, 18.535728454589844, 22.24707794189453, 18.441577911376953, 20.994417190551758, 18.92034339904785, 20.550762176513672, 20.216066360473633, 19.12264060974121, 21.662620544433594, 21.569713592529297, 18.480247497558594, 17.795074462890625, 20.674373626708984, 20.906076431274414, 22.026214599609375, 22.22966957092285, 19.799076080322266, 20.57918930053711, 16.321704864501953, 23.47662925720215, 21.693359375, 23.079933166503906, 19.85337257385254, 18.998550415039062, 18.90497398376465, 21.05592918395996, 15.782573699951172, 18.0185546875, 19.745412826538086, 22.618736267089844, 17.751113891601562, 21.441692352294922, 16.256183624267578, 18.78964614868164, 20.015718460083008, 18.80839729309082, 18.84329605102539, 19.72952651977539, 18.570627212524414, 19.220632553100586, 19.70430564880371, 20.235340118408203, 21.516250610351562, 20.599674224853516, 18.863643646240234, 19.177165985107422, 21.39569854736328, 18.481863021850586, 23.841915130615234, 20.9122371673584, 23.325178146362305, 20.451171875, 20.839317321777344, 20.500919342041016, 20.988262176513672, 19.705821990966797, 19.721128463745117, 19.635040283203125, 19.00514793395996, 19.580026626586914, 18.148935317993164, 21.369606018066406, 19.83269500732422, 21.61871910095215, 20.52858543395996, 19.514493942260742, 18.368558883666992, 18.957439422607422, 20.682218551635742, 22.041107177734375, 20.04525375366211, 17.030616760253906, 19.28614044189453, 23.129606246948242, 20.307533264160156, 20.522844314575195, 20.24913787841797, 20.625295639038086, 22.323152542114258, 25.385534286499023, 18.180896759033203, 19.067079544067383, 17.76811408996582, 19.96637725830078, 20.895221710205078, 22.139266967773438, 19.28081703186035, 15.650508880615234, 13.35222339630127, 25.622886657714844, 17.3619327545166, 16.776241302490234, 18.230735778808594, 20.721450805664062, 21.77650260925293, 22.378116607666016, 18.80946159362793, 16.606237411499023, 21.884746551513672, 20.127212524414062, 19.047082901000977, 21.82330322265625, 19.0772705078125, 20.750457763671875, 19.20353126525879, 20.048988342285156, 16.52318572998047, 27.91712188720703, 20.832733154296875, 25.26678466796875, 22.148597717285156, 21.21830177307129, 19.49466896057129, 19.94501495361328, 19.043148040771484, 18.87395668029785, 16.828584671020508, 23.26953125, 20.970001220703125, 23.250551223754883, 18.608800888061523, 21.404693603515625, 20.615455627441406, 16.55672836303711, 19.433347702026367, 18.23869514465332, 19.170381546020508, 19.858257293701172, 24.375473022460938, 20.593347549438477, 18.549043655395508, 20.390949249267578, 16.687114715576172, 18.893535614013672, 23.851234436035156, 20.832813262939453, 22.40015983581543, 20.805316925048828, 14.19797420501709, 23.535057067871094, 21.197797775268555, 20.967390060424805, 19.761383056640625, 24.423830032348633, 16.50778579711914, 19.998971939086914, 20.133426666259766, 20.49344825744629, 21.209186553955078, 19.612930297851562, 19.932849884033203, 18.66976547241211, 19.230884552001953, 20.977489471435547, 18.894359588623047, 18.041799545288086, 21.692581176757812, 19.78021240234375, 22.1120548248291, 18.84320831298828, 22.99838638305664, 22.520702362060547, 20.135812759399414, 24.467012405395508, 24.001327514648438, 19.843374252319336, 17.908676147460938, 20.426462173461914, 23.30634880065918, 21.216623306274414, 18.24105453491211, 21.39629364013672, 19.31858253479004, 17.559038162231445, 19.398693084716797, 23.855993270874023, 19.948041915893555, 17.725627899169922, 18.09137725830078, 18.081514358520508, 20.71630859375, 19.82741355895996, 20.070873260498047, 27.620662689208984, 20.79281997680664, 19.067733764648438, 17.1259708404541, 20.246482849121094, 19.99231719970703, 23.8369197845459, 21.730632781982422, 23.3050537109375, 18.572404861450195, 22.22308921813965, 23.36052894592285, 18.296640396118164, 16.374263763427734, 24.094114303588867, 20.206315994262695, 19.073341369628906, 20.624469757080078, 20.69502067565918, 16.82935905456543, 17.758386611938477, 21.24538230895996, 19.358627319335938, 18.13187026977539, 22.79104995727539, 24.26862907409668, 18.863567352294922, 16.63555908203125, 18.817462921142578, 28.114824295043945, 20.192729949951172, 18.898775100708008, 20.734073638916016, 19.476518630981445, 22.494487762451172, 20.147798538208008, 21.461734771728516, 17.229930877685547, 20.839553833007812, 20.562435150146484, 18.354232788085938, 21.600261688232422, 19.295408248901367, 24.184223175048828, 19.119152069091797, 21.543235778808594, 18.10638999938965, 23.602577209472656, 17.00701904296875, 23.876502990722656, 17.660181045532227, 22.7989559173584, 22.37164306640625, 17.740867614746094, 20.120859146118164, 20.12615966796875, 19.52569580078125, 19.817123413085938, 23.518030166625977, 18.742443084716797, 19.865680694580078, 21.663745880126953, 20.350997924804688, 25.215408325195312],