{"checkpoint": "outputs/r8_loop_l2x4_ep3_s95/model_0030000.pth", "num_scenes": 256, "psnr": 22.197264101356268, "lpips": 0.2833886952721514, "psnr_std_err": 0.14892328003462849, "per_scene_psnr": [18.745954513549805, 20.859811782836914, 20.540050506591797, 18.846099853515625, 23.704540252685547, 23.24420928955078, 23.069122314453125, 24.445037841796875, 20.1649169921875, 21.127708435058594, 24.511219024658203, 20.575969696044922, 22.450580596923828, 21.09267807006836, 21.790573120117188, 22.292917251586914, 20.271997451782227, 23.639114379882812, 23.460609436035156, 21.43694305419922, 19.981632232666016, 22.654855728149414, 22.853639602661133, 24.094581604003906, 25.014244079589844, 22.659488677978516, 22.293598175048828, 18.062854766845703, 25.367412567138672, 23.58285140991211, 25.187368392944336, 21.71841812133789, 20.84892463684082, 21.650096893310547, 23.12286376953125, 18.077667236328125, 20.24982261657715, 22.087360382080078, 24.570545196533203, 19.559219360351562, 23.112262725830078, 18.264434814453125, 20.950305938720703, 21.80997085571289, 21.150341033935547, 20.646400451660156, 21.84933090209961, 20.923118591308594, 20.853166580200195, 20.95228385925293, 23.023405075073242, 23.518413543701172, 23.07859230041504, 20.672094345092773, 21.834014892578125, 23.460895538330078, 19.837480545043945, 25.504777908325195, 23.015804290771484, 25.575706481933594, 22.298681259155273, 24.15165901184082, 22.62734603881836, 23.421001434326172, 21.330251693725586, 21.70345115661621, 21.48053741455078, 21.059066772460938, 21.306640625, 20.521549224853516, 23.836267471313477, 21.98345375061035, 23.86052131652832, 23.17589569091797, 20.936317443847656, 19.750194549560547, 20.206470489501953, 23.397560119628906, 23.450212478637695, 22.147462844848633, 18.117748260498047, 21.487831115722656, 25.01396942138672, 22.409774780273438, 23.08580780029297, 22.191486358642578, 22.884624481201172, 25.34476089477539, 26.775285720825195, 19.712692260742188, 21.214601516723633, 18.567731857299805, 21.57046890258789, 22.84543800354004, 25.192583084106445, 20.99471092224121, 17.10016632080078, 14.47375774383545, 27.519081115722656, 19.984661102294922, 18.212730407714844, 19.721843719482422, 22.224437713623047, 23.349674224853516, 24.43937110900879, 20.930355072021484, 16.818063735961914, 23.924072265625, 22.064529418945312, 20.97691535949707, 24.45960235595703, 21.878067016601562, 23.359338760375977, 20.466726303100586, 22.128379821777344, 17.688518524169922, 29.934064865112305, 22.89678192138672, 27.343656539916992, 24.256078720092773, 22.841463088989258, 21.18454933166504, 21.394243240356445, 20.554628372192383, 20.80338478088379, 18.44137191772461, 24.469728469848633, 23.335899353027344, 24.560670852661133, 20.21650505065918, 22.830121994018555, 22.578027725219727, 20.217632293701172, 21.71623420715332, 20.31325912475586, 20.000865936279297, 21.614255905151367, 26.78460121154785, 22.679645538330078, 20.492218017578125, 21.677074432373047, 17.488590240478516, 19.92385482788086, 26.30159568786621, 22.92403793334961, 24.431058883666992, 22.5487117767334, 15.441259384155273, 25.36361312866211, 23.024578094482422, 22.943220138549805, 21.2607479095459, 27.80569839477539, 17.68366813659668, 22.021469116210938, 21.63691520690918, 22.51833152770996, 23.641721725463867, 20.469247817993164, 21.51699447631836, 20.668249130249023, 21.127521514892578, 23.75652503967285, 21.403728485107422, 19.164499282836914, 23.466623306274414, 21.346454620361328, 24.08161163330078, 21.779573440551758, 24.636438369750977, 24.795495986938477, 21.700641632080078, 24.9818058013916, 25.575477600097656, 21.89977264404297, 19.941364288330078, 23.297130584716797, 24.922657012939453, 23.013351440429688, 21.057519912719727, 23.582538604736328, 20.762466430664062, 18.72800636291504, 21.767723083496094, 25.795989990234375, 21.344316482543945, 21.20455551147461, 19.71084213256836, 19.911775588989258, 22.535991668701172, 20.983715057373047, 21.42860221862793, 29.443147659301758, 22.93613052368164, 20.916231155395508, 20.26274871826172, 22.195226669311523, 22.28760528564453, 26.001989364624023, 23.56382179260254, 25.411155700683594, 20.34865379333496, 24.87582778930664, 25.503948211669922, 20.692611694335938, 18.061735153198242, 25.63593292236328, 22.19329071044922, 20.054222106933594, 23.10133934020996, 23.14789581298828, 17.95829200744629, 18.945594787597656, 24.35687255859375, 21.961633682250977, 20.802230834960938, 24.776309967041016, 26.26091957092285, 21.373817443847656, 18.73342514038086, 21.5931339263916, 30.693904876708984, 22.18766212463379, 21.069623947143555, 22.849029541015625, 21.5548152923584, 24.739389419555664, 21.11402130126953, 24.266633987426758, 18.711538314819336, 22.797945022583008, 22.16956329345703, 20.0312442779541, 23.86363983154297, 20.281774520874023, 26.179725646972656, 21.09372329711914, 23.602296829223633, 19.62154197692871, 24.7606201171875, 18.513715744018555, 26.091449737548828, 20.066959381103516, 25.125608444213867, 25.170429229736328, 20.072996139526367, 21.848873138427734, 22.84777069091797, 21.340036392211914, 21.845138549804688, 24.745996475219727, 20.564241409301758, 21.817655563354492, 23.683393478393555, 21.564008712768555, 28.047008514404297],