{"checkpoint": "outputs/r3_loop_l1x8_s95/model_0030000.pth", "num_scenes": 256, "psnr": 22.00723773986101, "lpips": 0.3016450575669296, "psnr_std_err": 0.14720883925509942, "per_scene_psnr": [18.566495895385742, 20.6203670501709, 20.299381256103516, 18.608713150024414, 23.923070907592773, 23.16122055053711, 22.94678497314453, 24.36026382446289, 20.080265045166016, 20.765363693237305, 24.557964324951172, 20.702301025390625, 22.28294563293457, 20.730144500732422, 21.683618545532227, 22.116212844848633, 20.27825355529785, 23.490821838378906, 23.19837760925293, 21.12957191467285, 19.928932189941406, 22.35379409790039, 22.47581672668457, 23.975143432617188, 24.7244930267334, 22.458698272705078, 21.957597732543945, 17.88541030883789, 25.143840789794922, 23.555490493774414, 24.948760986328125, 21.59832191467285, 20.71876335144043, 21.415508270263672, 23.049026489257812, 17.955615997314453, 20.14794158935547, 22.03127098083496, 24.329368591308594, 19.42331886291504, 22.919921875, 18.258766174316406, 20.664024353027344, 21.571321487426758, 20.60225486755371, 20.42223358154297, 21.3814697265625, 20.936155319213867, 20.447599411010742, 20.872119903564453, 22.7138614654541, 23.315345764160156, 22.86562728881836, 20.20770263671875, 21.456378936767578, 23.359460830688477, 19.792808532714844, 25.32445526123047, 22.714319229125977, 25.30950927734375, 22.181108474731445, 23.908214569091797, 22.67340850830078, 23.12812614440918, 21.156246185302734, 21.786094665527344, 21.236915588378906, 20.848905563354492, 21.294126510620117, 20.050249099731445, 23.57555389404297, 21.798187255859375, 23.71215057373047, 22.994794845581055, 20.863658905029297, 19.74209213256836, 20.170177459716797, 23.096057891845703, 23.34048843383789, 22.01380157470703, 18.0200138092041, 20.908937454223633, 24.816612243652344, 22.268474578857422, 22.707061767578125, 21.98423194885254, 22.747392654418945, 25.113021850585938, 26.738691329956055, 19.61227035522461, 20.911569595336914, 18.61810874938965, 21.34052276611328, 22.54751205444336, 24.508712768554688, 20.289569854736328, 16.962112426757812, 14.267131805419922, 27.414791107177734, 19.703815460205078, 18.245275497436523, 19.62725257873535, 21.977643966674805, 23.3845157623291, 24.07413101196289, 20.580951690673828, 17.004247665405273, 23.898052215576172, 22.02454376220703, 20.5441837310791, 24.158649444580078, 21.806087493896484, 23.24624252319336, 21.01119041442871, 21.949317932128906, 17.602684020996094, 29.52901840209961, 22.662193298339844, 27.41424560546875, 24.181304931640625, 22.80795669555664, 21.06024169921875, 21.68483543395996, 20.447460174560547, 20.604188919067383, 18.12210464477539, 24.5078125, 23.255508422851562, 24.311756134033203, 20.18303871154785, 22.461759567260742, 22.38387680053711, 19.831741333007812, 21.511991500854492, 20.12924575805664, 19.85816192626953, 21.495092391967773, 26.530418395996094, 22.534570693969727, 20.335453033447266, 21.573190689086914, 17.45424461364746, 19.4248104095459, 26.084196090698242, 22.588788986206055, 24.1923885345459, 22.33466148376465, 15.935630798339844, 25.04155158996582, 22.99053955078125, 22.930299758911133, 21.187023162841797, 27.44316291809082, 17.833721160888672, 21.702423095703125, 21.501195907592773, 22.335119247436523, 23.4315185546875, 20.372787475585938, 21.508272171020508, 20.494918823242188, 20.78535270690918, 23.512189865112305, 20.8385009765625, 19.168903350830078, 23.368568420410156, 21.262338638305664, 23.953365325927734, 21.49465560913086, 24.662769317626953, 24.58551597595215, 21.539527893066406, 24.666893005371094, 25.49696159362793, 21.51616096496582, 19.854799270629883, 23.197097778320312, 24.874217987060547, 22.9149169921875, 20.746246337890625, 23.42592430114746, 20.418262481689453, 18.643028259277344, 21.285972595214844, 25.644662857055664, 21.295276641845703, 20.930404663085938, 19.49207305908203, 19.47711181640625, 22.2541446685791, 20.93221664428711, 21.250295639038086, 28.849529266357422, 22.7222843170166, 20.733325958251953, 19.802867889404297, 21.882925033569336, 21.907377243041992, 25.824708938598633, 23.51192283630371, 25.31524658203125, 19.984819412231445, 24.547725677490234, 25.237945556640625, 20.560131072998047, 17.87662124633789, 25.376483917236328, 21.859272003173828, 19.885955810546875, 22.69597816467285, 22.789966583251953, 17.859827041625977, 18.7764892578125, 23.853557586669922, 21.833091735839844, 20.30855941772461, 24.64057731628418, 26.286006927490234, 21.010730743408203, 18.65593147277832, 21.043594360351562, 30.50199317932129, 21.935935974121094, 20.865047454833984, 22.51934814453125, 21.362770080566406, 24.5708065032959, 21.01557159423828, 23.92390251159668, 18.506425857543945, 22.563232421875, 21.94133949279785, 19.684152603149414, 23.520572662353516, 20.199752807617188, 26.016338348388672, 21.0892333984375, 23.40130043029785, 19.282669067382812, 24.817066192626953, 18.359493255615234, 25.693584442138672, 19.863868713378906, 24.855674743652344, 24.6756591796875, 19.76633071899414, 21.780776977539062, 22.489608764648438, 21.152332305908203, 21.68522071838379, 24.696958541870117, 20.345365524291992, 21.850507736206055, 23.610198974609375, 21.65708351135254, 27.426036834716797],