{"checkpoint": "outputs/r3_loop_l2x6_delta_s95/model_0030000.pth", "num_scenes": 256, "psnr": 22.647543758153915, "lpips": 0.27247011539293453, "psnr_std_err": 0.1488026567822761, "per_scene_psnr": [19.129335403442383, 21.47266387939453, 20.848182678222656, 19.650863647460938, 25.652372360229492, 23.778072357177734, 23.637859344482422, 24.849449157714844, 20.649595260620117, 21.529550552368164, 25.164264678955078, 20.938167572021484, 22.835765838623047, 21.426639556884766, 22.05122947692871, 22.636215209960938, 20.456981658935547, 24.826549530029297, 23.764122009277344, 21.671857833862305, 20.818078994750977, 22.93484878540039, 23.30816078186035, 24.402456283569336, 25.2694149017334, 23.232219696044922, 22.695615768432617, 18.539674758911133, 25.53050994873047, 24.068660736083984, 25.639867782592773, 22.10114288330078, 21.06502342224121, 22.12348747253418, 23.63753890991211, 18.328277587890625, 20.714107513427734, 22.425037384033203, 25.065227508544922, 20.207826614379883, 23.62598419189453, 18.874889373779297, 21.585189819335938, 22.15694236755371, 21.7967586517334, 20.876501083374023, 22.000749588012695, 21.519392013549805, 21.194602966308594, 21.270225524902344, 24.1746883392334, 24.0111083984375, 23.519804000854492, 20.959857940673828, 22.07333755493164, 23.958656311035156, 20.116336822509766, 25.723976135253906, 23.488426208496094, 25.812856674194336, 22.563697814941406, 25.151702880859375, 23.228843688964844, 23.936744689941406, 21.580888748168945, 22.246305465698242, 21.65390968322754, 21.410446166992188, 21.82919692993164, 21.034467697143555, 24.176557540893555, 22.234209060668945, 25.05356216430664, 23.49134635925293, 21.197586059570312, 20.09284782409668, 20.457475662231445, 23.929668426513672, 23.98062515258789, 22.011497497558594, 18.349258422851562, 22.099163055419922, 25.586673736572266, 22.749683380126953, 23.212608337402344, 22.80841064453125, 23.311050415039062, 25.818675994873047, 27.068063735961914, 20.224212646484375, 21.52484893798828, 18.85177993774414, 21.908218383789062, 23.272401809692383, 25.953046798706055, 21.92325782775879, 17.612449645996094, 14.946632385253906, 28.34774398803711, 20.72747039794922, 18.728525161743164, 20.372291564941406, 22.765647888183594, 24.128599166870117, 24.813121795654297, 21.107099533081055, 17.157869338989258, 24.517833709716797, 22.50841522216797, 21.289691925048828, 24.674274444580078, 22.781402587890625, 23.895435333251953, 21.832656860351562, 22.57737159729004, 17.880722045898438, 30.35601043701172, 23.308719635009766, 28.164791107177734, 24.78624153137207, 23.80345916748047, 21.482961654663086, 22.27503204345703, 20.797714233398438, 21.210744857788086, 18.76161003112793, 24.908458709716797, 23.371673583984375, 24.591672897338867, 20.663898468017578, 23.251319885253906, 23.163551330566406, 21.108585357666016, 22.548477172851562, 20.60271453857422, 20.252899169921875, 22.25551986694336, 27.425579071044922, 22.94013214111328, 20.91586685180664, 22.133346557617188, 17.7747745513916, 20.265304565429688, 26.70272445678711, 23.182809829711914, 24.79987335205078, 22.783672332763672, 17.081951141357422, 25.78730583190918, 23.704748153686523, 23.433149337768555, 21.629304885864258, 28.15664291381836, 18.253158569335938, 22.152095794677734, 21.80241584777832, 23.300779342651367, 24.07171630859375, 20.77061653137207, 21.69792938232422, 21.12196922302246, 21.44597625732422, 24.167110443115234, 21.872238159179688, 19.538223266601562, 24.018814086914062, 21.5773868560791, 24.717872619628906, 22.11836814880371, 25.24929428100586, 25.11115074157715, 21.980445861816406, 25.218902587890625, 25.9483699798584, 22.31283950805664, 20.644405364990234, 23.87611198425293, 25.184478759765625, 23.17866325378418, 21.683979034423828, 23.988758087158203, 21.53854751586914, 19.252490997314453, 22.235191345214844, 26.06753158569336, 21.522174835205078, 21.68817138671875, 19.87303924560547, 20.151756286621094, 22.883686065673828, 21.348388671875, 21.890201568603516, 29.61457061767578, 23.482168197631836, 21.37944984436035, 20.54922103881836, 23.036489486694336, 22.593280792236328, 26.252399444580078, 24.174724578857422, 25.62626838684082, 20.828685760498047, 25.085342407226562, 25.876415252685547, 21.181304931640625, 18.41607093811035, 25.83365249633789, 22.45149803161621, 20.433189392089844, 23.365520477294922, 23.70029640197754, 18.6851806640625, 19.810298919677734, 24.69516944885254, 22.609683990478516, 21.225187301635742, 25.25997543334961, 26.854766845703125, 21.681711196899414, 19.279773712158203, 21.914751052856445, 30.85787010192871, 22.60641860961914, 21.53384017944336, 23.464885711669922, 21.863719940185547, 25.706174850463867, 21.335674285888672, 24.535247802734375, 19.206165313720703, 23.064355850219727, 22.545061111450195, 20.415573120117188, 24.274614334106445, 20.471027374267578, 26.391273498535156, 21.508319854736328, 23.855201721191406, 19.643823623657227, 25.397274017333984, 18.953935623168945, 26.595661163330078, 20.704240798950195, 25.707542419433594, 25.51874351501465, 20.471899032592773, 22.469816207885742, 23.481117248535156, 21.681140899658203, 22.22856330871582, 24.97677230834961, 20.88697624206543, 22.945140838623047, 23.853452682495117, 22.15064239501953, 28.328109741210938],