{"checkpoint": "outputs/r23_utembed_s95/model_0030000.pth", "num_scenes": 256, "psnr": 22.03759892657399, "lpips": 0.28932402649661526, "psnr_std_err": 0.14703013306130408, "per_scene_psnr": [18.523134231567383, 20.721433639526367, 20.309539794921875, 18.613832473754883, 24.030351638793945, 23.008750915527344, 22.907215118408203, 24.387859344482422, 20.21259117126465, 20.92665672302246, 24.410194396972656, 20.731706619262695, 22.376680374145508, 20.816463470458984, 21.712154388427734, 21.94978904724121, 20.037691116333008, 23.214111328125, 23.25889778137207, 21.28383445739746, 19.96414566040039, 22.40266990661621, 22.946441650390625, 23.912382125854492, 24.567855834960938, 22.806758880615234, 22.124492645263672, 17.889034271240234, 25.035106658935547, 23.356054306030273, 25.022083282470703, 21.534133911132812, 20.64031219482422, 21.786922454833984, 22.951759338378906, 17.93277359008789, 20.041343688964844, 21.718963623046875, 24.38408851623535, 19.55326271057129, 22.852354049682617, 18.423351287841797, 21.06592559814453, 21.64320945739746, 21.246950149536133, 20.3917236328125, 21.74587631225586, 20.974563598632812, 20.50722312927246, 20.78044891357422, 23.08332633972168, 23.235950469970703, 22.557008743286133, 20.66718101501465, 21.389739990234375, 23.520219802856445, 19.546857833862305, 25.185453414916992, 22.60462188720703, 25.450010299682617, 22.179725646972656, 23.654685974121094, 22.758235931396484, 22.712812423706055, 21.01254653930664, 21.72325897216797, 21.13665771484375, 20.807147979736328, 21.171751022338867, 20.585128784179688, 23.784664154052734, 21.67481231689453, 23.64645004272461, 22.80960464477539, 20.819408416748047, 19.58859634399414, 20.034069061279297, 23.609609603881836, 23.288957595825195, 21.97852325439453, 18.054256439208984, 21.17831802368164, 25.281679153442383, 21.982242584228516, 22.69221305847168, 22.16014862060547, 22.58889389038086, 25.249624252319336, 26.647674560546875, 19.513076782226562, 21.06045913696289, 18.479812622070312, 21.54848861694336, 22.660940170288086, 24.995342254638672, 20.675914764404297, 17.015548706054688, 14.31700325012207, 27.42305564880371, 20.07280158996582, 18.022573471069336, 19.888259887695312, 22.450580596923828, 23.39126968383789, 24.028541564941406, 20.693126678466797, 16.815128326416016, 23.892810821533203, 21.923084259033203, 20.469751358032227, 24.328712463378906, 21.85304832458496, 23.23856544494629, 20.99292755126953, 22.04950523376465, 17.467683792114258, 29.804689407348633, 22.64371681213379, 27.414342880249023, 24.005786895751953, 22.430688858032227, 21.127113342285156, 21.4337158203125, 20.524398803710938, 20.701265335083008, 18.46312713623047, 24.331787109375, 22.950531005859375, 24.24740982055664, 19.99993133544922, 22.854999542236328, 22.338266372680664, 19.800155639648438, 21.88949203491211, 20.024354934692383, 19.922279357910156, 21.451309204101562, 26.532075881958008, 22.468908309936523, 20.400760650634766, 21.567461013793945, 17.362667083740234, 19.526897430419922, 26.087841033935547, 22.55537223815918, 24.34023094177246, 22.177078247070312, 15.574797630310059, 25.218904495239258, 23.130598068237305, 23.001113891601562, 21.147748947143555, 27.59164810180664, 17.815414428710938, 21.69893455505371, 21.362842559814453, 22.51058578491211, 23.52994728088379, 20.584993362426758, 21.191181182861328, 20.824783325195312, 20.781822204589844, 23.42218017578125, 21.102113723754883, 19.120418548583984, 23.46997833251953, 21.063940048217773, 23.831459045410156, 21.4842529296875, 24.647293090820312, 24.309207916259766, 21.503768920898438, 24.858856201171875, 25.518783569335938, 21.82365608215332, 20.171396255493164, 23.141902923583984, 24.627182006835938, 22.712677001953125, 21.170015335083008, 23.35696792602539, 20.513498306274414, 18.58296775817871, 21.381778717041016, 25.467784881591797, 21.078182220458984, 20.970956802368164, 19.524747848510742, 19.30234718322754, 22.1248836517334, 20.987266540527344, 21.263734817504883, 29.056215286254883, 22.818103790283203, 20.663837432861328, 19.911060333251953, 22.413625717163086, 22.084789276123047, 25.64602279663086, 23.63208770751953, 25.06877899169922, 20.041988372802734, 24.633987426757812, 25.216520309448242, 20.494491577148438, 17.90165138244629, 25.327953338623047, 21.898757934570312, 19.96210289001465, 22.85335922241211, 22.890018463134766, 18.016132354736328, 18.928178787231445, 24.100894927978516, 21.720020294189453, 20.38355827331543, 24.836593627929688, 26.090797424316406, 21.256933212280273, 18.737470626831055, 21.55553436279297, 30.340478897094727, 22.12063980102539, 20.876449584960938, 22.86225128173828, 21.287349700927734, 24.718170166015625, 20.94070816040039, 24.02941131591797, 18.511268615722656, 22.54805564880371, 22.037609100341797, 19.87950897216797, 23.613758087158203, 20.096099853515625, 25.90165138244629, 20.742435455322266, 23.13255500793457, 19.4129638671875, 24.891489028930664, 18.332130432128906, 25.951244354248047, 19.950443267822266, 24.944334030151367, 25.031288146972656, 19.98476219177246, 21.812231063842773, 22.649259567260742, 21.17498779296875, 21.680530548095703, 24.607879638671875, 20.473297119140625, 21.917495727539062, 23.322322845458984, 21.578521728515625, 27.29692840576172],