{"checkpoint": "outputs/r18_transwrite_s95/model_0030000.pth", "num_scenes": 256, "psnr": 22.005074232816696, "lpips": 0.2927957276115194, "psnr_std_err": 0.14566019945367947, "per_scene_psnr": [18.479293823242188, 20.84722328186035, 20.10894775390625, 18.87030601501465, 24.40097999572754, 22.989215850830078, 22.822847366333008, 24.240825653076172, 20.04257583618164, 21.078615188598633, 24.278318405151367, 20.747621536254883, 22.24103546142578, 20.7387638092041, 21.76541519165039, 22.045442581176758, 19.93400001525879, 23.180063247680664, 23.128747940063477, 21.19692611694336, 20.00121307373047, 22.251819610595703, 23.063804626464844, 23.98374366760254, 24.449026107788086, 22.6864070892334, 22.254653930664062, 17.92129135131836, 25.00603675842285, 23.390769958496094, 25.04767608642578, 21.73971939086914, 20.734272003173828, 21.359148025512695, 23.023517608642578, 17.987546920776367, 20.055177688598633, 21.741695404052734, 24.445714950561523, 19.799039840698242, 22.821258544921875, 18.380510330200195, 20.868350982666016, 21.73851203918457, 20.875110626220703, 20.619192123413086, 21.505271911621094, 20.97774314880371, 20.348163604736328, 20.722806930541992, 23.100631713867188, 23.233566284179688, 22.56985092163086, 20.41954231262207, 21.185771942138672, 23.539878845214844, 19.483362197875977, 25.171632766723633, 22.645912170410156, 25.340784072875977, 22.02659797668457, 24.01396942138672, 22.663562774658203, 22.75286865234375, 20.939659118652344, 21.729293823242188, 20.989498138427734, 20.699338912963867, 21.06839942932129, 20.375003814697266, 23.371706008911133, 21.64914321899414, 23.549835205078125, 22.7139835357666, 20.74734115600586, 19.61823272705078, 20.072439193725586, 23.23598861694336, 23.327762603759766, 21.842979431152344, 18.10950469970703, 21.051197052001953, 24.99478530883789, 21.954763412475586, 22.501239776611328, 22.109830856323242, 22.41661834716797, 25.239505767822266, 26.611852645874023, 19.61809539794922, 20.92068862915039, 18.49409294128418, 21.516199111938477, 22.56097412109375, 25.089679718017578, 21.153400421142578, 16.830965042114258, 14.335633277893066, 27.613712310791016, 19.85530662536621, 18.006397247314453, 19.747936248779297, 22.355228424072266, 23.3988037109375, 24.260700225830078, 20.802196502685547, 17.189437866210938, 23.833412170410156, 21.890621185302734, 20.35099983215332, 24.187946319580078, 21.982669830322266, 23.320846557617188, 20.559276580810547, 21.976207733154297, 17.341222763061523, 29.66839027404785, 22.601551055908203, 27.43329620361328, 23.827007293701172, 22.90987205505371, 20.901479721069336, 21.472816467285156, 20.315635681152344, 20.643999099731445, 18.37042999267578, 24.25164222717285, 23.066680908203125, 24.103946685791016, 20.032079696655273, 22.632675170898438, 22.381906509399414, 20.571239471435547, 21.730289459228516, 20.000537872314453, 19.947498321533203, 21.440715789794922, 26.349987030029297, 22.29884147644043, 20.36468505859375, 21.663238525390625, 17.313663482666016, 19.45332908630371, 25.994155883789062, 22.841999053955078, 24.268091201782227, 22.248897552490234, 15.912598609924316, 25.158538818359375, 23.115642547607422, 22.92222785949707, 21.155183792114258, 27.455032348632812, 17.98810577392578, 21.483047485351562, 21.307147979736328, 22.62418556213379, 23.485525131225586, 20.517925262451172, 21.17193031311035, 20.58708381652832, 20.8734130859375, 23.254812240600586, 21.203842163085938, 19.059751510620117, 23.424026489257812, 20.953651428222656, 23.687734603881836, 21.528169631958008, 24.72698974609375, 24.33892250061035, 21.388254165649414, 24.852323532104492, 25.41033935546875, 21.676589965820312, 20.121414184570312, 23.106929779052734, 24.450763702392578, 22.75749969482422, 21.06989288330078, 23.562541961669922, 20.500375747680664, 18.5335693359375, 21.149158477783203, 25.3885555267334, 20.947219848632812, 21.006027221679688, 19.659149169921875, 19.639883041381836, 22.089054107666016, 20.818147659301758, 21.451019287109375, 28.93280792236328, 22.59783172607422, 20.69798469543457, 19.659244537353516, 22.100107192993164, 22.216337203979492, 25.43532371520996, 23.47785186767578, 24.83247947692871, 19.86981201171875, 24.736032485961914, 25.214845657348633, 20.644371032714844, 17.953168869018555, 25.178604125976562, 21.963472366333008, 19.94655418395996, 22.871322631835938, 22.840442657470703, 17.903535842895508, 18.88172721862793, 24.101985931396484, 21.551422119140625, 20.217662811279297, 24.51739501953125, 26.20233154296875, 21.208072662353516, 18.821760177612305, 21.462772369384766, 30.328664779663086, 22.12132453918457, 20.928800582885742, 22.8158016204834, 21.519155502319336, 24.440860748291016, 20.894765853881836, 23.62161636352539, 18.416303634643555, 22.61560821533203, 22.01382827758789, 19.77031707763672, 23.663742065429688, 19.93697166442871, 25.82400894165039, 20.605878829956055, 22.88058853149414, 19.36429786682129, 24.554866790771484, 18.443092346191406, 25.965681076049805, 19.897462844848633, 25.114933013916016, 24.900672912597656, 20.110055923461914, 21.765995025634766, 22.60559844970703, 21.136396408081055, 21.689607620239258, 24.742019653320312, 20.596492767333984, 22.08224105834961, 23.04398536682129, 22.000905990600586, 27.037580490112305],