{"checkpoint": "outputs/r3_loop_l2x4_delta_s96/model_0030000.pth", "num_scenes": 256, "psnr": 22.069108743220568, "lpips": 0.28877037490019575, "psnr_std_err": 0.14628157819774038, "per_scene_psnr": [18.530649185180664, 20.68854331970215, 20.281829833984375, 18.73578453063965, 24.255430221557617, 22.9959774017334, 22.91569709777832, 24.427404403686523, 20.2496337890625, 20.95726203918457, 24.573495864868164, 20.66293716430664, 22.403472900390625, 20.837982177734375, 21.741775512695312, 22.062332153320312, 20.086444854736328, 23.357648849487305, 23.248689651489258, 21.17925453186035, 20.055524826049805, 22.447296142578125, 22.7695255279541, 24.009708404541016, 24.58376693725586, 22.77460479736328, 22.2214298248291, 17.966554641723633, 25.15100860595703, 23.41254997253418, 24.980060577392578, 21.566471099853516, 21.01934051513672, 21.794206619262695, 22.997516632080078, 17.817672729492188, 20.00273895263672, 21.796234130859375, 24.485090255737305, 19.441646575927734, 22.89707374572754, 18.282554626464844, 21.11157989501953, 21.736164093017578, 21.13011932373047, 20.641319274902344, 21.69517707824707, 21.02568817138672, 20.796106338500977, 20.793210983276367, 23.349151611328125, 23.454818725585938, 22.70446014404297, 20.51021957397461, 21.4249210357666, 23.708919525146484, 19.569929122924805, 25.144893646240234, 22.703651428222656, 25.38686752319336, 22.185550689697266, 23.874897003173828, 22.829090118408203, 22.916337966918945, 21.020584106445312, 21.876096725463867, 21.06103515625, 20.91553497314453, 21.206071853637695, 20.47684097290039, 23.24151611328125, 21.798885345458984, 23.271800994873047, 22.843433380126953, 20.84873390197754, 19.64282989501953, 20.06891441345215, 23.504436492919922, 23.347871780395508, 21.85116958618164, 18.12162208557129, 21.587356567382812, 24.99187660217285, 21.989309310913086, 22.680362701416016, 22.13424301147461, 22.58590316772461, 25.149765014648438, 26.546199798583984, 19.563213348388672, 21.226346969604492, 18.631908416748047, 21.50697898864746, 22.61651611328125, 25.080032348632812, 20.88089370727539, 16.906335830688477, 14.327549934387207, 27.586200714111328, 19.948265075683594, 18.119443893432617, 19.757787704467773, 22.33965301513672, 23.3243465423584, 24.139497756958008, 20.676353454589844, 17.186182022094727, 23.9614200592041, 21.96636962890625, 20.70127296447754, 24.205446243286133, 21.85373306274414, 23.234460830688477, 20.872556686401367, 22.10314178466797, 17.48822021484375, 29.49837875366211, 22.608081817626953, 27.451221466064453, 24.04422378540039, 22.90375518798828, 21.12766456604004, 21.394498825073242, 20.587722778320312, 20.56024169921875, 18.410564422607422, 24.481428146362305, 23.097068786621094, 24.36983299255371, 19.993982315063477, 22.895021438598633, 22.4736385345459, 19.952672958374023, 21.964427947998047, 19.938358306884766, 19.910140991210938, 21.577186584472656, 26.44204330444336, 22.569908142089844, 20.364770889282227, 21.678348541259766, 17.45689582824707, 19.91683578491211, 26.04229164123535, 22.986318588256836, 24.387706756591797, 22.206195831298828, 15.856605529785156, 25.204254150390625, 23.009563446044922, 23.03829574584961, 21.136018753051758, 27.328338623046875, 17.760395050048828, 21.685266494750977, 21.408958435058594, 22.596017837524414, 23.616710662841797, 20.522497177124023, 21.24797821044922, 20.74756622314453, 20.863529205322266, 23.38072967529297, 21.259992599487305, 19.090999603271484, 23.270713806152344, 21.092857360839844, 23.854894638061523, 21.54926109313965, 24.769309997558594, 24.47455406188965, 21.43362045288086, 25.031967163085938, 25.418445587158203, 21.853801727294922, 20.068376541137695, 23.04806137084961, 24.541584014892578, 22.817575454711914, 21.053436279296875, 23.380203247070312, 20.949722290039062, 18.782312393188477, 21.571125030517578, 25.33505630493164, 21.204988479614258, 21.010103225708008, 19.571380615234375, 19.852670669555664, 22.32680320739746, 20.83072280883789, 21.345340728759766, 29.174957275390625, 22.86532974243164, 20.747758865356445, 19.578433990478516, 22.184926986694336, 22.15882110595703, 25.710853576660156, 23.506500244140625, 24.973892211914062, 20.055015563964844, 24.70355224609375, 25.29735565185547, 20.487136840820312, 18.014772415161133, 25.286666870117188, 21.85889434814453, 19.886398315429688, 22.8447322845459, 22.97481346130371, 18.071794509887695, 18.803245544433594, 24.165485382080078, 21.78339195251465, 20.320781707763672, 24.7513484954834, 26.232898712158203, 21.171249389648438, 18.57684898376465, 21.784252166748047, 30.372570037841797, 22.26638412475586, 20.87527847290039, 22.83552360534668, 21.339223861694336, 25.01363754272461, 20.953861236572266, 23.979814529418945, 18.563430786132812, 22.591678619384766, 22.069490432739258, 19.83346939086914, 23.549945831298828, 20.097389221191406, 26.119882583618164, 20.81970977783203, 23.101158142089844, 19.322532653808594, 24.76935577392578, 18.461177825927734, 26.01873207092285, 20.026145935058594, 25.030994415283203, 25.014219284057617, 20.038238525390625, 21.952579498291016, 22.634029388427734, 21.09087371826172, 21.76955223083496, 24.656970977783203, 20.51183319091797, 22.053882598876953, 23.432043075561523, 21.528717041015625, 27.21695327758789],