{"checkpoint": "outputs/r22_d512_naive_s97/model_0030000.pth", "num_scenes": 256, "psnr": 23.789481475949287, "lpips": 0.21825774374883622, "psnr_std_err": 0.16552319579178273, "per_scene_psnr": [20.724451065063477, 22.590290069580078, 22.929794311523438, 19.98592185974121, 26.215370178222656, 24.875030517578125, 25.338329315185547, 26.264270782470703, 21.12128257751465, 22.718910217285156, 26.983747482299805, 21.89999008178711, 23.963577270507812, 22.772926330566406, 22.998233795166016, 23.545509338378906, 21.665231704711914, 25.874980926513672, 24.72761344909668, 22.31572151184082, 22.018081665039062, 25.218122482299805, 24.35030174255371, 26.42799186706543, 27.829248428344727, 24.68194007873535, 23.780967712402344, 19.329118728637695, 26.421630859375, 25.149824142456055, 26.990530014038086, 22.5688533782959, 22.039016723632812, 22.20743179321289, 24.877357482910156, 18.86726951599121, 21.360998153686523, 24.193851470947266, 26.155982971191406, 21.32479476928711, 24.779891967773438, 19.7889347076416, 23.232500076293945, 23.0892333984375, 22.3481388092041, 21.268415451049805, 22.668685913085938, 22.466049194335938, 22.465225219726562, 22.235305786132812, 25.762893676757812, 25.55353355407715, 26.13079261779785, 22.444637298583984, 24.86578941345215, 24.827259063720703, 21.32796859741211, 26.831771850585938, 25.260953903198242, 27.624378204345703, 23.209346771240234, 26.105911254882812, 24.882259368896484, 26.558692932128906, 22.776748657226562, 23.31220817565918, 23.99665641784668, 22.086000442504883, 22.500837326049805, 22.50896644592285, 24.911062240600586, 23.300365447998047, 25.09000587463379, 25.463417053222656, 21.97658920288086, 21.17316246032715, 21.25112533569336, 25.068262100219727, 24.59009552001953, 22.939279556274414, 19.174577713012695, 22.12120246887207, 26.417024612426758, 24.78215789794922, 25.286731719970703, 23.522960662841797, 25.850114822387695, 26.835710525512695, 28.06856346130371, 20.888805389404297, 22.065744400024414, 19.16485023498535, 21.80910873413086, 24.768329620361328, 27.46799087524414, 22.822553634643555, 18.588226318359375, 14.928728103637695, 29.250560760498047, 22.17593765258789, 19.648662567138672, 21.328432083129883, 22.974761962890625, 26.082351684570312, 25.46288299560547, 22.29871368408203, 17.17645263671875, 25.780406951904297, 24.64437484741211, 22.837820053100586, 26.03726577758789, 23.987083435058594, 24.99508285522461, 23.105892181396484, 23.82674217224121, 19.12349510192871, 32.655765533447266, 24.63980484008789, 29.181873321533203, 27.426862716674805, 24.638635635375977, 21.285402297973633, 23.294971466064453, 21.265464782714844, 21.69643211364746, 19.694202423095703, 25.58226776123047, 24.107999801635742, 25.681194305419922, 21.814189910888672, 24.151161193847656, 24.381996154785156, 22.74017333984375, 23.505634307861328, 21.983272552490234, 20.676448822021484, 22.976280212402344, 29.891321182250977, 24.36214828491211, 22.33049774169922, 22.43987274169922, 18.337509155273438, 21.397777557373047, 27.785749435424805, 23.935659408569336, 25.238191604614258, 23.493213653564453, 18.037803649902344, 26.789228439331055, 24.345714569091797, 24.925859451293945, 22.392925262451172, 30.432247161865234, 19.05843734741211, 23.202302932739258, 22.71051025390625, 24.805484771728516, 25.106040954589844, 21.244735717773438, 23.53387451171875, 22.88219451904297, 22.28238868713379, 26.627033233642578, 22.633880615234375, 20.549266815185547, 25.12866973876953, 22.3985652923584, 25.946884155273438, 24.645198822021484, 26.212276458740234, 26.381628036499023, 22.068798065185547, 26.307552337646484, 26.461769104003906, 23.437463760375977, 21.499706268310547, 25.17674446105957, 26.146427154541016, 23.538421630859375, 22.684982299804688, 24.869510650634766, 21.707956314086914, 20.27873992919922, 24.055212020874023, 26.857566833496094, 22.017086029052734, 22.92243194580078, 20.699167251586914, 20.528459548950195, 24.525758743286133, 21.802061080932617, 22.112810134887695, 31.821630477905273, 24.906099319458008, 22.31888771057129, 22.073572158813477, 23.738916397094727, 23.55093765258789, 28.770553588867188, 24.906911849975586, 28.468994140625, 21.77933120727539, 26.45789909362793, 27.113237380981445, 21.779401779174805, 19.196393966674805, 27.03128433227539, 23.06777572631836, 21.396692276000977, 24.373119354248047, 25.529823303222656, 19.09461212158203, 20.48183822631836, 26.125469207763672, 24.411788940429688, 22.862340927124023, 26.50398063659668, 27.794435501098633, 22.76017951965332, 20.359451293945312, 23.487131118774414, 32.56166076660156, 23.51381492614746, 22.577377319335938, 25.224180221557617, 22.94480323791504, 27.363309860229492, 22.272541046142578, 27.471607208251953, 20.162471771240234, 23.761211395263672, 23.01967430114746, 20.90866470336914, 24.747264862060547, 21.78809928894043, 28.08981704711914, 23.715423583984375, 26.09261703491211, 21.19162368774414, 26.398189544677734, 19.808958053588867, 28.593425750732422, 21.88804817199707, 26.50254249572754, 27.277677536010742, 21.21821403503418, 23.312461853027344, 24.70390510559082, 22.98058319091797, 23.392864227294922, 25.252887725830078, 22.264204025268555, 23.73623275756836, 25.558475494384766, 22.86454963684082, 30.943286895751953],