{"checkpoint": "outputs/r18_boostgain_s95/model_0030000.pth", "num_scenes": 256, "psnr": 22.21112808957696, "lpips": 0.2863705605850555, "psnr_std_err": 0.14758489580811465, "per_scene_psnr": [18.660181045532227, 20.76526641845703, 20.3644962310791, 19.108539581298828, 24.871959686279297, 23.26364517211914, 23.054903030395508, 24.396398544311523, 20.292701721191406, 21.226543426513672, 24.59975814819336, 20.898296356201172, 22.510587692260742, 20.982921600341797, 21.824012756347656, 22.142852783203125, 20.1755428314209, 23.639278411865234, 23.475929260253906, 21.254711151123047, 20.569116592407227, 22.550743103027344, 22.943416595458984, 24.066394805908203, 24.817256927490234, 22.819683074951172, 22.27462387084961, 18.142057418823242, 25.104690551757812, 23.533557891845703, 25.23503303527832, 21.65612030029297, 20.832378387451172, 21.568317413330078, 23.39145851135254, 18.090585708618164, 20.256053924560547, 21.86433982849121, 24.66228485107422, 20.06290626525879, 23.053380966186523, 18.51764488220215, 21.103078842163086, 21.93201446533203, 21.182647705078125, 20.59146499633789, 21.588829040527344, 21.14440155029297, 20.71294403076172, 20.91120147705078, 23.402599334716797, 23.44395637512207, 22.889202117919922, 20.62694549560547, 21.55950355529785, 23.681028366088867, 19.641849517822266, 25.331315994262695, 22.91461753845215, 25.53232192993164, 22.215984344482422, 24.36252212524414, 22.980823516845703, 23.35848045349121, 21.04792594909668, 21.900617599487305, 21.25434684753418, 20.98193359375, 21.195816040039062, 20.542335510253906, 23.778915405273438, 21.824138641357422, 23.78215789794922, 22.902070999145508, 20.932090759277344, 19.75394058227539, 20.14550018310547, 23.501544952392578, 23.587167739868164, 21.943988800048828, 18.193607330322266, 21.5628604888916, 25.256805419921875, 22.264362335205078, 22.833145141601562, 22.313940048217773, 22.784921646118164, 25.529239654541016, 26.629913330078125, 19.620038986206055, 21.147403717041016, 18.47019386291504, 21.722496032714844, 22.75754737854004, 25.35120964050293, 21.39255142211914, 16.905601501464844, 14.495743751525879, 27.797351837158203, 20.058086395263672, 18.22053337097168, 19.961383819580078, 22.439231872558594, 23.587400436401367, 24.3010311126709, 20.905899047851562, 17.18967628479004, 24.10085678100586, 21.98907470703125, 20.623676300048828, 24.396564483642578, 22.18829345703125, 23.329700469970703, 21.2386531829834, 22.091445922851562, 17.5909366607666, 30.145065307617188, 22.8226318359375, 27.60788917541504, 23.989665985107422, 23.14824867248535, 21.25493621826172, 21.89981460571289, 20.57613754272461, 20.957242965698242, 18.5611629486084, 24.476470947265625, 23.220809936523438, 24.45456314086914, 20.16770362854004, 22.922048568725586, 22.603853225708008, 20.712608337402344, 21.72966766357422, 20.14065933227539, 20.032760620117188, 21.60374641418457, 26.705795288085938, 22.503128051757812, 20.449514389038086, 21.871931076049805, 17.550350189208984, 19.507387161254883, 26.267576217651367, 23.007566452026367, 24.537269592285156, 22.308223724365234, 16.340425491333008, 25.240501403808594, 23.26737403869629, 23.176326751708984, 21.248157501220703, 27.831993103027344, 18.046613693237305, 21.827009201049805, 21.443801879882812, 22.787630081176758, 23.76352310180664, 20.67935562133789, 21.37273597717285, 20.803983688354492, 21.11336898803711, 23.535926818847656, 21.351394653320312, 19.241397857666016, 23.57994270324707, 21.195507049560547, 24.076385498046875, 21.640262603759766, 25.027332305908203, 24.549758911132812, 21.622102737426758, 24.924976348876953, 25.667892456054688, 21.97273063659668, 19.946630477905273, 23.318511962890625, 24.66339874267578, 22.895917892456055, 21.12222671508789, 23.60694122314453, 20.737873077392578, 18.60938835144043, 21.522624969482422, 25.672149658203125, 21.193267822265625, 21.240863800048828, 19.668336868286133, 19.516155242919922, 22.35866355895996, 20.92972755432129, 21.43051528930664, 29.351661682128906, 22.96233367919922, 21.03971290588379, 20.139385223388672, 22.514541625976562, 22.407352447509766, 25.83317756652832, 23.206491470336914, 25.243839263916016, 20.405271530151367, 24.982418060302734, 25.53470230102539, 20.78693389892578, 18.115581512451172, 25.44855308532715, 22.144994735717773, 20.119308471679688, 22.776535034179688, 23.04927635192871, 18.120176315307617, 18.946680068969727, 24.30860710144043, 21.762676239013672, 20.523571014404297, 24.76021957397461, 26.525012969970703, 21.289104461669922, 18.94780921936035, 21.669837951660156, 30.3459529876709, 22.144376754760742, 21.063583374023438, 22.820865631103516, 21.475831985473633, 25.02286148071289, 21.081363677978516, 24.08546257019043, 18.70994758605957, 22.754802703857422, 22.169918060302734, 20.08570098876953, 23.870018005371094, 20.065393447875977, 26.047069549560547, 20.927085876464844, 23.22770118713379, 19.415523529052734, 24.822729110717773, 18.563655853271484, 26.178298950195312, 20.084970474243164, 25.304119110107422, 25.1387939453125, 20.07673454284668, 22.026996612548828, 23.015674591064453, 21.41437339782715, 21.93042755126953, 24.84055519104004, 20.66472053527832, 22.571184158325195, 23.335643768310547, 21.869441986083984, 27.539039611816406],