{"checkpoint": "outputs/r22_d512_gf_lr16_s96/model_0030000.pth", "num_scenes": 256, "psnr": 24.029308579862118, "lpips": 0.21037726980284788, "psnr_std_err": 0.16567111394024833, "per_scene_psnr": [20.91980743408203, 22.96782684326172, 22.93402862548828, 20.202844619750977, 26.051559448242188, 25.198286056518555, 25.68070411682129, 26.258543014526367, 21.184627532958984, 22.84404945373535, 27.217552185058594, 22.035640716552734, 24.249914169311523, 22.9923152923584, 22.82924461364746, 23.85511589050293, 21.45380401611328, 25.40719985961914, 25.236814498901367, 22.74919319152832, 22.076534271240234, 25.365684509277344, 24.693119049072266, 26.746442794799805, 27.806259155273438, 24.984012603759766, 24.24927520751953, 19.39547348022461, 26.49191665649414, 25.07080078125, 27.382892608642578, 22.686492919921875, 22.4696044921875, 23.184232711791992, 25.60917854309082, 19.10120391845703, 21.84040069580078, 24.06402587890625, 26.364545822143555, 21.399513244628906, 24.965652465820312, 20.158090591430664, 23.463937759399414, 23.295032501220703, 23.301597595214844, 21.612977981567383, 23.881938934326172, 22.571229934692383, 22.558189392089844, 22.260799407958984, 26.401643753051758, 25.668771743774414, 26.038476943969727, 22.74116325378418, 24.969993591308594, 25.207645416259766, 21.198810577392578, 26.80274772644043, 25.450172424316406, 27.618179321289062, 23.384136199951172, 26.242578506469727, 25.115890502929688, 26.24224090576172, 22.63204574584961, 23.62659454345703, 23.741256713867188, 22.497467041015625, 23.29944610595703, 22.6595458984375, 25.105541229248047, 23.34527587890625, 27.03952407836914, 25.33393669128418, 22.162160873413086, 21.157268524169922, 21.640201568603516, 25.26198959350586, 24.759674072265625, 23.36724853515625, 19.288833618164062, 23.214750289916992, 27.436819076538086, 24.83584976196289, 25.484352111816406, 23.85450553894043, 26.027603149414062, 27.388160705566406, 28.09445571899414, 20.9945125579834, 22.84572982788086, 19.26970863342285, 22.03165054321289, 24.77659034729004, 27.745187759399414, 23.586654663085938, 18.898448944091797, 14.887025833129883, 29.98663330078125, 22.512426376342773, 19.795473098754883, 21.55176544189453, 23.10438346862793, 26.130878448486328, 25.984355926513672, 22.5802001953125, 17.843063354492188, 25.92179298400879, 24.881914138793945, 23.1214599609375, 27.02528953552246, 24.462017059326172, 25.359952926635742, 22.778133392333984, 23.846864700317383, 18.961801528930664, 32.70549392700195, 24.797473907470703, 29.517309188842773, 27.436111450195312, 24.842042922973633, 21.52768325805664, 24.003259658813477, 21.70243263244629, 21.857816696166992, 20.01528549194336, 25.580509185791016, 24.587921142578125, 24.884740829467773, 21.897354125976562, 24.48358726501465, 24.61797523498535, 23.463809967041016, 24.13693618774414, 22.000946044921875, 20.785463333129883, 23.1800479888916, 29.963781356811523, 24.596097946166992, 22.594486236572266, 22.813312530517578, 18.339031219482422, 21.614788055419922, 27.845664978027344, 23.830530166625977, 26.418188095092773, 23.43548011779785, 17.189977645874023, 26.91734504699707, 25.058488845825195, 25.14206314086914, 22.514951705932617, 30.47304916381836, 19.14095115661621, 23.512283325195312, 22.617189407348633, 25.118539810180664, 25.610673904418945, 21.61624526977539, 23.367835998535156, 23.214569091796875, 22.434091567993164, 26.38248634338379, 22.7884464263916, 20.26331901550293, 25.662519454956055, 22.14678955078125, 26.370594024658203, 24.880870819091797, 26.77985191345215, 26.37333869934082, 22.240114212036133, 26.514890670776367, 26.568103790283203, 23.782699584960938, 22.15745735168457, 25.58163070678711, 26.023035049438477, 24.171165466308594, 23.078500747680664, 25.238370895385742, 22.398574829101562, 20.422544479370117, 24.057384490966797, 26.747352600097656, 22.242624282836914, 23.04378890991211, 20.71763801574707, 20.508686065673828, 24.56093978881836, 22.1633243560791, 22.572261810302734, 31.961896896362305, 25.514142990112305, 22.426528930664062, 22.553329467773438, 24.24541664123535, 23.964920043945312, 28.73491668701172, 25.938430786132812, 28.348438262939453, 22.264179229736328, 26.88054084777832, 27.234933853149414, 22.083038330078125, 19.59255027770996, 27.186511993408203, 23.276073455810547, 21.89673614501953, 24.722930908203125, 25.777507781982422, 19.23825454711914, 21.82050323486328, 26.424837112426758, 24.27254867553711, 23.351764678955078, 26.908939361572266, 27.989688873291016, 22.75628089904785, 20.654987335205078, 24.27320098876953, 32.59467697143555, 24.10079002380371, 22.873065948486328, 25.825185775756836, 23.031028747558594, 27.173738479614258, 22.04114532470703, 27.991018295288086, 20.55640983581543, 23.95221710205078, 23.240982055664062, 20.970060348510742, 24.709131240844727, 21.69325828552246, 28.02646827697754, 23.387422561645508, 26.048797607421875, 21.257213592529297, 26.485477447509766, 20.33941078186035, 29.115724563598633, 22.02740478515625, 27.22671890258789, 27.686721801757812, 21.554061889648438, 23.688650131225586, 25.053808212280273, 23.123043060302734, 23.89850425720215, 25.379653930664062, 22.626182556152344, 23.806428909301758, 25.46187973022461, 23.24859619140625, 30.629968643188477],