{"checkpoint": "outputs/r18_bgs_s97/model_0030000.pth", "num_scenes": 256, "psnr": 22.248762622475624, "lpips": 0.2918748530209996, "psnr_std_err": 0.148574469447116, "per_scene_psnr": [18.76703453063965, 20.934371948242188, 20.457950592041016, 18.84286117553711, 24.60926055908203, 23.311382293701172, 23.057527542114258, 24.568710327148438, 20.326190948486328, 21.08289909362793, 24.77916717529297, 21.06732177734375, 22.532922744750977, 20.94468116760254, 21.873119354248047, 22.370033264160156, 20.315933227539062, 23.74507713317871, 23.386823654174805, 21.124113082885742, 20.4875545501709, 22.413249969482422, 22.979076385498047, 24.40017318725586, 24.984407424926758, 22.68263053894043, 22.447612762451172, 18.004371643066406, 25.271041870117188, 23.595218658447266, 25.349218368530273, 21.928848266601562, 21.01634979248047, 21.45928192138672, 23.179771423339844, 18.24728775024414, 20.194360733032227, 22.022306442260742, 24.71141815185547, 19.89762306213379, 23.111936569213867, 18.49757957458496, 21.089881896972656, 21.91272735595703, 21.049755096435547, 20.79134178161621, 21.650066375732422, 21.05484962463379, 20.783226013183594, 21.042591094970703, 23.433544158935547, 23.693334579467773, 23.029541015625, 20.706649780273438, 21.749238967895508, 23.74286651611328, 19.77699851989746, 25.4256649017334, 23.023996353149414, 25.65669059753418, 22.340106964111328, 24.16204833984375, 22.91952896118164, 23.273014068603516, 21.223337173461914, 22.204256057739258, 21.35763168334961, 21.042274475097656, 21.657268524169922, 20.642322540283203, 23.770315170288086, 21.89752197265625, 23.923362731933594, 23.072662353515625, 20.950836181640625, 19.884897232055664, 20.300212860107422, 23.502422332763672, 23.466299057006836, 22.26963996887207, 18.23870086669922, 21.590566635131836, 25.32110595703125, 22.424640655517578, 22.857563018798828, 22.352882385253906, 22.85313606262207, 25.574504852294922, 26.61332130432129, 19.905744552612305, 21.129993438720703, 18.69042205810547, 21.471778869628906, 22.91690444946289, 25.428096771240234, 20.908071517944336, 17.216880798339844, 14.431453704833984, 27.710397720336914, 20.064373016357422, 18.326242446899414, 19.792217254638672, 22.3543701171875, 23.54961395263672, 24.499935150146484, 20.925085067749023, 16.889720916748047, 23.95071029663086, 22.440086364746094, 20.88158416748047, 24.584951400756836, 22.170806884765625, 23.30965805053711, 21.153173446655273, 22.263187408447266, 17.64980697631836, 30.063823699951172, 22.888324737548828, 27.507553100585938, 24.35714340209961, 23.157695770263672, 21.028135299682617, 21.481801986694336, 20.542098999023438, 20.900718688964844, 18.296607971191406, 24.57013702392578, 23.286094665527344, 24.683053970336914, 20.341196060180664, 22.727231979370117, 22.708101272583008, 20.02916717529297, 21.901737213134766, 20.367258071899414, 20.048675537109375, 21.64289665222168, 26.72529411315918, 22.649641036987305, 20.768848419189453, 21.838167190551758, 17.548912048339844, 19.546951293945312, 26.298412322998047, 22.69875717163086, 24.642723083496094, 22.49640464782715, 15.957834243774414, 25.243988037109375, 23.19883155822754, 23.254756927490234, 21.40343475341797, 28.125011444091797, 17.787261962890625, 21.887483596801758, 21.58820152282715, 22.611276626586914, 23.583650588989258, 20.675151824951172, 21.417800903320312, 21.01667022705078, 21.148908615112305, 23.597238540649414, 21.367767333984375, 19.173233032226562, 23.707630157470703, 21.2138671875, 24.1489315032959, 21.843124389648438, 24.91448974609375, 24.56024932861328, 21.80166244506836, 25.01946449279785, 25.775150299072266, 21.956777572631836, 19.785568237304688, 23.293636322021484, 24.852678298950195, 22.69719696044922, 21.11844825744629, 23.430007934570312, 21.020212173461914, 18.979637145996094, 21.842422485351562, 25.773597717285156, 21.205827713012695, 21.053020477294922, 19.690574645996094, 19.749935150146484, 22.543701171875, 20.811073303222656, 21.36180877685547, 28.991262435913086, 22.959152221679688, 20.982542037963867, 20.111862182617188, 22.104494094848633, 22.382774353027344, 25.965261459350586, 23.620094299316406, 25.53954315185547, 20.279054641723633, 24.736059188842773, 25.513465881347656, 20.65915298461914, 18.108530044555664, 25.598390579223633, 22.048337936401367, 20.15833282470703, 22.976282119750977, 23.096309661865234, 18.238500595092773, 18.90751075744629, 24.366838455200195, 22.08224868774414, 20.57176971435547, 24.895479202270508, 26.519203186035156, 21.571409225463867, 18.7989444732666, 21.66592788696289, 30.900537490844727, 22.343217849731445, 21.030189514160156, 22.944738388061523, 21.352394104003906, 24.92795181274414, 21.121440887451172, 24.206356048583984, 18.694904327392578, 22.879016876220703, 22.22662925720215, 20.090259552001953, 23.759490966796875, 20.308372497558594, 26.091806411743164, 21.03175163269043, 23.4782772064209, 19.583946228027344, 24.947677612304688, 18.594945907592773, 26.03961181640625, 20.341537475585938, 25.148107528686523, 25.098134994506836, 19.98200225830078, 22.085283279418945, 22.988422393798828, 21.354087829589844, 21.92831039428711, 24.936241149902344, 20.793060302734375, 22.255992889404297, 23.51238441467285, 21.829402923583984, 27.601940155029297],