{"checkpoint": "outputs/r20_film_s95/model_0030000.pth", "num_scenes": 256, "psnr": 22.48131912946701, "lpips": 0.27413622138556093, "psnr_std_err": 0.1500345682698929, "per_scene_psnr": [18.870044708251953, 21.119441986083984, 20.624391555786133, 19.314226150512695, 25.304485321044922, 23.38392448425293, 23.545124053955078, 24.6663761138916, 20.389911651611328, 21.548860549926758, 25.095216751098633, 21.12451171875, 22.664199829101562, 21.243497848510742, 21.82415008544922, 22.249422073364258, 20.365877151489258, 24.019596099853516, 23.61436653137207, 21.222742080688477, 20.7631893157959, 22.851600646972656, 23.099355697631836, 24.51540184020996, 24.968793869018555, 23.088369369506836, 22.631227493286133, 18.344209671020508, 25.409770965576172, 23.82996368408203, 25.52954864501953, 21.90488052368164, 20.96818733215332, 21.951276779174805, 23.583269119262695, 18.15546226501465, 20.615257263183594, 22.21520233154297, 24.8380126953125, 20.277896881103516, 23.363847732543945, 18.743927001953125, 21.512662887573242, 22.15346336364746, 21.272478103637695, 20.56305694580078, 21.76419448852539, 21.49679183959961, 21.10216522216797, 21.084535598754883, 24.09111976623535, 23.722003936767578, 23.361032485961914, 20.90294075012207, 22.011165618896484, 23.94468116760254, 19.927078247070312, 25.459089279174805, 23.249046325683594, 25.804855346679688, 22.411043167114258, 24.933650970458984, 23.49199104309082, 23.578983306884766, 21.348695755004883, 22.343753814697266, 21.576316833496094, 21.149200439453125, 21.51633071899414, 20.947341918945312, 23.998821258544922, 22.051448822021484, 24.452491760253906, 23.09645652770996, 21.05533790588379, 19.980012893676758, 20.401697158813477, 23.94634246826172, 23.566699981689453, 22.227840423583984, 18.255935668945312, 22.001117706298828, 25.525636672973633, 22.60378074645996, 23.23836898803711, 22.60880470275879, 23.209510803222656, 25.726106643676758, 26.857297897338867, 19.87446403503418, 21.31161880493164, 18.65637969970703, 21.88170623779297, 23.097644805908203, 25.911075592041016, 21.83785629272461, 17.47836685180664, 14.626676559448242, 28.056289672851562, 20.534961700439453, 18.27677345275879, 20.238332748413086, 22.44832992553711, 23.87066650390625, 24.677583694458008, 21.117259979248047, 17.060527801513672, 24.37868309020996, 22.322023391723633, 21.067928314208984, 24.924772262573242, 22.709190368652344, 23.651655197143555, 21.483840942382812, 22.46689224243164, 17.669143676757812, 30.224685668945312, 23.164636611938477, 28.01397705078125, 24.560077667236328, 23.560741424560547, 21.361679077148438, 22.404605865478516, 20.63877296447754, 21.016084671020508, 18.848159790039062, 24.824190139770508, 23.288806915283203, 24.681337356567383, 20.446176528930664, 23.188819885253906, 22.984865188598633, 21.041027069091797, 22.306459426879883, 20.504026412963867, 20.07062530517578, 22.054336547851562, 27.168045043945312, 22.742496490478516, 20.755245208740234, 22.02161407470703, 17.599393844604492, 20.20590591430664, 26.55091094970703, 22.881507873535156, 24.721546173095703, 22.613025665283203, 16.64330291748047, 25.63837242126465, 23.486141204833984, 23.44571876525879, 21.447296142578125, 28.157333374023438, 18.236026763916016, 21.861572265625, 21.662290573120117, 23.075359344482422, 23.934650421142578, 20.779325485229492, 21.581056594848633, 21.181350708007812, 21.27554702758789, 23.903715133666992, 21.602245330810547, 19.27967643737793, 23.876140594482422, 21.33725357055664, 24.378149032592773, 22.088212966918945, 25.138208389282227, 24.884872436523438, 21.73304557800293, 25.60759735107422, 25.691577911376953, 22.306011199951172, 20.19819450378418, 23.703859329223633, 24.890871047973633, 23.032997131347656, 21.415803909301758, 23.909042358398438, 20.98006248474121, 18.687265396118164, 22.07700538635254, 25.829879760742188, 21.197614669799805, 21.518814086914062, 19.80874252319336, 19.706668853759766, 22.63176155090332, 21.054157257080078, 21.76725196838379, 29.799358367919922, 23.35341453552246, 21.236583709716797, 20.491043090820312, 22.748077392578125, 22.512378692626953, 26.10843276977539, 23.032438278198242, 25.632137298583984, 20.588611602783203, 25.234195709228516, 25.663129806518555, 21.11144256591797, 18.243581771850586, 25.699665069580078, 22.366806030273438, 20.436010360717773, 22.918174743652344, 23.477304458618164, 18.36431884765625, 19.297496795654297, 24.660947799682617, 22.238155364990234, 20.949581146240234, 25.124576568603516, 26.774349212646484, 21.504743576049805, 19.18679428100586, 22.228565216064453, 30.96326446533203, 22.573802947998047, 21.353538513183594, 23.05097198486328, 21.705781936645508, 25.658355712890625, 21.102006912231445, 24.617111206054688, 18.97504997253418, 23.0295352935791, 22.270009994506836, 20.2506103515625, 24.105602264404297, 20.275012969970703, 26.247703552246094, 21.181180953979492, 23.657482147216797, 19.591564178466797, 25.26017951965332, 18.785799026489258, 26.399497985839844, 20.522228240966797, 25.709936141967773, 25.474756240844727, 20.229644775390625, 22.159015655517578, 23.255205154418945, 21.5804500579834, 22.08134651184082, 24.675979614257812, 20.958690643310547, 22.823692321777344, 23.716773986816406, 21.986448287963867, 27.928287506103516],