{"checkpoint": "outputs/r11_loop_l2x4_pw1_s95/model_0030000.pth", "num_scenes": 256, "psnr": 22.179302543401718, "lpips": 0.2894349673297256, "psnr_std_err": 0.1470878331914549, "per_scene_psnr": [18.679384231567383, 21.12635612487793, 20.273883819580078, 18.991809844970703, 24.861173629760742, 23.166271209716797, 23.112154006958008, 24.480377197265625, 20.267322540283203, 21.109317779541016, 24.730022430419922, 20.618255615234375, 22.461740493774414, 20.806903839111328, 21.860652923583984, 22.217180252075195, 20.161685943603516, 23.645339965820312, 23.30239486694336, 21.307933807373047, 20.48082733154297, 22.51590919494629, 23.134706497192383, 24.12327766418457, 24.83554458618164, 22.645235061645508, 22.259199142456055, 18.051366806030273, 25.113304138183594, 23.444013595581055, 25.171262741088867, 21.644392013549805, 20.83669662475586, 21.503013610839844, 23.048612594604492, 18.198749542236328, 20.303861618041992, 21.858415603637695, 24.701345443725586, 19.88824462890625, 23.055484771728516, 18.533111572265625, 21.12119483947754, 21.82349967956543, 20.846153259277344, 20.46210289001465, 21.485305786132812, 20.86764144897461, 20.498252868652344, 20.901506423950195, 23.468772888183594, 23.22451400756836, 22.800296783447266, 20.394916534423828, 21.471511840820312, 23.753219604492188, 19.71054458618164, 25.394906997680664, 22.728679656982422, 25.792003631591797, 22.167539596557617, 24.283884048461914, 22.885351181030273, 23.306804656982422, 21.11249542236328, 21.932085037231445, 21.146032333374023, 20.92918586730957, 21.4311580657959, 20.321144104003906, 23.498899459838867, 21.7984676361084, 23.96764373779297, 23.045124053955078, 20.92513656616211, 19.804733276367188, 20.186872482299805, 23.614408493041992, 23.486217498779297, 22.000537872314453, 18.27477264404297, 21.5617733001709, 25.114099502563477, 22.224029541015625, 22.624895095825195, 22.274511337280273, 22.7761287689209, 25.559627532958984, 26.74985122680664, 19.62889289855957, 20.826221466064453, 18.463150024414062, 21.275543212890625, 22.92831039428711, 25.311084747314453, 21.193344116210938, 17.058855056762695, 14.50851058959961, 27.536731719970703, 19.879615783691406, 18.143884658813477, 20.005168914794922, 22.26141357421875, 23.740123748779297, 24.246070861816406, 20.923946380615234, 16.896913528442383, 23.941787719726562, 22.280885696411133, 20.609949111938477, 24.65570068359375, 22.139833450317383, 23.41213035583496, 21.1007080078125, 22.261198043823242, 17.514198303222656, 29.796512603759766, 22.773284912109375, 27.492393493652344, 24.426025390625, 22.92605209350586, 21.14179229736328, 21.740493774414062, 20.439781188964844, 20.70916748046875, 18.524553298950195, 24.480850219726562, 23.148242950439453, 24.63286590576172, 20.240177154541016, 22.723140716552734, 22.422924041748047, 20.313114166259766, 21.961830139160156, 20.08993911743164, 20.050048828125, 21.555116653442383, 26.697521209716797, 22.324710845947266, 20.473121643066406, 21.84930419921875, 17.595630645751953, 19.655057907104492, 26.196382522583008, 23.070587158203125, 24.296630859375, 22.394317626953125, 16.38518714904785, 25.283105850219727, 23.335731506347656, 23.275691986083984, 21.231718063354492, 27.614341735839844, 18.082401275634766, 21.695743560791016, 21.376296997070312, 22.69887924194336, 23.72142791748047, 20.733001708984375, 21.364646911621094, 20.75836181640625, 20.977970123291016, 23.634366989135742, 21.428144454956055, 19.104000091552734, 23.54998016357422, 21.119308471679688, 24.270721435546875, 21.587833404541016, 24.8502197265625, 24.477108001708984, 21.501529693603516, 24.81237030029297, 25.48211669921875, 22.033483505249023, 20.183351516723633, 23.10720443725586, 24.565937042236328, 22.549964904785156, 21.123249053955078, 23.527830123901367, 20.965877532958984, 18.8228816986084, 21.631410598754883, 25.701372146606445, 20.94700813293457, 21.29718017578125, 19.541929244995117, 19.64026641845703, 22.307025909423828, 20.977460861206055, 21.312095642089844, 29.136764526367188, 22.969343185424805, 20.89555549621582, 20.081478118896484, 22.446006774902344, 22.20635414123535, 25.805349349975586, 23.745418548583984, 25.372962951660156, 20.033687591552734, 24.823225021362305, 25.296602249145508, 20.840051651000977, 18.09419059753418, 25.304779052734375, 21.735790252685547, 20.134326934814453, 23.072052001953125, 22.993850708007812, 18.432825088500977, 18.869409561157227, 24.400779724121094, 21.758750915527344, 20.414222717285156, 24.772871017456055, 26.44536018371582, 21.3992977142334, 19.018932342529297, 21.541940689086914, 30.255130767822266, 22.267925262451172, 21.13726806640625, 22.75954246520996, 21.639774322509766, 25.233943939208984, 20.93509292602539, 23.950450897216797, 18.62996482849121, 22.831344604492188, 22.153221130371094, 19.975170135498047, 23.84701156616211, 20.214345932006836, 25.768701553344727, 20.794116973876953, 23.22870635986328, 19.72161102294922, 25.0456600189209, 18.323284149169922, 26.14159393310547, 20.290414810180664, 25.379173278808594, 24.963695526123047, 20.018587112426758, 21.822998046875, 22.932931900024414, 21.1585693359375, 21.953161239624023, 24.64850616455078, 20.680213928222656, 22.585145950317383, 23.289989471435547, 21.969730377197266, 27.56364631652832],