{"checkpoint": "outputs/r3_loop_l2x4_delta_s95/model_0030000.pth", "num_scenes": 256, "psnr": 22.259528156369925, "lpips": 0.28758136642863974, "psnr_std_err": 0.1481697371897513, "per_scene_psnr": [18.827280044555664, 20.7747802734375, 20.70482063293457, 19.221935272216797, 25.0198974609375, 23.215919494628906, 23.02608871459961, 24.455780029296875, 20.31377410888672, 21.320899963378906, 24.782323837280273, 20.908130645751953, 22.541982650756836, 21.058090209960938, 22.027395248413086, 22.236526489257812, 20.258569717407227, 23.690176010131836, 23.266845703125, 21.086803436279297, 20.45462417602539, 22.481611251831055, 23.101882934570312, 24.28973388671875, 24.94143295288086, 22.754629135131836, 22.35001564025879, 18.152843475341797, 25.203123092651367, 23.50225830078125, 25.242942810058594, 21.674165725708008, 20.67367172241211, 21.519954681396484, 23.312175750732422, 18.246585845947266, 20.29934310913086, 21.965335845947266, 24.756187438964844, 20.282459259033203, 23.100902557373047, 18.551116943359375, 21.317306518554688, 21.86003875732422, 21.045902252197266, 20.56183624267578, 21.624670028686523, 21.17487907409668, 20.649730682373047, 20.851757049560547, 23.483640670776367, 23.470277786254883, 23.04131317138672, 20.577878952026367, 21.64982032775879, 23.651609420776367, 19.674331665039062, 25.28030776977539, 22.872207641601562, 25.767480850219727, 22.320816040039062, 24.400121688842773, 23.245866775512695, 23.16138458251953, 21.21579360961914, 22.03183364868164, 21.318864822387695, 20.91579818725586, 21.40796661376953, 20.671842575073242, 23.90009880065918, 21.75174331665039, 23.728578567504883, 22.904563903808594, 21.04869842529297, 19.797510147094727, 20.210906982421875, 23.746383666992188, 23.496625900268555, 21.94918441772461, 18.275602340698242, 21.71794891357422, 25.555309295654297, 22.459136962890625, 22.902719497680664, 22.34391975402832, 22.798978805541992, 25.485315322875977, 26.68888282775879, 19.771533966064453, 20.959880828857422, 18.5743465423584, 21.615312576293945, 22.973011016845703, 25.408222198486328, 21.448726654052734, 17.07979393005371, 14.610180854797363, 27.604902267456055, 20.22616958618164, 18.301536560058594, 20.042264938354492, 22.479326248168945, 23.751373291015625, 24.184436798095703, 20.734909057617188, 16.90729522705078, 24.12224578857422, 22.090667724609375, 20.778797149658203, 24.710189819335938, 22.2667236328125, 23.384401321411133, 21.257118225097656, 22.156272888183594, 17.656707763671875, 30.217300415039062, 22.884292602539062, 27.734886169433594, 24.426591873168945, 23.077573776245117, 21.157676696777344, 22.180770874023438, 20.39505386352539, 20.75737953186035, 18.703283309936523, 24.494152069091797, 23.120960235595703, 24.43479347229004, 20.252286911010742, 22.87809181213379, 22.68052101135254, 20.92350959777832, 21.85430908203125, 20.292768478393555, 20.060422897338867, 21.75830078125, 26.921842575073242, 22.581127166748047, 20.604469299316406, 21.8205623626709, 17.5340633392334, 19.852310180664062, 26.25314712524414, 22.7144832611084, 24.453086853027344, 22.50125503540039, 16.2510986328125, 25.406391143798828, 23.153575897216797, 23.3518123626709, 21.28644561767578, 27.9620361328125, 17.9237003326416, 21.949024200439453, 21.538164138793945, 22.832433700561523, 23.872177124023438, 20.7044620513916, 21.284564971923828, 21.055049896240234, 21.048620223999023, 23.692495346069336, 21.376264572143555, 19.261520385742188, 23.859708786010742, 21.265363693237305, 24.262409210205078, 21.7482852935791, 24.98208999633789, 24.505126953125, 21.593645095825195, 24.743118286132812, 25.73624610900879, 21.9608154296875, 19.852127075195312, 23.286727905273438, 24.701988220214844, 22.787839889526367, 21.008209228515625, 23.501283645629883, 20.919666290283203, 18.73309326171875, 21.49456024169922, 25.758625030517578, 21.18311309814453, 21.23992156982422, 19.699831008911133, 19.677261352539062, 22.317676544189453, 20.8748722076416, 21.399534225463867, 29.290311813354492, 22.91286849975586, 20.97060775756836, 20.17188835144043, 22.63608741760254, 22.31642723083496, 25.997791290283203, 23.793071746826172, 25.5941162109375, 20.05066680908203, 24.952587127685547, 25.571807861328125, 21.026004791259766, 17.93954849243164, 25.5374698638916, 22.14165687561035, 20.105751037597656, 23.015172958374023, 23.10128402709961, 18.0979061126709, 19.150737762451172, 24.344770431518555, 21.995872497558594, 20.589462280273438, 24.927549362182617, 26.543659210205078, 21.493932723999023, 19.098804473876953, 21.342554092407227, 30.397737503051758, 22.10190200805664, 21.121803283691406, 22.945354461669922, 21.626911163330078, 25.230117797851562, 21.00996208190918, 24.070762634277344, 18.718505859375, 22.79399871826172, 22.14815330505371, 20.066707611083984, 23.925752639770508, 20.195436477661133, 26.050203323364258, 21.01285171508789, 23.491670608520508, 19.633148193359375, 24.99707794189453, 18.495275497436523, 26.073274612426758, 20.3201847076416, 25.501420974731445, 25.05552101135254, 20.073606491088867, 22.069368362426758, 23.012920379638672, 21.266145706176758, 21.908456802368164, 24.844989776611328, 20.75127410888672, 22.529869079589844, 23.408430099487305, 21.96098518371582, 27.65606117248535],