{"checkpoint": "outputs/r22_d512_naive_s96/model_0030000.pth", "num_scenes": 256, "psnr": 23.756289932876825, "lpips": 0.21867565246066079, "psnr_std_err": 0.16435893826894848, "per_scene_psnr": [20.72933006286621, 22.49588394165039, 23.107431411743164, 20.076082229614258, 26.029964447021484, 24.896324157714844, 25.289278030395508, 26.096874237060547, 21.242382049560547, 22.643892288208008, 26.948379516601562, 21.837604522705078, 23.90146255493164, 22.606306076049805, 22.921218872070312, 23.370542526245117, 21.56207275390625, 25.462432861328125, 24.63679313659668, 22.300857543945312, 21.631702423095703, 25.239234924316406, 24.258445739746094, 26.281314849853516, 27.717288970947266, 24.367496490478516, 23.91166877746582, 19.01811408996582, 26.564456939697266, 24.984540939331055, 27.07671356201172, 22.484132766723633, 22.014236450195312, 22.791784286499023, 25.041616439819336, 19.07828712463379, 21.501283645629883, 24.115264892578125, 26.236495971679688, 21.346302032470703, 24.71052360534668, 19.902957916259766, 22.724740982055664, 23.089712142944336, 22.985849380493164, 21.474496841430664, 22.967662811279297, 22.307941436767578, 22.49114990234375, 22.259197235107422, 25.520038604736328, 25.51742935180664, 26.16144561767578, 22.41173553466797, 24.683448791503906, 24.947410583496094, 21.452369689941406, 26.591779708862305, 24.881874084472656, 27.222822189331055, 23.257654190063477, 26.028125762939453, 24.479101181030273, 26.41403579711914, 22.698352813720703, 23.246746063232422, 24.024127960205078, 22.239727020263672, 22.792890548706055, 22.3366756439209, 25.041160583496094, 23.325878143310547, 25.57457733154297, 25.53673553466797, 22.131427764892578, 21.229516983032227, 21.2924747467041, 24.91529655456543, 24.442386627197266, 22.833139419555664, 19.100276947021484, 23.198118209838867, 26.44070816040039, 24.78097152709961, 25.233346939086914, 23.42393684387207, 25.80272674560547, 26.919878005981445, 28.1461181640625, 20.789697647094727, 22.334884643554688, 19.165428161621094, 21.964433670043945, 24.64461326599121, 27.465190887451172, 22.926719665527344, 18.78656768798828, 14.938115119934082, 29.504430770874023, 22.2042179107666, 19.715017318725586, 21.342220306396484, 23.01865577697754, 25.978302001953125, 25.465682983398438, 22.218122482299805, 17.48870086669922, 25.6478271484375, 24.50578498840332, 23.004358291625977, 26.062301635742188, 23.767166137695312, 24.99027442932129, 22.48037338256836, 23.85253143310547, 19.130203247070312, 32.497802734375, 24.663278579711914, 29.069555282592773, 27.229190826416016, 24.441429138183594, 21.52471351623535, 23.117006301879883, 20.99011993408203, 21.550148010253906, 19.572776794433594, 25.54344367980957, 24.226360321044922, 24.830915451049805, 21.65373992919922, 24.031299591064453, 24.4326114654541, 22.362369537353516, 23.596479415893555, 21.817102432250977, 20.733631134033203, 23.059097290039062, 29.54956817626953, 24.273399353027344, 22.398696899414062, 22.442293167114258, 18.333364486694336, 21.88320541381836, 27.479873657226562, 23.79070472717285, 25.290973663330078, 23.344676971435547, 17.207134246826172, 26.78142738342285, 24.42875099182129, 24.689199447631836, 22.3343448638916, 30.118799209594727, 18.53826141357422, 23.149932861328125, 22.60720443725586, 24.603567123413086, 25.042695999145508, 21.349411010742188, 23.415109634399414, 22.756834030151367, 22.308673858642578, 26.632774353027344, 22.55109405517578, 20.320178985595703, 25.212087631225586, 22.378612518310547, 25.985157012939453, 24.58224105834961, 26.161075592041016, 26.295976638793945, 22.106151580810547, 26.13651466369629, 26.553058624267578, 23.44158935546875, 21.218061447143555, 25.12845802307129, 26.077434539794922, 24.104148864746094, 22.657432556152344, 24.74614906311035, 21.917810440063477, 20.10650634765625, 23.953027725219727, 26.713361740112305, 22.142847061157227, 22.726276397705078, 20.361255645751953, 20.398147583007812, 24.42940902709961, 21.938926696777344, 22.1767520904541, 31.893442153930664, 24.848421096801758, 22.203941345214844, 22.093942642211914, 23.736835479736328, 23.44925880432129, 28.782894134521484, 25.314233779907227, 28.375572204589844, 21.768451690673828, 26.26340103149414, 26.89942169189453, 21.676982879638672, 19.281007766723633, 26.969741821289062, 22.989028930664062, 21.50240135192871, 24.314292907714844, 25.475236892700195, 19.043027877807617, 21.15843963623047, 25.91293716430664, 24.204252243041992, 22.926372528076172, 26.741655349731445, 27.8530330657959, 22.3367977142334, 20.195091247558594, 23.727516174316406, 32.18804931640625, 23.626781463623047, 22.588111877441406, 25.17461585998535, 22.646215438842773, 27.244949340820312, 21.911623001098633, 27.7340145111084, 20.15906524658203, 23.6695499420166, 23.11422348022461, 20.74212646484375, 24.62903594970703, 21.983116149902344, 27.86867332458496, 23.553539276123047, 26.249656677246094, 20.976398468017578, 26.357311248779297, 19.916627883911133, 28.920650482177734, 21.533174514770508, 26.46399688720703, 27.26279067993164, 21.453807830810547, 23.374221801757812, 24.773677825927734, 22.885189056396484, 23.45287322998047, 25.279922485351562, 22.34339141845703, 23.60879135131836, 25.531709671020508, 22.924148559570312, 30.918853759765625],