{
 "expname": "lm_naive_s96",
 "val_loss": 4.3395147025585175,
 "ppl": 76.6703223970859,
 "params_M": 16.015622,
 "steps": 12000,
 "tokens": 196608000
}