{"checkpoint": "outputs/r5_loop_l2x4_rfb_s95/model_0030000.pth", "num_scenes": 256, "psnr": 22.002046197652817, "lpips": 0.29379739169962704, "psnr_std_err": 0.14521064691281815, "per_scene_psnr": [18.591571807861328, 20.8524227142334, 20.112001419067383, 18.82707405090332, 24.05963897705078, 22.942258834838867, 22.77540397644043, 24.367883682250977, 20.116941452026367, 21.06989860534668, 24.46544647216797, 20.731243133544922, 22.316505432128906, 20.650001525878906, 21.71042251586914, 21.938879013061523, 20.008663177490234, 23.358871459960938, 23.154232025146484, 21.21004295349121, 19.96751594543457, 22.32982635498047, 22.918418884277344, 23.89528465270996, 24.571502685546875, 22.60361099243164, 22.079923629760742, 18.034358978271484, 25.100915908813477, 23.45430564880371, 24.987146377563477, 21.366893768310547, 20.652971267700195, 21.43698501586914, 22.93633270263672, 18.062204360961914, 20.121875762939453, 21.794437408447266, 24.337709426879883, 19.789337158203125, 22.779808044433594, 18.169189453125, 21.00851058959961, 21.851192474365234, 20.604290008544922, 20.481002807617188, 21.384801864624023, 20.958248138427734, 20.779071807861328, 20.861434936523438, 23.094085693359375, 23.161128997802734, 22.47368621826172, 20.215980529785156, 21.145092010498047, 23.442811965942383, 19.732078552246094, 25.21116065979004, 22.57662010192871, 25.502296447753906, 22.167037963867188, 23.722537994384766, 22.54940414428711, 22.83563995361328, 21.158151626586914, 21.90070152282715, 20.96164321899414, 20.841670989990234, 21.241413116455078, 20.317184448242188, 23.348979949951172, 21.82236099243164, 23.432415008544922, 22.954734802246094, 20.898147583007812, 19.714601516723633, 20.067962646484375, 23.44351577758789, 23.29716682434082, 21.91204071044922, 18.139677047729492, 21.2108211517334, 25.029815673828125, 22.05805206298828, 22.49910545349121, 21.924896240234375, 22.623977661132812, 25.14293670654297, 26.54387664794922, 19.675168991088867, 20.90212631225586, 18.5052433013916, 21.109006881713867, 22.794918060302734, 25.276264190673828, 20.56663703918457, 16.895126342773438, 14.546392440795898, 27.27630615234375, 19.799072265625, 17.896669387817383, 19.936296463012695, 22.026044845581055, 23.449642181396484, 24.01746368408203, 20.715646743774414, 16.89493751525879, 23.52138328552246, 22.07999038696289, 20.92259407043457, 24.377288818359375, 21.76714324951172, 22.952449798583984, 21.03569793701172, 22.109161376953125, 17.561370849609375, 29.870994567871094, 22.565290451049805, 27.197513580322266, 24.14023208618164, 22.225666046142578, 20.855558395385742, 21.585330963134766, 20.232666015625, 20.58820915222168, 18.39897346496582, 24.344730377197266, 23.176891326904297, 24.41352653503418, 20.026159286499023, 22.5655574798584, 22.22991180419922, 20.141700744628906, 21.72333526611328, 19.743457794189453, 19.963254928588867, 21.449384689331055, 26.326622009277344, 22.168865203857422, 20.26283073425293, 21.71344566345215, 17.493377685546875, 19.797561645507812, 25.82668685913086, 22.578325271606445, 24.44554328918457, 22.373241424560547, 15.911029815673828, 25.269695281982422, 22.735485076904297, 22.847068786621094, 21.038501739501953, 27.102346420288086, 18.09123420715332, 21.904613494873047, 21.432239532470703, 22.405908584594727, 23.266921997070312, 20.62555694580078, 21.297786712646484, 20.324386596679688, 20.850528717041016, 23.378036499023438, 21.309614181518555, 19.052122116088867, 23.647201538085938, 21.11929702758789, 23.908632278442383, 21.342649459838867, 24.408843994140625, 24.139373779296875, 21.362754821777344, 25.103872299194336, 25.28704071044922, 21.79183006286621, 20.00751304626465, 22.96044158935547, 24.71147346496582, 22.323915481567383, 20.839279174804688, 23.399272918701172, 20.620908737182617, 18.58035659790039, 21.205791473388672, 25.49240493774414, 21.116695404052734, 21.104202270507812, 19.438486099243164, 19.54038429260254, 22.23407554626465, 20.859392166137695, 21.113632202148438, 29.01138687133789, 22.634180068969727, 20.72446060180664, 19.73119354248047, 22.331871032714844, 21.820573806762695, 25.611064910888672, 23.393836975097656, 25.07599639892578, 20.386592864990234, 24.53731346130371, 25.13124656677246, 20.60499382019043, 17.870201110839844, 25.162548065185547, 21.762470245361328, 19.70705223083496, 22.769432067871094, 22.7772159576416, 17.837310791015625, 19.093124389648438, 24.130104064941406, 21.612356185913086, 20.277667999267578, 24.548341751098633, 26.21477508544922, 21.368865966796875, 18.714963912963867, 21.440765380859375, 30.51833152770996, 21.888105392456055, 20.86083984375, 22.299413681030273, 21.4852294921875, 24.453075408935547, 20.968198776245117, 23.82042694091797, 18.70203399658203, 22.70388412475586, 22.064044952392578, 19.852092742919922, 23.49167251586914, 20.154544830322266, 26.05221176147461, 20.767906188964844, 23.017961502075195, 19.53079605102539, 24.81866455078125, 18.19967269897461, 25.624324798583984, 20.147567749023438, 25.029254913330078, 24.437767028808594, 19.944271087646484, 21.77713394165039, 22.476459503173828, 21.04468536376953, 21.680238723754883, 24.680084228515625, 20.466426849365234, 22.324520111083984, 23.47013282775879, 21.562728881835938, 27.4956111907959],