{"checkpoint": "outputs/r8_loop_l2x4_boost_ep2_sup_s95/model_0030000.pth", "num_scenes": 256, "psnr": 22.349136278033257, "lpips": 0.2845195734407753, "psnr_std_err": 0.1487715272259195, "per_scene_psnr": [19.054134368896484, 21.15877914428711, 20.75963592529297, 19.076711654663086, 24.34576988220215, 23.42569351196289, 23.255672454833984, 24.71817398071289, 20.41983413696289, 21.292503356933594, 24.833946228027344, 21.01253318786621, 22.636310577392578, 21.101028442382812, 21.75950050354004, 22.436344146728516, 20.375375747680664, 23.929899215698242, 23.29169273376465, 21.438161849975586, 20.406005859375, 22.837005615234375, 23.18967056274414, 24.23358917236328, 25.081005096435547, 22.809839248657227, 22.432762145996094, 18.04261016845703, 25.24778175354004, 23.71026039123535, 25.460906982421875, 21.628477096557617, 20.963886260986328, 21.719152450561523, 23.32879066467285, 18.23990249633789, 20.454181671142578, 22.19097328186035, 24.86053466796875, 20.381999969482422, 23.290395736694336, 18.536081314086914, 21.06307601928711, 22.045698165893555, 20.856128692626953, 20.739486694335938, 21.772823333740234, 21.248912811279297, 20.947158813476562, 21.09999656677246, 23.44745635986328, 23.66336441040039, 23.059246063232422, 20.596723556518555, 21.785442352294922, 23.880718231201172, 20.020347595214844, 25.682008743286133, 23.076126098632812, 25.83938217163086, 22.384397506713867, 24.100143432617188, 23.015249252319336, 23.680343627929688, 21.53114128112793, 22.05144691467285, 21.533817291259766, 21.07966423034668, 21.528881072998047, 20.592674255371094, 23.783153533935547, 22.130956649780273, 24.220991134643555, 23.414642333984375, 21.024288177490234, 20.073022842407227, 20.39959716796875, 23.828584671020508, 23.506357192993164, 22.04775619506836, 18.361940383911133, 21.541011810302734, 25.233016967773438, 22.749454498291016, 22.903549194335938, 22.39345359802246, 23.233177185058594, 25.629127502441406, 26.89728546142578, 19.9364070892334, 21.033172607421875, 18.614938735961914, 21.245014190673828, 23.21786117553711, 25.87560272216797, 21.316627502441406, 17.37004852294922, 14.616998672485352, 27.488666534423828, 20.15404510498047, 18.38394546508789, 20.052581787109375, 22.165931701660156, 23.89910125732422, 24.258176803588867, 21.011478424072266, 16.966421127319336, 24.19298553466797, 22.53206443786621, 21.23771858215332, 24.72132682800293, 22.292224884033203, 23.600587844848633, 21.28496551513672, 22.415674209594727, 17.878223419189453, 30.19679069519043, 23.03006362915039, 27.72189712524414, 24.827552795410156, 22.9209041595459, 21.01527214050293, 21.674903869628906, 20.499011993408203, 20.793685913085938, 18.469722747802734, 24.54551887512207, 23.400144577026367, 24.594762802124023, 20.60103416442871, 22.703283309936523, 22.812145233154297, 20.73560905456543, 22.01634407043457, 20.408428192138672, 20.127450942993164, 21.78036117553711, 27.043575286865234, 22.718488693237305, 20.61985206604004, 21.75508689880371, 17.647890090942383, 20.028459548950195, 26.35042381286621, 22.893814086914062, 24.41150665283203, 22.732208251953125, 15.788293838500977, 25.466876983642578, 23.274654388427734, 22.946889877319336, 21.25869369506836, 28.200590133666992, 18.07754135131836, 21.836746215820312, 21.778423309326172, 22.76970672607422, 23.755603790283203, 20.680206298828125, 21.761119842529297, 21.04140853881836, 21.174827575683594, 23.912052154541016, 21.62651824951172, 19.15941619873047, 23.936298370361328, 21.429859161376953, 24.352699279785156, 21.981822967529297, 25.009069442749023, 24.770153045654297, 21.72147560119629, 25.032987594604492, 25.6777286529541, 22.06875228881836, 20.25446128845215, 23.363800048828125, 24.970285415649414, 22.792234420776367, 21.2460880279541, 23.40639305114746, 20.949832916259766, 18.821998596191406, 21.801443099975586, 25.91996192932129, 21.38026237487793, 21.203155517578125, 19.700119018554688, 19.89257049560547, 22.726177215576172, 21.073108673095703, 21.37490463256836, 29.338546752929688, 23.09073257446289, 21.05506134033203, 20.17825698852539, 22.226757049560547, 22.4918155670166, 26.188095092773438, 23.99787712097168, 25.664451599121094, 20.348407745361328, 24.724212646484375, 25.415990829467773, 20.786638259887695, 18.21445655822754, 25.590646743774414, 22.1152286529541, 20.007404327392578, 23.34068489074707, 23.23979949951172, 18.1553955078125, 19.112380981445312, 24.29684829711914, 22.29287338256836, 20.66087532043457, 25.02037239074707, 26.694541931152344, 21.77301025390625, 18.957242965698242, 21.739547729492188, 30.55230712890625, 22.336931228637695, 21.215282440185547, 22.696237564086914, 21.599430084228516, 25.037309646606445, 21.12859344482422, 24.344892501831055, 18.90069580078125, 22.9395694732666, 22.275583267211914, 20.047855377197266, 23.994474411010742, 20.4619140625, 26.291751861572266, 21.347232818603516, 23.588964462280273, 19.868528366088867, 25.098316192626953, 18.470792770385742, 26.253623962402344, 20.454238891601562, 25.214824676513672, 25.163280487060547, 19.88163948059082, 22.078739166259766, 23.179243087768555, 21.310089111328125, 22.01750946044922, 24.779605865478516, 20.72345733642578, 22.33762550354004, 23.926685333251953, 21.89609718322754, 27.980480194091797],