{"checkpoint": "outputs/r19_bgsfon_lr16_s97/model_0030000.pth", "num_scenes": 256, "psnr": 22.596854120492935, "lpips": 0.2737627679016441, "psnr_std_err": 0.15071172396243043, "per_scene_psnr": [18.934471130371094, 21.248062133789062, 20.762218475341797, 19.299448013305664, 25.285926818847656, 23.50536346435547, 23.652002334594727, 24.776180267333984, 20.527202606201172, 21.544239044189453, 25.186193466186523, 21.30710220336914, 22.944068908691406, 21.429014205932617, 21.898174285888672, 22.474977493286133, 20.37169647216797, 24.023502349853516, 23.767908096313477, 21.48391342163086, 20.929088592529297, 23.062917709350586, 23.424062728881836, 24.55901336669922, 25.145015716552734, 23.471954345703125, 22.771928787231445, 18.19526481628418, 25.403125762939453, 23.766786575317383, 25.763107299804688, 22.093027114868164, 21.271465301513672, 21.821399688720703, 23.683902740478516, 18.188282012939453, 20.544130325317383, 22.132320404052734, 25.118743896484375, 20.455923080444336, 23.52423095703125, 18.793949127197266, 21.6590518951416, 22.18141746520996, 21.29796600341797, 20.96833038330078, 22.033279418945312, 21.61132049560547, 21.125534057617188, 21.108610153198242, 24.315006256103516, 23.723529815673828, 23.376991271972656, 21.219900131225586, 21.872238159179688, 24.07586097717285, 19.89986801147461, 25.713985443115234, 23.545047760009766, 25.91485023498535, 22.480419158935547, 24.945209503173828, 23.29688835144043, 23.539073944091797, 21.3094482421875, 22.36032485961914, 21.577604293823242, 21.318862915039062, 21.666784286499023, 21.035890579223633, 24.339773178100586, 22.167007446289062, 24.381065368652344, 23.113990783691406, 21.105831146240234, 20.00284194946289, 20.558917999267578, 24.129924774169922, 23.736003875732422, 22.099422454833984, 18.442224502563477, 21.971914291381836, 25.618331909179688, 22.6235408782959, 23.31482696533203, 22.673736572265625, 23.21051025390625, 25.852128982543945, 26.846189498901367, 20.034809112548828, 21.67975425720215, 18.705530166625977, 21.853290557861328, 23.17652702331543, 26.033830642700195, 21.9741268157959, 17.363557815551758, 14.713613510131836, 28.3559627532959, 20.59751319885254, 18.483863830566406, 20.11197280883789, 22.651058197021484, 24.079647064208984, 24.96671485900879, 21.135217666625977, 17.121166229248047, 24.33111000061035, 22.61418342590332, 20.978059768676758, 25.091381072998047, 22.852703094482422, 23.864429473876953, 21.75982666015625, 22.539093017578125, 17.607797622680664, 30.35550880432129, 23.113502502441406, 28.084917068481445, 24.751386642456055, 23.952112197875977, 21.230260848999023, 22.346670150756836, 20.959264755249023, 21.1695499420166, 18.792034149169922, 24.625507354736328, 23.53620719909668, 24.831504821777344, 20.467361450195312, 23.36824607849121, 23.155506134033203, 20.96209716796875, 22.3098201751709, 20.525096893310547, 20.24347496032715, 22.010173797607422, 27.192340850830078, 22.938812255859375, 21.05331802368164, 22.072071075439453, 17.581371307373047, 19.816482543945312, 26.68625831604004, 23.066558837890625, 25.00597381591797, 22.659414291381836, 16.747432708740234, 25.523029327392578, 23.63802146911621, 23.603435516357422, 21.51963233947754, 28.54243278503418, 18.05234146118164, 22.272052764892578, 21.66812515258789, 23.377552032470703, 24.057273864746094, 20.774646759033203, 21.641626358032227, 21.554065704345703, 21.4029483795166, 23.97482681274414, 21.88776397705078, 19.44579315185547, 24.002809524536133, 21.37117576599121, 24.638565063476562, 22.257205963134766, 25.472192764282227, 24.84823989868164, 21.880645751953125, 25.394926071166992, 25.944751739501953, 22.302623748779297, 20.679014205932617, 23.792057037353516, 24.80849266052246, 23.16368293762207, 21.574899673461914, 23.908615112304688, 21.630054473876953, 19.4262638092041, 22.28175163269043, 25.975130081176758, 21.41414451599121, 21.418949127197266, 19.883573532104492, 20.132034301757812, 22.85881233215332, 21.072423934936523, 21.83675765991211, 29.781768798828125, 23.41834831237793, 21.29106330871582, 20.580982208251953, 23.031003952026367, 22.76340675354004, 26.19843292236328, 24.3854923248291, 25.796947479248047, 20.456295013427734, 25.379478454589844, 25.830963134765625, 20.978670120239258, 18.386199951171875, 25.774614334106445, 22.372802734375, 20.532604217529297, 23.380523681640625, 23.542335510253906, 18.574337005615234, 19.247913360595703, 24.811830520629883, 22.356369018554688, 21.0768985748291, 25.234357833862305, 26.788551330566406, 21.918733596801758, 19.33315086364746, 22.19106674194336, 31.08169937133789, 23.028533935546875, 21.4371337890625, 23.418027877807617, 21.709896087646484, 25.635360717773438, 21.444217681884766, 24.857532501220703, 19.045894622802734, 23.10579490661621, 22.467788696289062, 20.28156089782715, 24.016902923583984, 20.206424713134766, 26.33526039123535, 21.275842666625977, 23.53009033203125, 19.70338249206543, 25.20688819885254, 19.01466178894043, 26.77206039428711, 20.712263107299805, 25.44863510131836, 25.73265266418457, 20.373371124267578, 22.431137084960938, 23.348140716552734, 21.74503517150879, 22.27573013305664, 24.935075759887695, 21.189594268798828, 22.597206115722656, 23.736360549926758, 22.299942016601562, 27.884292602539062],