{"checkpoint": "outputs/r9_loop_l2x4_ep2_gates_sup_s95/model_0030000.pth", "num_scenes": 256, "psnr": 22.390446677803993, "lpips": 0.28088693210156634, "psnr_std_err": 0.1494817674114913, "per_scene_psnr": [18.976457595825195, 20.942291259765625, 20.665790557861328, 19.20051383972168, 24.080703735351562, 23.491985321044922, 23.299341201782227, 24.531173706054688, 20.266096115112305, 21.25277328491211, 24.75180435180664, 20.99806022644043, 22.75670051574707, 21.247337341308594, 21.960674285888672, 22.502586364746094, 20.342453002929688, 23.868322372436523, 23.79245376586914, 21.50307846069336, 20.469635009765625, 22.95831298828125, 22.987957000732422, 24.356203079223633, 25.204124450683594, 22.686241149902344, 22.496994018554688, 18.166170120239258, 25.40511703491211, 23.772151947021484, 25.384876251220703, 22.03411293029785, 21.166969299316406, 21.986045837402344, 23.207298278808594, 18.092777252197266, 20.409772872924805, 22.274192810058594, 24.857284545898438, 19.65839195251465, 23.326313018798828, 18.695547103881836, 21.168094635009766, 21.984378814697266, 21.204206466674805, 20.568113327026367, 22.04498291015625, 21.23141098022461, 21.112220764160156, 21.169950485229492, 23.69783592224121, 23.70273208618164, 23.378509521484375, 20.70663833618164, 22.039764404296875, 23.89331817626953, 19.987884521484375, 25.551532745361328, 23.228370666503906, 25.756311416625977, 22.35204315185547, 24.008811950683594, 23.006994247436523, 23.735050201416016, 21.417858123779297, 22.260427474975586, 21.528545379638672, 21.15494155883789, 21.50214195251465, 20.916654586791992, 23.916513442993164, 22.057861328125, 24.016963958740234, 23.37848663330078, 21.035015106201172, 20.012313842773438, 20.268661499023438, 23.644935607910156, 23.607885360717773, 22.21139144897461, 18.244789123535156, 21.700544357299805, 25.342239379882812, 22.491413116455078, 23.07575035095215, 22.408584594726562, 23.07814598083496, 25.641746520996094, 26.877870559692383, 19.899486541748047, 21.351253509521484, 18.667232513427734, 21.6422119140625, 23.090238571166992, 25.515972137451172, 21.527740478515625, 17.178129196166992, 14.562261581420898, 27.914775848388672, 20.38521957397461, 18.564973831176758, 20.034320831298828, 22.40557098388672, 23.8457088470459, 24.464168548583984, 21.019969940185547, 17.05795669555664, 24.100139617919922, 22.316917419433594, 20.959617614746094, 24.632999420166016, 22.296541213989258, 23.552928924560547, 21.161516189575195, 22.3294677734375, 17.799896240234375, 30.138465881347656, 22.99261474609375, 27.70685386657715, 24.46758270263672, 23.4105224609375, 20.88186264038086, 21.796737670898438, 20.590208053588867, 20.93196678161621, 18.6396484375, 24.790157318115234, 23.482763290405273, 24.466161727905273, 20.432098388671875, 22.962997436523438, 22.966243743896484, 20.075815200805664, 22.038177490234375, 20.473234176635742, 20.108488082885742, 21.95389747619629, 27.018085479736328, 22.914165496826172, 20.823253631591797, 21.901599884033203, 17.579500198364258, 20.12857437133789, 26.399166107177734, 22.931774139404297, 24.592988967895508, 22.75665283203125, 15.934473037719727, 25.461116790771484, 23.389570236206055, 23.108135223388672, 21.377376556396484, 27.97113609313965, 17.900976181030273, 22.072629928588867, 21.619327545166016, 23.0389404296875, 23.710477828979492, 20.58445930480957, 21.726085662841797, 21.101016998291016, 21.2572021484375, 24.069307327270508, 21.463180541992188, 19.426450729370117, 23.621326446533203, 21.500394821166992, 24.50897216796875, 22.058677673339844, 25.006263732910156, 24.906387329101562, 21.797931671142578, 25.194496154785156, 25.763580322265625, 21.796451568603516, 20.348297119140625, 23.55271339416504, 24.897159576416016, 23.03745460510254, 21.368234634399414, 23.7009334564209, 20.864795684814453, 18.893495559692383, 22.06103515625, 25.83401107788086, 21.430583953857422, 21.3759765625, 19.864011764526367, 19.893373489379883, 22.67906951904297, 21.071868896484375, 21.559955596923828, 29.70305633544922, 23.100372314453125, 21.138843536376953, 20.591697692871094, 22.475194931030273, 22.46343421936035, 26.131637573242188, 23.9742374420166, 25.635663986206055, 20.393177032470703, 25.028093338012695, 25.601503372192383, 20.730575561523438, 18.220069885253906, 25.69873046875, 22.24245834350586, 20.206804275512695, 23.13271713256836, 23.324548721313477, 18.143150329589844, 18.974987030029297, 24.42529296875, 22.276336669921875, 20.989845275878906, 25.119401931762695, 26.547489166259766, 21.533212661743164, 18.95577621459961, 21.631805419921875, 31.11027717590332, 22.415817260742188, 21.320058822631836, 23.10122299194336, 21.66802215576172, 24.98103904724121, 21.16591453552246, 24.60373306274414, 18.86504364013672, 22.834341049194336, 22.275707244873047, 20.153106689453125, 23.86794662475586, 20.46293067932129, 26.3582820892334, 21.364910125732422, 23.720813751220703, 19.66596221923828, 24.949626922607422, 18.7636661529541, 26.4786434173584, 20.379135131835938, 25.311067581176758, 25.40705680847168, 20.153348922729492, 22.07083511352539, 22.943439483642578, 21.49752426147461, 22.006319046020508, 24.888652801513672, 20.821659088134766, 22.350473403930664, 23.80413818359375, 22.00888442993164, 28.01792335510254],