{"checkpoint": "outputs/r4_loop_l2x4_sup_s97/model_0030000.pth", "num_scenes": 256, "psnr": 22.154294095933437, "lpips": 0.29269143129931763, "psnr_std_err": 0.1480316340206546, "per_scene_psnr": [18.669260025024414, 20.59942054748535, 20.311491012573242, 18.810108184814453, 24.168622970581055, 23.152921676635742, 22.997268676757812, 24.330501556396484, 20.277626037597656, 20.96041488647461, 24.579200744628906, 21.107940673828125, 22.418746948242188, 20.88282012939453, 21.660247802734375, 22.29255485534668, 20.256250381469727, 23.5355281829834, 23.584184646606445, 21.251197814941406, 20.25748062133789, 22.3267822265625, 22.86138343811035, 23.990673065185547, 24.799062728881836, 22.595197677612305, 22.29973793029785, 17.987932205200195, 25.230989456176758, 23.45801544189453, 25.196638107299805, 21.855899810791016, 20.740638732910156, 21.66775894165039, 23.138011932373047, 18.112295150756836, 20.250782012939453, 21.84918212890625, 24.65733528137207, 19.751832962036133, 23.054533004760742, 18.219009399414062, 20.790185928344727, 21.880897521972656, 20.799264907836914, 20.695598602294922, 21.577451705932617, 21.197200775146484, 20.658153533935547, 20.78719711303711, 23.153898239135742, 23.541643142700195, 22.87350082397461, 20.710790634155273, 21.49471664428711, 23.68816566467285, 19.730398178100586, 25.409805297851562, 22.927610397338867, 25.45978355407715, 22.296405792236328, 23.78730583190918, 22.955219268798828, 23.103750228881836, 21.036558151245117, 21.917442321777344, 21.181591033935547, 20.9346981048584, 21.40673828125, 20.39801788330078, 23.796539306640625, 21.79943084716797, 23.824447631835938, 22.913135528564453, 20.83248519897461, 19.731487274169922, 20.263713836669922, 23.340368270874023, 23.51142692565918, 22.163297653198242, 18.17955780029297, 21.235925674438477, 25.109272003173828, 22.194168090820312, 22.920318603515625, 22.268125534057617, 22.692462921142578, 25.53436279296875, 26.562908172607422, 19.87009048461914, 21.18342399597168, 18.54347801208496, 21.538400650024414, 22.797231674194336, 25.325468063354492, 20.890979766845703, 16.959949493408203, 14.601470947265625, 27.68555450439453, 19.92725944519043, 18.337074279785156, 19.782630920410156, 22.305904388427734, 23.500947952270508, 24.444557189941406, 20.923307418823242, 17.01093292236328, 23.96334457397461, 22.038190841674805, 20.694183349609375, 24.561275482177734, 21.977298736572266, 23.2344913482666, 21.137893676757812, 22.139394760131836, 17.546525955200195, 29.80190658569336, 22.714427947998047, 27.418292999267578, 24.1226863861084, 23.196941375732422, 21.10637664794922, 21.573638916015625, 20.653453826904297, 20.71352195739746, 18.393423080444336, 24.404603958129883, 23.288288116455078, 24.654354095458984, 20.14158058166504, 22.853023529052734, 22.619522094726562, 20.25275993347168, 21.74785614013672, 20.211267471313477, 19.98919677734375, 21.670230865478516, 26.637727737426758, 22.631698608398438, 20.47632598876953, 21.734821319580078, 17.452585220336914, 19.5323486328125, 26.13548469543457, 22.697736740112305, 24.482824325561523, 22.383647918701172, 15.843032836914062, 25.089374542236328, 23.133399963378906, 23.110836029052734, 21.292537689208984, 27.704132080078125, 17.77427101135254, 21.900854110717773, 21.461515426635742, 22.693330764770508, 23.5427303314209, 20.489370346069336, 21.33009147644043, 20.69646644592285, 20.987804412841797, 23.548187255859375, 20.983436584472656, 19.174877166748047, 23.513681411743164, 21.151981353759766, 24.28695297241211, 21.799999237060547, 24.872230529785156, 24.597131729125977, 21.80966567993164, 25.02591896057129, 25.713422775268555, 21.720876693725586, 19.7783203125, 23.148658752441406, 24.660011291503906, 22.930604934692383, 21.092060089111328, 23.72867774963379, 20.76150894165039, 18.752439498901367, 21.57750129699707, 25.758872985839844, 20.985376358032227, 21.006771087646484, 19.51561164855957, 19.76592254638672, 22.40909194946289, 20.863418579101562, 21.508771896362305, 29.120502471923828, 22.89695930480957, 20.931781768798828, 20.081920623779297, 22.127685546875, 22.353588104248047, 25.72827911376953, 23.613298416137695, 25.390148162841797, 20.258073806762695, 24.908470153808594, 25.42275619506836, 20.525394439697266, 18.106285095214844, 25.381778717041016, 22.102935791015625, 20.094524383544922, 22.83664894104004, 23.001285552978516, 17.93346405029297, 18.784992218017578, 24.194976806640625, 21.854887008666992, 20.427928924560547, 24.47361183166504, 26.545942306518555, 21.20836067199707, 18.849754333496094, 21.577133178710938, 30.74323272705078, 22.23544692993164, 20.988910675048828, 22.62451934814453, 21.527610778808594, 24.720373153686523, 20.976293563842773, 23.94078826904297, 18.623865127563477, 22.76211929321289, 22.08573341369629, 20.028392791748047, 23.805286407470703, 20.16469955444336, 26.058330535888672, 20.93636703491211, 23.364038467407227, 19.367597579956055, 24.774169921875, 18.41684341430664, 26.024885177612305, 20.174062728881836, 25.02834129333496, 25.113597869873047, 19.936567306518555, 22.09551239013672, 22.82525062561035, 21.39499282836914, 21.83955192565918, 24.701032638549805, 20.66116714477539, 22.02187728881836, 23.4365234375, 22.2149658203125, 27.632524490356445],