{"checkpoint": "outputs/r6_loop_l2x5_delta_sup_s97/model_0030000.pth", "num_scenes": 256, "psnr": 22.537003610283136, "lpips": 0.2799661266617477, "psnr_std_err": 0.14985616382032768, "per_scene_psnr": [19.07898712158203, 21.105304718017578, 20.724260330200195, 19.24329376220703, 25.628965377807617, 23.66727066040039, 23.563173294067383, 24.718276977539062, 20.47028350830078, 21.602964401245117, 25.033756256103516, 20.981048583984375, 22.924301147460938, 21.39525604248047, 22.136707305908203, 22.450960159301758, 20.52557373046875, 24.7219181060791, 23.61754608154297, 20.985815048217773, 20.870891571044922, 22.776487350463867, 23.389537811279297, 24.317893981933594, 25.33443832397461, 23.275604248046875, 22.535701751708984, 18.44654655456543, 25.436573028564453, 23.91866683959961, 25.632238388061523, 21.986568450927734, 21.093341827392578, 21.838903427124023, 23.37752342224121, 18.40224266052246, 20.679630279541016, 22.351598739624023, 24.98751449584961, 20.16298484802246, 23.47568130493164, 18.86060905456543, 21.364582061767578, 22.116355895996094, 21.270076751708984, 20.59574317932129, 21.92643928527832, 21.544036865234375, 21.181922912597656, 21.20485496520996, 23.75361442565918, 23.88675880432129, 23.39608383178711, 21.062156677246094, 21.97037696838379, 23.97339630126953, 20.063915252685547, 25.644147872924805, 23.36137580871582, 25.882553100585938, 22.48567771911621, 25.096641540527344, 23.245084762573242, 23.784217834472656, 21.433305740356445, 22.37160873413086, 21.654760360717773, 21.22774887084961, 21.859987258911133, 20.711395263671875, 24.18337059020996, 22.211254119873047, 23.81242561340332, 23.37264633178711, 21.142452239990234, 20.026548385620117, 20.448566436767578, 23.73525619506836, 23.929370880126953, 22.32741355895996, 18.348020553588867, 21.855491638183594, 25.333927154541016, 22.674028396606445, 23.170482635498047, 22.536483764648438, 23.375404357910156, 25.80308723449707, 26.938037872314453, 20.210174560546875, 21.343219757080078, 18.81314468383789, 21.795143127441406, 23.165180206298828, 26.015588760375977, 21.626527786254883, 17.339759826660156, 14.504446983337402, 28.091815948486328, 20.430992126464844, 18.5812931060791, 20.198699951171875, 22.471864700317383, 23.985645294189453, 24.645214080810547, 21.221582412719727, 17.16958999633789, 24.205448150634766, 22.480236053466797, 21.20813751220703, 24.81926727294922, 22.603790283203125, 23.66537094116211, 21.882205963134766, 22.569150924682617, 17.828784942626953, 30.347270965576172, 23.056257247924805, 27.850440979003906, 24.732160568237305, 23.62165641784668, 21.25909423828125, 21.920001983642578, 20.68058967590332, 21.04173469543457, 18.617374420166016, 24.720556259155273, 23.416606903076172, 24.849626541137695, 20.515823364257812, 23.123756408691406, 22.990997314453125, 20.962596893310547, 22.112369537353516, 20.591527938842773, 20.242345809936523, 22.096717834472656, 27.187828063964844, 22.78489875793457, 20.950904846191406, 21.973011016845703, 17.748092651367188, 20.186185836791992, 26.620094299316406, 23.262136459350586, 24.843151092529297, 22.65130615234375, 16.70442771911621, 25.523574829101562, 23.46743392944336, 23.5218448638916, 21.457223892211914, 28.369552612304688, 18.214736938476562, 22.033447265625, 21.732263565063477, 23.137714385986328, 23.879125595092773, 20.81913948059082, 21.77642822265625, 21.18522834777832, 21.192020416259766, 24.12029266357422, 21.78404998779297, 19.474279403686523, 23.92003059387207, 21.540891647338867, 24.54534339904785, 22.191198348999023, 25.17401885986328, 24.908010482788086, 21.892358779907227, 25.268285751342773, 25.87177085876465, 22.205278396606445, 20.40498924255371, 23.63409423828125, 24.94072723388672, 23.067115783691406, 21.398637771606445, 23.793224334716797, 21.448871612548828, 19.196748733520508, 22.238075256347656, 26.024580001831055, 21.634567260742188, 21.537662506103516, 19.891605377197266, 19.922077178955078, 22.831829071044922, 21.226062774658203, 21.670677185058594, 29.643489837646484, 23.212371826171875, 21.254804611206055, 20.194368362426758, 22.794170379638672, 22.521629333496094, 26.326480865478516, 24.051143646240234, 25.933382034301758, 20.49524688720703, 25.12287139892578, 25.76485824584961, 20.977184295654297, 18.31267547607422, 25.830259323120117, 22.333459854125977, 20.326059341430664, 23.38589859008789, 23.47689437866211, 18.734703063964844, 19.032875061035156, 24.610889434814453, 22.22212028503418, 20.710315704345703, 25.147289276123047, 26.6988582611084, 21.688941955566406, 19.277746200561523, 21.632688522338867, 31.01030731201172, 22.6436767578125, 21.418476104736328, 23.081378936767578, 21.73967170715332, 25.737722396850586, 21.39093017578125, 24.48682975769043, 18.862655639648438, 23.137285232543945, 22.45062255859375, 20.213516235351562, 24.101293563842773, 20.529279708862305, 26.28475570678711, 21.34971809387207, 23.727094650268555, 19.79608154296875, 25.14145851135254, 18.755367279052734, 26.661148071289062, 20.60540008544922, 25.449296951293945, 25.42556381225586, 20.141586303710938, 22.14300537109375, 23.314151763916016, 21.743249893188477, 22.215059280395508, 24.902996063232422, 20.922529220581055, 22.68975830078125, 23.88091278076172, 22.09561538696289, 28.090017318725586],