{"checkpoint": "outputs/r1_lact_l8_s96/model_0030000.pth", "num_scenes": 256, "psnr": 22.165382102131844, "lpips": 0.275218533934094, "psnr_std_err": 0.14220574240693432, "per_scene_psnr": [18.51740264892578, 21.68347930908203, 20.081371307373047, 19.13776969909668, 24.904766082763672, 22.687654495239258, 22.742141723632812, 24.106281280517578, 20.225419998168945, 21.002830505371094, 24.420730590820312, 20.659095764160156, 22.374969482421875, 20.879436492919922, 21.70227813720703, 21.902408599853516, 19.970935821533203, 24.125213623046875, 23.565834045410156, 21.32195472717285, 20.242082595825195, 22.282655715942383, 23.207590103149414, 24.17304039001465, 24.388111114501953, 23.172645568847656, 22.191438674926758, 18.59848403930664, 24.809654235839844, 23.175134658813477, 24.869884490966797, 22.00832748413086, 21.17551040649414, 21.702978134155273, 23.063682556152344, 17.62565803527832, 20.32577896118164, 21.746017456054688, 24.480403900146484, 19.557416915893555, 22.89792251586914, 18.619884490966797, 21.49782943725586, 21.808757781982422, 21.553409576416016, 20.74627113342285, 21.318063735961914, 21.203330993652344, 20.817115783691406, 20.334768295288086, 23.70178985595703, 23.384998321533203, 22.612016677856445, 21.218708038330078, 21.1617374420166, 23.79805564880371, 19.387657165527344, 25.092134475708008, 22.6462459564209, 25.374862670898438, 21.96125030517578, 24.035818099975586, 22.664474487304688, 22.88724136352539, 20.87946128845215, 21.771102905273438, 20.961750030517578, 21.053991317749023, 21.392412185668945, 20.745285034179688, 23.89335823059082, 21.737102508544922, 24.2442626953125, 22.492351531982422, 20.652311325073242, 19.58770179748535, 20.1023006439209, 23.341506958007812, 23.844524383544922, 21.777252197265625, 18.05719566345215, 21.567209243774414, 25.214519500732422, 21.855688095092773, 22.639894485473633, 22.341461181640625, 22.478042602539062, 25.489276885986328, 26.462324142456055, 19.60980224609375, 21.274473190307617, 18.605419158935547, 21.656879425048828, 22.46969223022461, 25.426143646240234, 21.793792724609375, 17.15829849243164, 14.581666946411133, 27.8179931640625, 20.125446319580078, 18.14358901977539, 20.21426010131836, 22.626619338989258, 23.424776077270508, 24.40363883972168, 20.87240982055664, 17.13344383239746, 23.887922286987305, 21.90312385559082, 20.547887802124023, 24.32175636291504, 22.34123992919922, 23.148052215576172, 21.29688262939453, 21.94231414794922, 17.263877868652344, 29.56353759765625, 22.58346176147461, 27.45008659362793, 23.75105094909668, 23.098709106445312, 21.463430404663086, 22.43239974975586, 20.60696029663086, 20.901851654052734, 18.826602935791016, 24.396053314208984, 23.192140579223633, 24.24353790283203, 19.718534469604492, 23.29876136779785, 22.51486587524414, 22.740947723388672, 22.24240493774414, 20.09046745300293, 20.05035400390625, 21.67908477783203, 26.205442428588867, 22.287904739379883, 20.647544860839844, 22.009464263916016, 17.332733154296875, 19.90764808654785, 25.993160247802734, 23.327289581298828, 24.67266845703125, 22.26405143737793, 17.30165672302246, 25.265682220458984, 23.34578514099121, 23.086347579956055, 21.22734832763672, 27.315893173217773, 17.86825942993164, 21.949920654296875, 21.283184051513672, 22.672199249267578, 23.675508499145508, 20.741134643554688, 21.134140014648438, 20.73207664489746, 21.020668029785156, 23.228012084960938, 21.12482452392578, 19.012659072875977, 23.386829376220703, 20.74352264404297, 23.67547607421875, 21.631467819213867, 24.75320816040039, 24.011632919311523, 21.49152946472168, 25.329618453979492, 25.111557006835938, 21.702072143554688, 20.43077850341797, 22.807357788085938, 24.349796295166016, 22.718299865722656, 20.940738677978516, 23.58429718017578, 20.970266342163086, 18.831226348876953, 21.46576690673828, 25.120389938354492, 21.241840362548828, 20.953235626220703, 19.411354064941406, 20.01397132873535, 22.000043869018555, 21.045324325561523, 21.544727325439453, 29.28474235534668, 22.92964744567871, 20.670673370361328, 19.584705352783203, 22.364160537719727, 22.29201316833496, 25.451129913330078, 23.874778747558594, 24.762802124023438, 20.170917510986328, 24.565929412841797, 24.779869079589844, 20.66143035888672, 18.23845863342285, 25.315570831298828, 21.834726333618164, 20.456050872802734, 22.877302169799805, 22.96014976501465, 18.510498046875, 20.4560489654541, 24.457088470458984, 21.67825698852539, 20.494216918945312, 24.865331649780273, 26.010915756225586, 21.36284637451172, 19.053810119628906, 22.364402770996094, 29.993555068969727, 22.430822372436523, 20.77758026123047, 23.304458618164062, 21.543493270874023, 25.067955017089844, 20.757295608520508, 24.167076110839844, 19.23202896118164, 22.701635360717773, 22.11542320251465, 19.974105834960938, 23.560277938842773, 19.896482467651367, 25.722454071044922, 20.587331771850586, 22.904441833496094, 19.21375846862793, 24.710479736328125, 18.792308807373047, 25.997154235839844, 20.33810806274414, 25.61841583251953, 24.989355087280273, 20.740835189819336, 22.15310287475586, 22.923179626464844, 21.099472045898438, 21.863258361816406, 24.61496353149414, 20.988462448120117, 22.512935638427734, 23.210174560546875, 21.7978458404541, 26.857833862304688],