{"checkpoint": "outputs/r6_loop_l2x8_d192_s95/model_0030000.pth", "num_scenes": 256, "psnr": 22.16356322914362, "lpips": 0.2954327404149808, "psnr_std_err": 0.14345046410197726, "per_scene_psnr": [18.66118049621582, 21.18534278869629, 20.132102966308594, 19.283199310302734, 24.81277084350586, 23.28007698059082, 22.90248680114746, 24.37431526184082, 20.283594131469727, 20.890789031982422, 24.556257247924805, 20.828243255615234, 22.298280715942383, 21.010610580444336, 21.82750701904297, 22.126943588256836, 20.022979736328125, 24.19841766357422, 23.344526290893555, 21.371183395385742, 20.170303344726562, 22.20099449157715, 22.81431007385254, 23.975351333618164, 24.488889694213867, 22.960901260375977, 22.282888412475586, 18.278026580810547, 25.14299201965332, 23.549907684326172, 25.0759334564209, 22.031166076660156, 20.99234390258789, 21.823034286499023, 22.892288208007812, 18.064064025878906, 20.19594383239746, 21.84687614440918, 24.50864028930664, 20.283527374267578, 22.994630813598633, 18.43995475769043, 21.26598358154297, 21.803409576416016, 21.261394500732422, 20.480859756469727, 21.467390060424805, 21.28966522216797, 20.570926666259766, 20.97121238708496, 23.566425323486328, 23.227401733398438, 22.58890151977539, 20.70035171508789, 21.178770065307617, 23.66551971435547, 19.64298439025879, 25.1551513671875, 22.72111701965332, 25.524799346923828, 22.08023452758789, 24.61269187927246, 22.74878692626953, 22.915752410888672, 21.119590759277344, 22.003164291381836, 21.056232452392578, 20.98229217529297, 21.220443725585938, 20.659751892089844, 23.538963317871094, 21.805221557617188, 23.710433959960938, 22.690021514892578, 20.857833862304688, 19.72631072998047, 20.27469825744629, 23.63593864440918, 23.526290893554688, 22.016979217529297, 18.338027954101562, 21.464576721191406, 25.252153396606445, 21.951099395751953, 22.437341690063477, 22.43584442138672, 22.5336856842041, 25.438488006591797, 26.572378158569336, 19.77134895324707, 21.276140213012695, 18.725849151611328, 21.737442016601562, 22.62000846862793, 25.188812255859375, 21.023433685302734, 17.265249252319336, 14.61004638671875, 27.703556060791016, 19.882949829101562, 18.176332473754883, 19.85126304626465, 22.538536071777344, 23.484420776367188, 24.051607131958008, 20.80379867553711, 17.1923885345459, 23.909774780273438, 21.99172019958496, 20.613698959350586, 24.486827850341797, 22.51775360107422, 23.35767936706543, 21.22225570678711, 22.064403533935547, 17.440120697021484, 29.481571197509766, 22.689847946166992, 27.64081573486328, 23.847806930541992, 23.127517700195312, 20.982101440429688, 21.824798583984375, 20.72936248779297, 20.928802490234375, 18.710920333862305, 24.288225173950195, 23.1673526763916, 24.49665069580078, 20.189739227294922, 22.912857055664062, 22.556365966796875, 20.855758666992188, 21.72925567626953, 20.183488845825195, 20.05164909362793, 21.751323699951172, 26.467864990234375, 22.23179054260254, 20.490863800048828, 21.850643157958984, 17.611055374145508, 19.310523986816406, 26.125869750976562, 22.90380859375, 24.545698165893555, 22.315719604492188, 16.77707290649414, 25.25078773498535, 23.35317611694336, 23.011960983276367, 21.20922088623047, 27.393848419189453, 17.91431427001953, 21.866178512573242, 21.473140716552734, 22.652610778808594, 23.501079559326172, 20.639915466308594, 21.190780639648438, 20.66155242919922, 20.935251235961914, 23.242368698120117, 21.517730712890625, 19.23626708984375, 23.39922332763672, 21.10497283935547, 24.022619247436523, 21.481916427612305, 24.766799926757812, 24.476871490478516, 21.773448944091797, 25.05466079711914, 25.369285583496094, 21.800045013427734, 20.122081756591797, 23.07234764099121, 24.671058654785156, 22.84160614013672, 21.26254653930664, 23.672006607055664, 21.145503997802734, 18.91509246826172, 21.248624801635742, 25.634525299072266, 21.170936584472656, 21.228755950927734, 19.690143585205078, 19.829614639282227, 22.158409118652344, 21.020584106445312, 21.328659057617188, 28.848154067993164, 22.842960357666016, 20.932239532470703, 20.071889877319336, 22.621164321899414, 22.415233612060547, 25.43697166442871, 23.631378173828125, 25.019149780273438, 19.9195499420166, 24.6961669921875, 25.353574752807617, 20.850311279296875, 17.993167877197266, 25.424287796020508, 22.040573120117188, 20.196428298950195, 22.943784713745117, 22.83203125, 18.610809326171875, 19.131431579589844, 24.208560943603516, 21.684764862060547, 20.426307678222656, 25.043041229248047, 26.349620819091797, 21.180551528930664, 18.898454666137695, 21.929529190063477, 30.318580627441406, 22.117713928222656, 20.982898712158203, 22.690465927124023, 21.46673011779785, 24.936077117919922, 21.00175666809082, 23.608600616455078, 19.113584518432617, 22.71957015991211, 22.08091926574707, 20.164962768554688, 23.774959564208984, 19.98649787902832, 25.930747985839844, 20.750225067138672, 22.88553237915039, 19.445558547973633, 24.6358699798584, 18.540040969848633, 26.02426528930664, 20.207727432250977, 25.62021255493164, 24.910388946533203, 20.111812591552734, 22.02507972717285, 22.849674224853516, 21.237751007080078, 21.783843994140625, 24.68683433532715, 20.594358444213867, 22.370519638061523, 23.224964141845703, 21.689964294433594, 27.163074493408203],