{"checkpoint": "outputs/r6_loop_l2x6_delta_d224_s95/model_0030000.pth", "num_scenes": 256, "psnr": 22.33541416749358, "lpips": 0.2879251779522747, "psnr_std_err": 0.14700708449959385, "per_scene_psnr": [18.86726188659668, 21.141328811645508, 20.49299430847168, 19.10498046875, 24.742839813232422, 23.428022384643555, 23.146589279174805, 24.556428909301758, 20.297008514404297, 21.25779151916504, 24.782304763793945, 20.92642593383789, 22.62385368347168, 21.229576110839844, 21.863590240478516, 22.296831130981445, 20.345138549804688, 23.986328125, 23.55827522277832, 21.62179946899414, 20.38299560546875, 22.54852294921875, 23.108684539794922, 24.213043212890625, 24.947296142578125, 22.860097885131836, 22.539873123168945, 18.326589584350586, 25.395992279052734, 23.580001831054688, 25.33548355102539, 21.896465301513672, 20.72941017150879, 22.12209701538086, 23.275625228881836, 18.267786026000977, 20.463424682617188, 22.152565002441406, 24.67144203186035, 19.817232131958008, 23.180866241455078, 18.5958309173584, 21.197147369384766, 21.939001083374023, 21.39468765258789, 20.86455535888672, 21.82526397705078, 21.391830444335938, 20.865310668945312, 21.034954071044922, 23.690597534179688, 23.638526916503906, 23.05630874633789, 20.857379913330078, 21.692800521850586, 23.854801177978516, 19.898061752319336, 25.46023178100586, 23.098867416381836, 25.692262649536133, 22.407438278198242, 24.42287254333496, 22.953550338745117, 23.410036087036133, 21.246671676635742, 22.020139694213867, 21.310529708862305, 21.06438636779785, 21.612531661987305, 20.763654708862305, 24.051027297973633, 21.89326286315918, 24.041820526123047, 23.055904388427734, 20.999820709228516, 19.960124969482422, 20.431882858276367, 23.582523345947266, 23.637239456176758, 22.020986557006836, 18.272598266601562, 21.618408203125, 25.170297622680664, 22.402503967285156, 23.025304794311523, 22.422019958496094, 22.91357421875, 25.55821990966797, 26.81837272644043, 19.90404510498047, 21.279605865478516, 18.742355346679688, 21.782211303710938, 22.936973571777344, 25.493690490722656, 21.429637908935547, 17.134220123291016, 14.555291175842285, 27.983150482177734, 20.14683723449707, 18.440059661865234, 19.96202278137207, 22.52042579650879, 23.72869873046875, 24.46403694152832, 20.89922332763672, 17.325851440429688, 24.054224014282227, 22.236711502075195, 20.922956466674805, 24.462547302246094, 22.383197784423828, 23.617055892944336, 21.197002410888672, 22.292011260986328, 17.687828063964844, 29.833972930908203, 22.90277099609375, 27.717601776123047, 24.292861938476562, 23.141063690185547, 20.98447608947754, 21.63827896118164, 20.792888641357422, 20.956819534301758, 18.72283172607422, 24.414369583129883, 23.350561141967773, 24.600570678710938, 20.263879776000977, 22.951642990112305, 22.874509811401367, 20.15098762512207, 22.14463233947754, 20.355512619018555, 20.077545166015625, 21.805784225463867, 26.763378143310547, 22.67424774169922, 20.716262817382812, 21.837539672851562, 17.595102310180664, 20.151447296142578, 26.328792572021484, 22.959373474121094, 24.554147720336914, 22.539958953857422, 16.075180053710938, 25.532541275024414, 23.30091094970703, 23.253376007080078, 21.322235107421875, 27.80923080444336, 17.92304229736328, 21.972780227661133, 21.640090942382812, 22.752521514892578, 23.72746467590332, 20.695507049560547, 21.4052734375, 20.739051818847656, 21.043842315673828, 23.827411651611328, 21.591787338256836, 19.29741859436035, 23.599760055541992, 21.376760482788086, 24.252317428588867, 21.86664581298828, 25.07481575012207, 24.84937286376953, 21.69297218322754, 25.035205841064453, 25.618988037109375, 21.959491729736328, 20.35616111755371, 23.34774398803711, 24.94314956665039, 23.0222225189209, 21.169437408447266, 23.59354019165039, 21.187837600708008, 19.068056106567383, 21.884918212890625, 25.759164810180664, 21.45554542541504, 21.45390510559082, 19.69765853881836, 19.873226165771484, 22.543655395507812, 21.067577362060547, 21.587318420410156, 29.358867645263672, 23.204063415527344, 21.00884246826172, 20.29217529296875, 22.641813278198242, 22.328216552734375, 25.94864845275879, 23.66155242919922, 25.44603729248047, 20.5417537689209, 24.9384708404541, 25.500080108642578, 20.81648826599121, 18.184282302856445, 25.599571228027344, 22.113962173461914, 20.24317741394043, 23.239776611328125, 23.166461944580078, 18.450359344482422, 19.079551696777344, 24.299755096435547, 22.047149658203125, 20.804166793823242, 25.006465911865234, 26.4736270904541, 21.439044952392578, 19.087478637695312, 21.890121459960938, 30.656368255615234, 22.353900909423828, 21.181209564208984, 22.996906280517578, 21.535778045654297, 25.020835876464844, 21.17670249938965, 24.149002075195312, 18.855213165283203, 22.93022346496582, 22.19209861755371, 20.21377944946289, 24.01780891418457, 20.2786922454834, 26.194908142089844, 21.15435791015625, 23.522844314575195, 19.543588638305664, 25.02739143371582, 18.694730758666992, 26.323776245117188, 20.257356643676758, 25.342063903808594, 25.360849380493164, 20.16970443725586, 22.115509033203125, 23.021034240722656, 21.448101043701172, 22.037731170654297, 24.74847412109375, 20.847450256347656, 22.450820922851562, 23.631736755371094, 21.711353302001953, 27.747976303100586],