{"checkpoint": "outputs/r23_adaln_s95/model_0030000.pth", "num_scenes": 256, "psnr": 21.346580371260643, "lpips": 0.3294854696141556, "psnr_std_err": 0.14046784059738943, "per_scene_psnr": [17.868120193481445, 20.20714569091797, 19.307415008544922, 18.01101303100586, 23.09680938720703, 22.5302791595459, 21.784467697143555, 23.743038177490234, 19.561542510986328, 20.038822174072266, 23.564773559570312, 20.015056610107422, 21.679954528808594, 19.981544494628906, 21.38729476928711, 21.34527587890625, 19.665252685546875, 22.88739013671875, 22.756351470947266, 20.932144165039062, 19.307750701904297, 21.40572738647461, 22.16320037841797, 22.864534378051758, 23.835790634155273, 22.015104293823242, 21.447799682617188, 17.42824363708496, 24.368000030517578, 22.760906219482422, 24.144878387451172, 21.16460609436035, 20.137413024902344, 21.081741333007812, 22.01544189453125, 17.606258392333984, 19.410980224609375, 21.263206481933594, 23.478548049926758, 18.85035514831543, 22.19090461730957, 17.55844497680664, 20.179107666015625, 20.961591720581055, 20.20819664001465, 19.962968826293945, 20.671388626098633, 20.298500061035156, 19.71729850769043, 20.447904586791992, 22.18997573852539, 22.58304214477539, 21.424219131469727, 19.713054656982422, 20.355056762695312, 22.948505401611328, 19.123268127441406, 24.967201232910156, 21.90187644958496, 24.696247100830078, 21.642444610595703, 22.802635192871094, 21.716232299804688, 22.125215530395508, 20.557315826416016, 20.978681564331055, 20.355051040649414, 20.124248504638672, 20.56011199951172, 19.50486946105957, 22.753623962402344, 21.108264923095703, 22.91750144958496, 22.119483947753906, 20.2878360748291, 19.194908142089844, 19.69709587097168, 22.525516510009766, 22.717548370361328, 21.324979782104492, 17.728689193725586, 20.123676300048828, 24.360820770263672, 20.923776626586914, 21.65005111694336, 21.42474937438965, 21.581390380859375, 24.322803497314453, 25.965538024902344, 19.114582061767578, 20.327653884887695, 18.148239135742188, 20.840473175048828, 21.83312225341797, 23.99786949157715, 19.94989585876465, 16.463891983032227, 14.419200897216797, 26.689144134521484, 18.899690628051758, 17.413780212402344, 19.37944221496582, 21.777475357055664, 22.58742904663086, 23.462400436401367, 19.83279037475586, 16.978313446044922, 22.99333381652832, 21.346332550048828, 20.041614532470703, 23.35310935974121, 21.143064498901367, 22.237239837646484, 20.127737045288086, 21.20185661315918, 16.950328826904297, 28.638931274414062, 21.92272186279297, 26.452646255493164, 22.789379119873047, 21.82046890258789, 20.58368682861328, 20.987947463989258, 20.286869049072266, 19.99380874633789, 17.746253967285156, 23.785314559936523, 22.593826293945312, 23.812711715698242, 19.66345977783203, 22.130016326904297, 21.583688735961914, 19.475872039794922, 20.784910202026367, 19.321186065673828, 19.491430282592773, 20.638086318969727, 25.38243865966797, 21.64861488342285, 19.485197067260742, 21.272354125976562, 17.23114776611328, 19.134380340576172, 25.246566772460938, 22.40482521057129, 23.782760620117188, 21.554832458496094, 15.54671859741211, 24.400014877319336, 22.14608383178711, 21.874786376953125, 20.587265014648438, 26.344482421875, 17.54206085205078, 21.08940887451172, 20.879228591918945, 21.346853256225586, 22.57594108581543, 20.263973236083984, 20.78882598876953, 19.760574340820312, 20.044189453125, 22.4941349029541, 20.705907821655273, 18.595569610595703, 22.533157348632812, 20.5855770111084, 22.928382873535156, 20.589008331298828, 23.882360458374023, 23.76633644104004, 21.20523452758789, 24.471332550048828, 24.98134422302246, 20.890613555908203, 19.43166160583496, 22.225242614746094, 24.071258544921875, 22.02174949645996, 19.9893798828125, 22.787757873535156, 20.228973388671875, 18.10767936706543, 20.45159912109375, 25.006502151489258, 20.760940551757812, 20.1522216796875, 18.983686447143555, 19.211008071899414, 21.562843322753906, 20.38614273071289, 20.659391403198242, 28.213956832885742, 21.92061424255371, 20.0943603515625, 18.8363037109375, 21.11342430114746, 21.424068450927734, 24.68419647216797, 22.481090545654297, 24.130783081054688, 19.542123794555664, 23.849336624145508, 24.537975311279297, 20.070581436157227, 17.219289779663086, 24.729873657226562, 21.269227981567383, 19.644975662231445, 22.151954650878906, 21.948726654052734, 17.643482208251953, 18.34786605834961, 22.985754013061523, 20.815752029418945, 19.289461135864258, 24.003555297851562, 25.574769973754883, 20.639726638793945, 18.10076904296875, 21.20536994934082, 29.757266998291016, 21.303794860839844, 20.15835189819336, 21.778793334960938, 20.96809196472168, 23.829254150390625, 20.44468116760254, 22.658187866210938, 18.072647094726562, 22.025711059570312, 21.433515548706055, 19.347681045532227, 23.153278350830078, 19.68294334411621, 25.12590789794922, 20.19499969482422, 22.10287094116211, 18.79707145690918, 23.92693519592285, 17.76714515686035, 24.875534057617188, 19.377546310424805, 24.314899444580078, 23.770801544189453, 19.387948989868164, 21.047487258911133, 21.810707092285156, 20.4116268157959, 21.07514190673828, 24.48233413696289, 19.976600646972656, 21.05596160888672, 22.672805786132812, 20.953716278076172, 26.19122314453125],