{"checkpoint": "outputs/r19_gates_sup_s95/model_0030000.pth", "num_scenes": 256, "psnr": 22.30981656163931, "lpips": 0.2873247605166398, "psnr_std_err": 0.1487825478820806, "per_scene_psnr": [18.710010528564453, 20.97421646118164, 20.430809020996094, 18.977615356445312, 25.342510223388672, 23.370880126953125, 23.221439361572266, 24.408588409423828, 20.344409942626953, 21.43610954284668, 24.687498092651367, 20.819080352783203, 22.51138687133789, 21.05451774597168, 21.725521087646484, 22.2899169921875, 20.21685791015625, 24.100662231445312, 23.459884643554688, 21.184459686279297, 20.388442993164062, 22.516799926757812, 23.06601333618164, 24.17479705810547, 24.85955047607422, 23.110628128051758, 22.415687561035156, 18.25668716430664, 25.22730827331543, 23.601743698120117, 25.257999420166016, 21.957109451293945, 20.94669532775879, 21.845521926879883, 23.178913116455078, 18.130613327026367, 20.263195037841797, 22.020706176757812, 24.91074562072754, 20.197235107421875, 23.216079711914062, 18.42395782470703, 21.223031997680664, 22.05710220336914, 21.241064071655273, 20.443571090698242, 21.84606170654297, 21.134849548339844, 20.894567489624023, 20.93008041381836, 23.624801635742188, 23.491724014282227, 22.98333740234375, 20.988880157470703, 21.704017639160156, 23.884807586669922, 19.719057083129883, 25.478857040405273, 23.134525299072266, 25.606420516967773, 22.340957641601562, 24.79953956604004, 23.136016845703125, 23.2694149017334, 21.190017700195312, 22.048465728759766, 21.35875701904297, 20.981830596923828, 21.46959686279297, 20.40571403503418, 23.716388702392578, 21.9283390045166, 24.074527740478516, 23.044109344482422, 20.900344848632812, 19.840335845947266, 20.274324417114258, 23.76868438720703, 23.486488342285156, 22.079986572265625, 18.19312286376953, 21.750980377197266, 25.07183265686035, 22.19965934753418, 22.91507911682129, 22.45843505859375, 22.865737915039062, 25.54064178466797, 26.689517974853516, 19.90049171447754, 21.244829177856445, 18.73173713684082, 21.728391647338867, 22.944509506225586, 25.481769561767578, 21.49014663696289, 17.188295364379883, 14.630210876464844, 27.894926071166992, 20.128177642822266, 18.30805206298828, 19.954919815063477, 22.58501434326172, 23.62894058227539, 24.423864364624023, 20.927419662475586, 16.87892723083496, 24.027204513549805, 22.301788330078125, 20.87000846862793, 24.667757034301758, 22.508848190307617, 23.57843780517578, 21.457746505737305, 22.212623596191406, 17.545452117919922, 29.998291015625, 22.844959259033203, 27.650569915771484, 24.33873748779297, 23.331640243530273, 20.966882705688477, 21.574607849121094, 20.73190689086914, 20.948291778564453, 18.44505500793457, 24.589733123779297, 23.285690307617188, 24.864124298095703, 20.187210083007812, 23.042394638061523, 22.695037841796875, 20.27167510986328, 21.95774269104004, 20.358596801757812, 20.097829818725586, 21.669893264770508, 26.765323638916016, 22.559587478637695, 20.812747955322266, 21.853084564208984, 17.537954330444336, 19.564931869506836, 26.287452697753906, 23.066089630126953, 24.539413452148438, 22.45893096923828, 16.406253814697266, 25.305757522583008, 23.295398712158203, 23.23357391357422, 21.294757843017578, 27.931367874145508, 17.96455192565918, 21.958187103271484, 21.627765655517578, 22.84385871887207, 23.83307647705078, 20.783855438232422, 21.42667579650879, 20.89920997619629, 21.20754051208496, 23.682119369506836, 21.524152755737305, 19.21930503845215, 23.658424377441406, 21.332273483276367, 24.401611328125, 21.895214080810547, 24.971691131591797, 24.733009338378906, 21.79962921142578, 25.14380645751953, 25.848695755004883, 22.114946365356445, 20.295978546142578, 23.31321907043457, 24.89975929260254, 22.921241760253906, 21.30036163330078, 23.677968978881836, 21.310192108154297, 18.86825180053711, 21.864778518676758, 25.870973587036133, 21.333057403564453, 21.171127319335938, 19.734169006347656, 19.63977813720703, 22.447805404663086, 20.91693878173828, 21.517332077026367, 29.47174835205078, 23.02591323852539, 20.984580993652344, 20.216157913208008, 22.548145294189453, 22.377525329589844, 25.912153244018555, 23.78117561340332, 25.411972045898438, 20.256465911865234, 24.875638961791992, 25.597061157226562, 20.729347229003906, 18.22085952758789, 25.412635803222656, 22.15772247314453, 20.3367919921875, 23.559646606445312, 23.21997833251953, 18.40264129638672, 18.858421325683594, 24.28544044494629, 21.972646713256836, 20.50455093383789, 24.775917053222656, 26.547672271728516, 21.333322525024414, 19.098634719848633, 21.443954467773438, 30.703641891479492, 22.618019104003906, 21.04754638671875, 22.936473846435547, 21.47325325012207, 25.353546142578125, 21.164663314819336, 24.187255859375, 18.910419464111328, 22.79450225830078, 22.30817985534668, 20.018835067749023, 23.948514938354492, 20.18120765686035, 26.03963851928711, 21.011140823364258, 23.444080352783203, 19.363889694213867, 24.981985092163086, 18.497371673583984, 26.281795501708984, 20.387001037597656, 25.18468475341797, 25.159500122070312, 19.96327781677246, 22.032194137573242, 23.17562484741211, 21.440284729003906, 22.118558883666992, 24.838716506958008, 20.76780128479004, 22.805309295654297, 23.571460723876953, 22.1860408782959, 27.722972869873047],