{"checkpoint": "outputs/r19_bgsfon_lr32_s95/model_0030000.pth", "num_scenes": 256, "psnr": 22.869906306266785, "lpips": 0.2649180734879337, "psnr_std_err": 0.15239116908872252, "per_scene_psnr": [19.36077308654785, 22.015811920166016, 20.973567962646484, 19.592004776000977, 25.96224594116211, 23.994766235351562, 23.95585060119629, 25.08730125427246, 20.706186294555664, 21.970352172851562, 25.551753997802734, 21.432605743408203, 23.17662239074707, 21.571449279785156, 22.22571563720703, 22.757539749145508, 20.43451499938965, 24.561891555786133, 23.932039260864258, 21.453968048095703, 21.23980712890625, 23.317829132080078, 23.70580291748047, 25.029399871826172, 25.477821350097656, 24.12253189086914, 23.024272918701172, 18.716991424560547, 25.72911834716797, 24.100187301635742, 26.177391052246094, 22.204727172851562, 21.421512603759766, 22.19803237915039, 24.136220932006836, 18.384769439697266, 21.02069664001465, 22.454967498779297, 25.33083152770996, 20.941335678100586, 23.605182647705078, 19.258148193359375, 22.1435546875, 22.668380737304688, 21.86185646057129, 20.88317108154297, 21.99979591369629, 21.674833297729492, 21.368913650512695, 21.387859344482422, 24.750673294067383, 24.140846252441406, 23.608062744140625, 21.52942657470703, 22.313278198242188, 24.391830444335938, 20.066396713256836, 25.82097625732422, 23.590145111083984, 26.39584732055664, 22.601112365722656, 25.164186477661133, 23.84145736694336, 23.849502563476562, 21.555559158325195, 22.809288024902344, 21.737165451049805, 21.609268188476562, 22.021867752075195, 21.380651473999023, 24.124385833740234, 22.38469696044922, 24.5510311126709, 23.46569061279297, 21.43450927734375, 20.187118530273438, 20.892057418823242, 24.710285186767578, 24.026582717895508, 22.447647094726562, 18.615619659423828, 22.465869903564453, 25.79132843017578, 23.06777000427246, 23.530601501464844, 23.052413940429688, 23.609926223754883, 26.199745178222656, 27.100399017333984, 20.331069946289062, 21.466812133789062, 18.987079620361328, 21.735912322998047, 23.513118743896484, 26.18678855895996, 22.270423889160156, 17.636676788330078, 14.715612411499023, 28.48375129699707, 20.99323081970215, 18.64781951904297, 20.483667373657227, 22.853599548339844, 24.37840461730957, 24.926414489746094, 21.488773345947266, 16.856311798095703, 24.760953903198242, 23.209003448486328, 21.632596969604492, 25.601898193359375, 23.255767822265625, 24.22614097595215, 21.89328384399414, 22.804340362548828, 17.856517791748047, 30.863719940185547, 23.45942497253418, 28.35817527770996, 25.446264266967773, 23.844131469726562, 21.242042541503906, 22.55244255065918, 20.88625144958496, 21.33761978149414, 19.09330177307129, 24.8551082611084, 23.769428253173828, 25.19344711303711, 20.817691802978516, 23.252140045166016, 23.297840118408203, 21.115625381469727, 22.72241973876953, 20.738401412963867, 20.343435287475586, 22.24886703491211, 27.65850067138672, 22.967721939086914, 21.302549362182617, 22.229984283447266, 17.808958053588867, 20.464534759521484, 26.740009307861328, 23.509532928466797, 25.314315795898438, 22.82172203063965, 16.961061477661133, 25.778799057006836, 24.233325958251953, 23.998455047607422, 21.678421020507812, 28.82278823852539, 18.533042907714844, 22.551231384277344, 21.925323486328125, 23.591678619384766, 24.84160614013672, 21.304298400878906, 21.865699768066406, 21.80513572692871, 21.502382278442383, 24.187782287597656, 22.100082397460938, 19.482011795043945, 24.606948852539062, 21.442466735839844, 25.030698776245117, 22.626466751098633, 25.72720718383789, 25.160045623779297, 21.932096481323242, 25.76505470275879, 25.972593307495117, 22.517261505126953, 20.92160987854004, 24.070850372314453, 25.12226104736328, 23.081649780273438, 22.124374389648438, 24.112863540649414, 21.72353744506836, 19.464977264404297, 22.468021392822266, 26.080476760864258, 21.5336971282959, 21.936077117919922, 20.031051635742188, 20.166805267333984, 23.051734924316406, 21.316526412963867, 21.83102035522461, 30.00017547607422, 23.592571258544922, 21.43010711669922, 20.834360122680664, 23.334308624267578, 22.775632858276367, 26.623870849609375, 24.509075164794922, 26.099489212036133, 20.69512367248535, 25.675823211669922, 26.07691192626953, 21.191911697387695, 18.627511978149414, 26.006441116333008, 22.447673797607422, 20.70499038696289, 23.965551376342773, 23.90762710571289, 18.827869415283203, 19.909908294677734, 25.205820083618164, 22.652202606201172, 21.457883834838867, 25.629310607910156, 27.039384841918945, 22.509096145629883, 19.586627960205078, 22.19337272644043, 31.262073516845703, 22.929964065551758, 21.655319213867188, 23.734939575195312, 22.10321617126465, 26.026206970214844, 21.54454803466797, 25.215782165527344, 19.384328842163086, 23.31070899963379, 22.634986877441406, 20.4244441986084, 24.317642211914062, 20.481555938720703, 26.487987518310547, 21.490615844726562, 23.88979721069336, 20.133726119995117, 25.508432388305664, 19.042160034179688, 27.233999252319336, 21.231952667236328, 25.963478088378906, 25.923059463500977, 20.816316604614258, 22.538677215576172, 23.781965255737305, 21.866783142089844, 22.578948974609375, 25.016071319580078, 21.312026977539062, 23.268802642822266, 23.9529972076416, 22.260101318359375, 28.29056167602539],