{"checkpoint": "outputs/r5_loop_l2x4_gates_s95/model_0030000.pth", "num_scenes": 256, "psnr": 22.244366094470024, "lpips": 0.2866397254401818, "psnr_std_err": 0.14688510005410346, "per_scene_psnr": [18.698354721069336, 20.892045974731445, 20.349119186401367, 19.195459365844727, 24.674888610839844, 23.20201873779297, 23.081138610839844, 24.400062561035156, 20.193115234375, 21.344532012939453, 24.645673751831055, 20.907983779907227, 22.56829833984375, 20.97708511352539, 21.84197425842285, 22.162065505981445, 20.221078872680664, 23.624975204467773, 23.509309768676758, 21.187984466552734, 20.46198844909668, 22.461091995239258, 22.967863082885742, 24.26750373840332, 24.795223236083984, 22.856529235839844, 22.27139663696289, 18.1995906829834, 25.145538330078125, 23.615123748779297, 25.223155975341797, 21.723159790039062, 20.86733055114746, 21.462684631347656, 23.223079681396484, 18.215362548828125, 20.352859497070312, 22.028074264526367, 24.576738357543945, 20.145465850830078, 22.98775863647461, 18.46257781982422, 21.15707015991211, 21.830219268798828, 21.157724380493164, 20.703128814697266, 21.564672470092773, 21.233217239379883, 20.705930709838867, 20.93695068359375, 23.419734954833984, 23.365825653076172, 23.00298500061035, 20.92446517944336, 21.52580451965332, 23.797502517700195, 19.756500244140625, 25.217687606811523, 22.901609420776367, 25.636110305786133, 22.223073959350586, 24.380857467651367, 23.150854110717773, 23.22467041015625, 21.052352905273438, 21.92593002319336, 21.244604110717773, 20.98553466796875, 21.299802780151367, 20.599328994750977, 23.84530258178711, 21.809185028076172, 24.057003021240234, 22.8533935546875, 20.91982650756836, 19.748775482177734, 20.31854820251465, 23.626270294189453, 23.427703857421875, 22.20861053466797, 18.26679229736328, 21.50562286376953, 25.26422119140625, 22.334901809692383, 22.91179847717285, 22.324769973754883, 22.803054809570312, 25.53582191467285, 26.752761840820312, 19.55059242248535, 21.11442756652832, 18.53269386291504, 21.75204086303711, 22.78548240661621, 25.444355010986328, 21.6202449798584, 17.132999420166016, 14.669210433959961, 27.804319381713867, 20.078088760375977, 18.19000816345215, 19.93313980102539, 22.381637573242188, 23.58472442626953, 24.2940616607666, 20.983261108398438, 16.945913314819336, 24.087574005126953, 22.061519622802734, 20.76445770263672, 24.606956481933594, 22.33219337463379, 23.53005599975586, 21.138343811035156, 22.06442642211914, 17.64973258972168, 30.00037384033203, 22.78399658203125, 27.68043327331543, 24.086013793945312, 23.035390853881836, 21.39377212524414, 22.050798416137695, 20.55416488647461, 20.800817489624023, 18.68198585510254, 24.52155303955078, 23.28931427001953, 24.505422592163086, 20.17706871032715, 22.981243133544922, 22.665790557861328, 20.78110122680664, 21.96906089782715, 20.2680606842041, 20.00734519958496, 21.846277236938477, 26.702655792236328, 22.42145347595215, 20.549116134643555, 21.939617156982422, 17.467815399169922, 19.508846282958984, 26.196674346923828, 22.876367568969727, 24.385555267333984, 22.437694549560547, 16.399152755737305, 25.438337326049805, 23.17093276977539, 23.27477264404297, 21.232269287109375, 27.736682891845703, 18.09341049194336, 21.737770080566406, 21.444156646728516, 22.858779907226562, 23.669307708740234, 20.683786392211914, 21.38983154296875, 20.81639862060547, 21.10449981689453, 23.608196258544922, 21.366365432739258, 19.21375274658203, 23.720216751098633, 21.224136352539062, 24.096181869506836, 21.83063316345215, 24.91733741760254, 24.621265411376953, 21.60774040222168, 24.974668502807617, 25.722349166870117, 21.919689178466797, 20.074565887451172, 23.342206954956055, 24.66071891784668, 22.93087387084961, 21.13568878173828, 23.725204467773438, 20.726774215698242, 18.624759674072266, 21.570476531982422, 25.73002052307129, 21.211442947387695, 21.2746639251709, 19.756505966186523, 19.724628448486328, 22.269914627075195, 21.004737854003906, 21.545621871948242, 29.24213409423828, 22.967376708984375, 20.952136993408203, 20.40015411376953, 22.551849365234375, 22.329282760620117, 25.865264892578125, 23.736270904541016, 25.296634674072266, 20.308551788330078, 24.79933738708496, 25.476037979125977, 20.864425659179688, 18.152545928955078, 25.46316909790039, 22.048948287963867, 20.228376388549805, 22.8287410736084, 23.14874839782715, 18.219898223876953, 19.314306259155273, 24.26460075378418, 21.842430114746094, 20.540332794189453, 24.617191314697266, 26.43610191345215, 21.439130783081055, 18.892807006835938, 21.769914627075195, 30.50550079345703, 22.07294464111328, 21.118572235107422, 23.0288028717041, 21.54170799255371, 25.071842193603516, 21.08280372619629, 24.05031967163086, 18.79499626159668, 22.806074142456055, 22.216079711914062, 20.078407287597656, 23.8612060546875, 20.161571502685547, 26.143648147583008, 20.855045318603516, 23.34161949157715, 19.44060707092285, 24.988853454589844, 18.644920349121094, 26.3059024810791, 20.240076065063477, 25.550647735595703, 25.148147583007812, 20.26711654663086, 22.155635833740234, 22.92938995361328, 21.28437042236328, 21.921463012695312, 24.730735778808594, 20.752256393432617, 22.46228790283203, 23.43512725830078, 21.788122177124023, 27.57877540588379],