{"checkpoint": "outputs/r19_bgsfo_s97/model_0030000.pth", "num_scenes": 256, "psnr": 22.479935862123966, "lpips": 0.2798726676264778, "psnr_std_err": 0.14983571012880184, "per_scene_psnr": [19.03873062133789, 21.230880737304688, 20.533952713012695, 19.094310760498047, 25.186357498168945, 23.53817367553711, 23.501054763793945, 24.725114822387695, 20.33504867553711, 21.43515396118164, 24.91489028930664, 21.154090881347656, 22.79202651977539, 21.25040054321289, 21.947093963623047, 22.381935119628906, 20.26919937133789, 23.969261169433594, 23.683666229248047, 21.0721435546875, 20.724285125732422, 22.691268920898438, 23.350765228271484, 24.599483489990234, 25.049694061279297, 23.07501220703125, 22.73383903503418, 18.25324821472168, 25.362051010131836, 23.682022094726562, 25.60845375061035, 21.951391220092773, 21.357479095458984, 21.81653594970703, 23.83620262145996, 18.3743839263916, 20.52028465270996, 22.100921630859375, 24.7480411529541, 20.318477630615234, 23.293731689453125, 19.003023147583008, 21.543384552001953, 22.25128173828125, 20.927051544189453, 20.658103942871094, 21.667434692382812, 21.281795501708984, 21.052019119262695, 21.063241958618164, 23.904151916503906, 23.62554168701172, 23.13736343383789, 21.035419464111328, 21.727581024169922, 23.94771385192871, 19.85263442993164, 25.4947509765625, 23.17549705505371, 25.962190628051758, 22.44377326965332, 24.593904495239258, 23.294876098632812, 23.512142181396484, 21.43528938293457, 22.23188018798828, 21.486284255981445, 21.219541549682617, 21.705326080322266, 20.89173126220703, 23.905834197998047, 22.025127410888672, 24.62550926208496, 23.212621688842773, 21.16717529296875, 19.851778030395508, 20.369525909423828, 24.128887176513672, 23.508216857910156, 22.180858612060547, 18.353553771972656, 21.872961044311523, 25.56406021118164, 22.644378662109375, 23.042890548706055, 22.45250701904297, 23.22800636291504, 25.814199447631836, 26.822778701782227, 20.20812225341797, 21.235462188720703, 18.764938354492188, 21.435848236083984, 23.2247314453125, 25.988842010498047, 21.49169158935547, 17.217445373535156, 14.579988479614258, 28.177349090576172, 20.361783981323242, 18.4222469329834, 20.123878479003906, 22.39327621459961, 23.94427490234375, 24.589689254760742, 21.184833526611328, 16.818775177001953, 24.159217834472656, 22.831634521484375, 20.96421241760254, 25.141592025756836, 22.732433319091797, 23.6622314453125, 21.652141571044922, 22.5748291015625, 17.685592651367188, 30.488536834716797, 22.88086700439453, 27.897106170654297, 24.986783981323242, 23.486827850341797, 21.093639373779297, 21.825197219848633, 20.85988998413086, 20.966835021972656, 18.732486724853516, 24.568973541259766, 23.509929656982422, 24.782066345214844, 20.51243782043457, 23.042688369750977, 22.94916343688965, 20.879558563232422, 22.052383422851562, 20.439586639404297, 20.20256996154785, 21.601768493652344, 27.11627769470215, 22.558069229125977, 20.905120849609375, 21.929393768310547, 17.63119888305664, 19.735095977783203, 26.502201080322266, 22.903959274291992, 24.937097549438477, 22.639379501342773, 16.183454513549805, 25.434452056884766, 23.3884220123291, 23.696044921875, 21.54691505432129, 28.576536178588867, 17.917030334472656, 22.197574615478516, 21.636093139648438, 23.062963485717773, 24.150856018066406, 20.782546997070312, 21.60720443725586, 21.364898681640625, 21.319425582885742, 23.87930679321289, 21.73657989501953, 19.30873680114746, 24.03476905822754, 21.342561721801758, 24.755830764770508, 22.059932708740234, 25.16533660888672, 24.649044036865234, 21.91427993774414, 25.217695236206055, 25.696441650390625, 22.249345779418945, 20.457042694091797, 23.47965431213379, 25.020355224609375, 22.821125030517578, 21.354196548461914, 23.737720489501953, 21.321247100830078, 19.42188262939453, 22.08057403564453, 25.749435424804688, 21.34136390686035, 21.384876251220703, 19.81351089477539, 19.996288299560547, 22.679750442504883, 20.959125518798828, 21.7049560546875, 29.314699172973633, 23.179691314697266, 21.166603088378906, 20.4580078125, 22.947296142578125, 22.311321258544922, 26.184938430786133, 24.088571548461914, 25.654842376708984, 20.30484962463379, 25.2591609954834, 25.736753463745117, 20.926349639892578, 18.31753921508789, 25.676532745361328, 22.2824649810791, 20.402252197265625, 23.343046188354492, 23.30409049987793, 18.64598846435547, 19.262088775634766, 24.708332061767578, 22.18226432800293, 20.843364715576172, 25.11737632751465, 26.56401824951172, 22.094039916992188, 19.179834365844727, 21.83536148071289, 30.69940948486328, 22.74080467224121, 21.361278533935547, 23.238018035888672, 21.73738670349121, 25.429157257080078, 21.250144958496094, 24.467731475830078, 18.791873931884766, 23.126934051513672, 22.45916748046875, 20.37228775024414, 24.049415588378906, 20.38043212890625, 26.123111724853516, 21.199546813964844, 23.59056282043457, 19.995447158813477, 25.210094451904297, 18.877758026123047, 26.50587272644043, 20.837139129638672, 25.431419372558594, 25.45671272277832, 20.31167221069336, 22.154708862304688, 23.283994674682617, 21.57030487060547, 22.19089698791504, 24.8759822845459, 21.002689361572266, 22.549392700195312, 23.668346405029297, 21.93859100341797, 27.915220260620117],