{"checkpoint": "outputs/r11_loop_l2x4_ltemp_s95/model_0030000.pth", "num_scenes": 256, "psnr": 22.193245086818933, "lpips": 0.287451202981174, "psnr_std_err": 0.1471527907972861, "per_scene_psnr": [18.58237075805664, 20.847118377685547, 20.254287719726562, 19.11480712890625, 24.46114730834961, 23.11764907836914, 23.002187728881836, 24.413869857788086, 20.18857765197754, 21.191713333129883, 24.567188262939453, 20.79819679260254, 22.450504302978516, 20.900705337524414, 21.825698852539062, 22.17633819580078, 20.187850952148438, 23.648908615112305, 23.51966094970703, 21.483638763427734, 20.357648849487305, 22.348464965820312, 22.866811752319336, 23.971588134765625, 24.706134796142578, 22.933700561523438, 22.23219871520996, 18.00531005859375, 25.17764663696289, 23.648080825805664, 25.148181915283203, 21.69590187072754, 20.772052764892578, 21.585474014282227, 23.026630401611328, 18.190662384033203, 20.349201202392578, 21.952930450439453, 24.62508773803711, 20.193374633789062, 22.9896240234375, 18.362333297729492, 21.07394027709961, 21.826236724853516, 21.121761322021484, 20.68486213684082, 21.604923248291016, 21.08216094970703, 20.701351165771484, 20.760692596435547, 23.5269718170166, 23.293071746826172, 22.885387420654297, 20.728052139282227, 21.558116912841797, 23.787166595458984, 19.71136474609375, 25.311233520507812, 22.89034080505371, 25.505146026611328, 22.202564239501953, 24.113597869873047, 23.064651489257812, 23.31371307373047, 21.113208770751953, 21.930227279663086, 21.20496368408203, 20.976131439208984, 21.22749137878418, 20.530574798583984, 23.779521942138672, 21.83912467956543, 23.8381290435791, 22.77521324157715, 20.870807647705078, 19.739891052246094, 20.210556030273438, 23.768064498901367, 23.532474517822266, 22.173213958740234, 18.20439910888672, 21.43462371826172, 25.239904403686523, 22.197568893432617, 22.859928131103516, 22.29979705810547, 22.65052032470703, 25.434797286987305, 26.669391632080078, 19.585525512695312, 21.058961868286133, 18.50129508972168, 21.662395477294922, 22.706735610961914, 25.378902435302734, 21.483917236328125, 16.99966812133789, 14.460253715515137, 27.7833251953125, 19.967382431030273, 18.089221954345703, 19.920175552368164, 22.332717895507812, 23.633024215698242, 24.227020263671875, 20.837207794189453, 17.082338333129883, 24.105737686157227, 22.0632381439209, 20.73550796508789, 24.437902450561523, 22.125818252563477, 23.457843780517578, 21.02281951904297, 22.107131958007812, 17.567651748657227, 30.009960174560547, 22.76024627685547, 27.668926239013672, 24.14710235595703, 22.918785095214844, 21.33751106262207, 21.998937606811523, 20.499906539916992, 20.74632453918457, 18.642749786376953, 24.463172912597656, 23.14516830444336, 24.425819396972656, 20.15150260925293, 22.86294174194336, 22.636568069458008, 20.7929630279541, 21.867271423339844, 20.31174087524414, 19.937091827392578, 21.79010581970215, 26.65601921081543, 22.40375328063965, 20.481483459472656, 21.927244186401367, 17.436418533325195, 19.497840881347656, 26.23904037475586, 22.903491973876953, 24.386091232299805, 22.470203399658203, 16.289714813232422, 25.416105270385742, 23.154247283935547, 23.183176040649414, 21.162460327148438, 27.72517204284668, 18.118112564086914, 21.673641204833984, 21.43610382080078, 22.630939483642578, 23.74762535095215, 20.60657501220703, 21.373491287231445, 20.832204818725586, 20.98384666442871, 23.540498733520508, 21.349681854248047, 19.22408676147461, 23.63852310180664, 21.19582748413086, 24.06926918029785, 21.72592544555664, 24.743623733520508, 24.537059783935547, 21.721641540527344, 25.13845443725586, 25.61135482788086, 21.902000427246094, 20.137828826904297, 23.34984588623047, 24.592988967895508, 22.88982391357422, 21.066133499145508, 23.68203353881836, 20.66958999633789, 18.535057067871094, 21.581798553466797, 25.655315399169922, 21.074283599853516, 21.053619384765625, 19.7051944732666, 19.619285583496094, 22.261354446411133, 21.001136779785156, 21.523714065551758, 29.250516891479492, 22.892675399780273, 20.93747901916504, 20.19149398803711, 22.51711654663086, 22.3527889251709, 25.832550048828125, 23.47237777709961, 25.21245002746582, 20.109575271606445, 24.78241729736328, 25.483070373535156, 20.864336013793945, 18.09305763244629, 25.389240264892578, 22.01494026184082, 20.10562515258789, 22.751049041748047, 23.030302047729492, 18.14689826965332, 19.353530883789062, 24.174362182617188, 21.84576988220215, 20.445308685302734, 24.708044052124023, 26.442670822143555, 21.230396270751953, 18.933353424072266, 21.719287872314453, 30.415142059326172, 22.217029571533203, 21.023738861083984, 22.985000610351562, 21.433277130126953, 24.96475601196289, 21.02871322631836, 24.00485610961914, 18.708158493041992, 22.806529998779297, 22.15723419189453, 20.137691497802734, 23.84554672241211, 20.097562789916992, 26.107406616210938, 20.845773696899414, 23.235305786132812, 19.44222640991211, 24.89681625366211, 18.561294555664062, 26.130176544189453, 20.05901336669922, 25.4688663482666, 25.022502899169922, 20.167110443115234, 21.983720779418945, 22.887344360351562, 21.255016326904297, 21.85828971862793, 24.738143920898438, 20.724618911743164, 22.137163162231445, 23.41557502746582, 21.80047607421875, 27.52621841430664],