{"checkpoint": "outputs/r2_loop_l2x4_inject_s95/model_0030000.pth", "num_scenes": 256, "psnr": 22.149463173002005, "lpips": 0.2958490847959183, "psnr_std_err": 0.14810493862378754, "per_scene_psnr": [18.76314926147461, 20.780332565307617, 20.71544647216797, 18.703510284423828, 24.665098190307617, 23.414939880371094, 23.130979537963867, 24.60239028930664, 20.17917251586914, 21.086503982543945, 24.68347930908203, 20.602588653564453, 22.549148559570312, 20.924875259399414, 21.875295639038086, 22.050060272216797, 20.312564849853516, 23.572797775268555, 23.490076065063477, 21.113189697265625, 20.226829528808594, 22.439605712890625, 22.73008155822754, 23.83814239501953, 25.02647590637207, 22.352659225463867, 22.396610260009766, 18.05249786376953, 25.205575942993164, 23.65241050720215, 25.199161529541016, 21.623449325561523, 20.694564819335938, 21.470046997070312, 23.088302612304688, 18.09583282470703, 20.13232421875, 22.161266326904297, 24.681081771850586, 19.9168758392334, 22.937793731689453, 18.21646499633789, 20.766551971435547, 21.646289825439453, 20.685855865478516, 20.586397171020508, 21.526992797851562, 20.723491668701172, 20.71755599975586, 20.976966857910156, 22.962692260742188, 23.48569679260254, 23.007266998291016, 20.362442016601562, 21.726694107055664, 23.412038803100586, 19.956253051757812, 25.318689346313477, 22.767391204833984, 25.6772518157959, 22.205204010009766, 24.32962417602539, 22.563703536987305, 23.7106990814209, 21.382225036621094, 21.999177932739258, 21.46074104309082, 20.836898803710938, 21.417236328125, 20.390871047973633, 23.436237335205078, 21.927291870117188, 23.505062103271484, 23.328693389892578, 21.070022583007812, 19.952512741088867, 20.212556838989258, 23.27542495727539, 23.29623794555664, 21.937036514282227, 18.16412353515625, 21.36743927001953, 24.909435272216797, 22.35715103149414, 22.784320831298828, 21.82440757751465, 22.971593856811523, 25.11868667602539, 26.77227020263672, 19.72125816345215, 20.80742645263672, 18.56954574584961, 21.417442321777344, 22.846160888671875, 25.44363784790039, 20.271034240722656, 17.01413345336914, 14.381089210510254, 27.393890380859375, 20.0302791595459, 18.3322696685791, 19.898983001708984, 22.236583709716797, 23.77530860900879, 24.221019744873047, 20.86448860168457, 17.024141311645508, 23.72698974609375, 22.349550247192383, 20.892948150634766, 24.42669677734375, 21.927156448364258, 23.396270751953125, 21.289878845214844, 22.17192840576172, 17.78965950012207, 29.883045196533203, 22.978723526000977, 27.496227264404297, 24.181167602539062, 22.758914947509766, 21.157567977905273, 21.78432273864746, 20.262489318847656, 20.546306610107422, 18.233139038085938, 24.56477165222168, 23.274253845214844, 24.407791137695312, 20.288646697998047, 22.60514259338379, 22.593425750732422, 20.03858184814453, 21.468135833740234, 20.312320709228516, 19.97298812866211, 21.622859954833984, 26.615737915039062, 22.538074493408203, 20.452621459960938, 21.759536743164062, 17.5611572265625, 19.579910278320312, 26.139705657958984, 22.805530548095703, 24.202709197998047, 22.579387664794922, 16.072145462036133, 25.475196838378906, 23.021982192993164, 23.034900665283203, 21.319629669189453, 27.578350067138672, 18.098344802856445, 21.750118255615234, 21.575000762939453, 22.6174373626709, 23.413476943969727, 20.587053298950195, 21.68981170654297, 20.663394927978516, 20.98914337158203, 23.879924774169922, 21.29698944091797, 19.243494033813477, 23.608097076416016, 21.39998435974121, 24.08917999267578, 21.685871124267578, 24.589426040649414, 24.771080017089844, 21.54445457458496, 24.503780364990234, 25.61385154724121, 21.879478454589844, 20.046260833740234, 23.228736877441406, 24.858909606933594, 22.736431121826172, 20.85822105407715, 23.461992263793945, 20.981224060058594, 18.687463760375977, 21.674789428710938, 25.768375396728516, 21.212867736816406, 20.888336181640625, 19.48917579650879, 19.56463623046875, 22.3948974609375, 21.025436401367188, 21.423036575317383, 29.196182250976562, 22.88013458251953, 20.882755279541016, 19.944442749023438, 21.949840545654297, 22.07317352294922, 26.225488662719727, 22.72258949279785, 25.73460578918457, 20.06807518005371, 24.660852432250977, 25.349380493164062, 20.521936416625977, 17.947311401367188, 25.534353256225586, 21.82196617126465, 19.954208374023438, 23.167734146118164, 23.267498016357422, 17.908021926879883, 18.606210708618164, 24.26558494567871, 21.97260284423828, 20.378204345703125, 24.727962493896484, 26.422515869140625, 21.187549591064453, 18.74786949157715, 21.07179832458496, 30.318201065063477, 22.18836784362793, 21.034908294677734, 22.539379119873047, 21.524944305419922, 25.009586334228516, 21.018665313720703, 24.229690551757812, 18.747737884521484, 22.80836296081543, 22.23066520690918, 19.887224197387695, 23.79804229736328, 20.441667556762695, 26.117372512817383, 21.183969497680664, 23.578271865844727, 19.592288970947266, 24.773454666137695, 18.417207717895508, 25.943553924560547, 20.286041259765625, 24.95897102355957, 24.982168197631836, 19.733274459838867, 21.709367752075195, 22.785289764404297, 21.192310333251953, 21.92997932434082, 24.54635238647461, 20.58123779296875, 21.967926025390625, 23.65424156188965, 22.10304069519043, 27.913549423217773],