{"checkpoint": "outputs/r7_loop_l2x4_boost_sup_s95/model_0030000.pth", "num_scenes": 256, "psnr": 22.320520766079426, "lpips": 0.28796786663588136, "psnr_std_err": 0.1494122085515784, "per_scene_psnr": [18.905109405517578, 20.953168869018555, 20.672801971435547, 19.081588745117188, 25.185029983520508, 23.342620849609375, 23.27801513671875, 24.60955810546875, 20.375173568725586, 21.348752975463867, 24.90239143371582, 20.781169891357422, 22.579355239868164, 21.079492568969727, 21.911418914794922, 22.258434295654297, 20.28474998474121, 24.007556915283203, 23.627721786499023, 21.21718978881836, 20.560394287109375, 22.66636848449707, 23.226390838623047, 24.245624542236328, 24.93191146850586, 22.965248107910156, 22.43347930908203, 18.244264602661133, 25.404376983642578, 23.678951263427734, 25.478710174560547, 21.62619400024414, 20.933303833007812, 21.615894317626953, 23.162572860717773, 18.25288200378418, 20.279054641723633, 22.080286026000977, 24.974210739135742, 20.236482620239258, 23.14894676208496, 18.6832218170166, 21.418060302734375, 21.846031188964844, 20.967422485351562, 20.61455535888672, 21.66732406616211, 21.138154983520508, 20.907352447509766, 21.106056213378906, 23.439311981201172, 23.45278549194336, 22.983585357666016, 20.663297653198242, 21.6501407623291, 23.93663215637207, 19.851001739501953, 25.362775802612305, 22.926422119140625, 25.87767791748047, 22.292739868164062, 24.851064682006836, 23.105087280273438, 23.342769622802734, 21.278715133666992, 22.16724395751953, 21.36459732055664, 20.97612762451172, 21.36518096923828, 20.44599723815918, 23.742088317871094, 21.915908813476562, 24.049423217773438, 23.180435180664062, 20.995506286621094, 19.860366821289062, 20.245044708251953, 23.796823501586914, 23.61678123474121, 21.99857521057129, 18.322755813598633, 21.865219116210938, 25.065462112426758, 22.47610855102539, 22.842254638671875, 22.12520980834961, 22.960603713989258, 25.417783737182617, 26.836698532104492, 19.871904373168945, 21.001174926757812, 18.722949981689453, 21.225887298583984, 23.0631046295166, 25.58080291748047, 21.058809280395508, 17.100528717041016, 14.593582153320312, 27.80206871032715, 20.155832290649414, 18.233726501464844, 19.983379364013672, 22.292434692382812, 23.963603973388672, 24.50857925415039, 20.90729522705078, 16.913103103637695, 23.981855392456055, 22.38225746154785, 21.030550003051758, 24.81403350830078, 22.441036224365234, 23.605937957763672, 21.583850860595703, 22.341135025024414, 17.721384048461914, 30.254322052001953, 23.03728485107422, 27.825428009033203, 24.581544876098633, 23.05816650390625, 20.849651336669922, 21.73992156982422, 20.471399307250977, 20.90811538696289, 18.555740356445312, 24.52436065673828, 23.240703582763672, 24.742961883544922, 20.352157592773438, 22.91409683227539, 22.55340576171875, 20.621126174926758, 22.143585205078125, 20.35921859741211, 20.135848999023438, 21.70627212524414, 26.832712173461914, 22.478944778442383, 20.622753143310547, 21.867633819580078, 17.627103805541992, 19.727218627929688, 26.27899169921875, 23.063640594482422, 24.691068649291992, 22.502765655517578, 16.20113754272461, 25.266942977905273, 23.300304412841797, 23.172752380371094, 21.144315719604492, 28.201114654541016, 17.888683319091797, 21.872455596923828, 21.593360900878906, 22.913244247436523, 23.801101684570312, 20.7681884765625, 21.504268646240234, 21.07001495361328, 21.06570816040039, 23.902915954589844, 21.579021453857422, 19.20801544189453, 23.841453552246094, 21.332996368408203, 24.410419464111328, 21.725502014160156, 24.88064956665039, 24.727418899536133, 21.725797653198242, 25.150665283203125, 25.62481117248535, 22.210403442382812, 20.133686065673828, 23.273456573486328, 24.818634033203125, 22.755630493164062, 21.12017822265625, 23.77165985107422, 21.332691192626953, 18.90494155883789, 21.660633087158203, 25.871122360229492, 21.303903579711914, 21.219802856445312, 19.647472381591797, 19.731781005859375, 22.56485939025879, 21.018945693969727, 21.44670867919922, 29.161911010742188, 23.043554306030273, 20.99614906311035, 19.943145751953125, 22.606700897216797, 22.24409294128418, 26.050247192382812, 23.944168090820312, 25.734941482543945, 20.243751525878906, 24.948442459106445, 25.5732364654541, 20.622251510620117, 18.276195526123047, 25.437862396240234, 22.136699676513672, 20.16892433166504, 23.271270751953125, 23.200103759765625, 18.23345375061035, 18.893539428710938, 24.541959762573242, 21.989307403564453, 20.470539093017578, 24.854511260986328, 26.511638641357422, 21.715682983398438, 19.201828002929688, 21.479534149169922, 30.794357299804688, 22.444828033447266, 21.1296443939209, 22.81998062133789, 21.70223045349121, 25.16536521911621, 21.11710548400879, 24.262939453125, 18.731107711791992, 22.979598999023438, 22.352073669433594, 20.15230369567871, 24.029518127441406, 20.31214714050293, 26.12067222595215, 21.035667419433594, 23.469425201416016, 19.818382263183594, 24.99523162841797, 18.44255256652832, 26.08711051940918, 20.501916885375977, 25.202600479125977, 25.228662490844727, 19.8897762298584, 21.877071380615234, 22.959270477294922, 21.389482498168945, 22.099571228027344, 24.708650588989258, 20.903779983520508, 22.87665367126465, 23.61803436279297, 22.13364028930664, 27.856365203857422],