{
 "expname": "lm_affine_s95",
 "val_loss": 4.079945482313633,
 "ppl": 59.142245463600794,
 "params_M": 16.04839,
 "steps": 12000,
 "tokens": 196608000
}