{"checkpoint": "outputs/r20_gfson_lr64_s95/model_0030000.pth", "num_scenes": 256, "psnr": 23.05669365078211, "lpips": 0.2594828916480765, "psnr_std_err": 0.15325829328421314, "per_scene_psnr": [19.56983757019043, 22.033369064331055, 21.290340423583984, 19.69333839416504, 26.032241821289062, 23.941957473754883, 24.194765090942383, 25.184316635131836, 20.76314926147461, 22.04115104675293, 25.742279052734375, 21.548368453979492, 23.25798797607422, 21.79488182067871, 22.263574600219727, 22.883102416992188, 20.702314376831055, 24.89978790283203, 24.083192825317383, 21.99602508544922, 21.370208740234375, 23.46714973449707, 23.811874389648438, 25.294052124023438, 25.720340728759766, 24.321147918701172, 23.238353729248047, 18.912641525268555, 25.754039764404297, 24.25039291381836, 26.39951515197754, 22.408628463745117, 21.482173919677734, 22.484630584716797, 24.542457580566406, 18.395971298217773, 21.110477447509766, 22.62618064880371, 25.538490295410156, 21.183223724365234, 23.954803466796875, 19.44219207763672, 22.25769805908203, 22.711719512939453, 22.03748321533203, 20.858230590820312, 22.351112365722656, 21.88551902770996, 21.597515106201172, 21.494892120361328, 24.758750915527344, 24.272876739501953, 24.183197021484375, 21.698043823242188, 22.70404815673828, 24.406225204467773, 20.119918823242188, 26.026580810546875, 23.90500831604004, 26.592275619506836, 22.733203887939453, 25.226057052612305, 24.15758514404297, 24.25652503967285, 21.698184967041016, 23.012609481811523, 22.11156463623047, 21.69408416748047, 22.035266876220703, 21.71889305114746, 24.496278762817383, 22.443317413330078, 24.303375244140625, 23.638931274414062, 21.544841766357422, 20.254436492919922, 21.030323028564453, 24.664920806884766, 24.346397399902344, 22.501583099365234, 18.638660430908203, 22.771026611328125, 26.38361930847168, 23.30308723449707, 23.90852928161621, 23.079696655273438, 23.90484619140625, 26.308822631835938, 27.2724552154541, 20.43463706970215, 21.76082420349121, 18.916309356689453, 22.166854858398438, 23.612369537353516, 26.219043731689453, 22.60390281677246, 17.885528564453125, 14.904945373535156, 29.014291763305664, 21.43826675415039, 18.795928955078125, 20.850624084472656, 22.979122161865234, 24.75834846496582, 25.341045379638672, 21.592430114746094, 17.085250854492188, 24.88257598876953, 23.120681762695312, 21.793663024902344, 25.78809356689453, 23.27764129638672, 24.324832916259766, 22.1022891998291, 22.957746505737305, 17.906391143798828, 31.24825668334961, 23.735429763793945, 28.660152435302734, 25.633285522460938, 24.429424285888672, 21.628664016723633, 22.886507034301758, 20.808406829833984, 21.52706527709961, 19.25824737548828, 24.95587158203125, 24.172584533691406, 25.260711669921875, 21.021635055541992, 23.64316749572754, 23.480411529541016, 22.136859893798828, 22.92722511291504, 21.098346710205078, 20.373035430908203, 22.4575138092041, 28.02463722229004, 23.387859344482422, 21.635515213012695, 22.29486083984375, 17.847267150878906, 20.173158645629883, 26.963979721069336, 23.643465042114258, 25.419370651245117, 22.88692855834961, 17.608205795288086, 25.985179901123047, 24.285497665405273, 24.004125595092773, 21.6799373626709, 28.720598220825195, 18.556468963623047, 22.456523895263672, 22.121335983276367, 23.915771484375, 24.58260726928711, 21.389310836791992, 22.077861785888672, 22.129150390625, 21.70309829711914, 24.576335906982422, 22.047813415527344, 19.668989181518555, 24.68549919128418, 21.489177703857422, 25.20907211303711, 22.914867401123047, 25.886394500732422, 25.209129333496094, 22.18313980102539, 25.84912872314453, 26.024188995361328, 22.638076782226562, 21.3096923828125, 24.3305606842041, 25.252490997314453, 23.368637084960938, 22.224302291870117, 24.409162521362305, 21.739051818847656, 19.77782440185547, 22.847909927368164, 26.07175636291504, 21.759521484375, 22.10504913330078, 20.167030334472656, 20.234498977661133, 23.28060531616211, 21.405946731567383, 22.081701278686523, 30.312089920043945, 23.944923400878906, 21.714405059814453, 21.110958099365234, 23.372488021850586, 23.145105361938477, 26.896617889404297, 24.822704315185547, 26.586530685424805, 21.2037296295166, 25.735170364379883, 26.299715042114258, 21.43578338623047, 18.706892013549805, 26.168516159057617, 22.707517623901367, 20.916400909423828, 23.57744026184082, 24.079627990722656, 19.049814224243164, 20.170480728149414, 25.240699768066406, 22.90115737915039, 21.50680923461914, 25.766687393188477, 27.04822540283203, 22.44161605834961, 19.68682098388672, 22.788488388061523, 31.522960662841797, 23.37439727783203, 21.815505981445312, 23.803298950195312, 22.109233856201172, 26.324138641357422, 21.70356559753418, 25.693729400634766, 19.649927139282227, 23.4351749420166, 22.854536056518555, 20.426990509033203, 24.250408172607422, 20.51605987548828, 26.76262855529785, 21.802379608154297, 24.265554428100586, 20.08101463317871, 25.63164710998535, 19.324384689331055, 27.553569793701172, 21.225399017333984, 26.16537857055664, 26.309030532836914, 20.714611053466797, 22.863731384277344, 24.13384437561035, 22.15975570678711, 22.734691619873047, 24.97058868408203, 21.74587631225586, 23.307109832763672, 24.01399803161621, 22.45981216430664, 28.44936752319336],