{"checkpoint": "outputs/r22_d512_l8_s95/model_0030000.pth", "num_scenes": 256, "psnr": 24.118684865534306, "lpips": 0.20647940429626033, "psnr_std_err": 0.16269012231777755, "per_scene_psnr": [21.05024528503418, 23.585947036743164, 22.989389419555664, 20.437498092651367, 26.433082580566406, 25.057432174682617, 25.636478424072266, 26.395036697387695, 21.501733779907227, 23.087270736694336, 27.17877197265625, 22.03054428100586, 24.131607055664062, 22.960721969604492, 23.01770782470703, 24.130882263183594, 21.461801528930664, 26.051589965820312, 24.855260848999023, 22.217998504638672, 22.160343170166016, 25.352046966552734, 24.8203125, 26.86905288696289, 27.613525390625, 25.01508331298828, 24.32809066772461, 19.653553009033203, 26.476856231689453, 25.13388442993164, 27.558202743530273, 22.694578170776367, 22.611175537109375, 23.431015014648438, 25.638301849365234, 18.656200408935547, 21.839244842529297, 23.994487762451172, 26.48902130126953, 21.55819320678711, 24.908369064331055, 20.33379364013672, 23.784805297851562, 23.665266036987305, 23.598468780517578, 21.967876434326172, 23.67232322692871, 23.02373504638672, 22.596336364746094, 21.802509307861328, 26.222434997558594, 25.564208984375, 26.12678337097168, 22.98324966430664, 24.917587280273438, 25.237150192260742, 21.070945739746094, 26.814538955688477, 25.37653923034668, 27.712488174438477, 23.557819366455078, 26.227827072143555, 25.025968551635742, 26.354997634887695, 22.75421142578125, 24.000335693359375, 23.814430236816406, 22.636070251464844, 23.434980392456055, 22.851844787597656, 25.436155319213867, 23.17458152770996, 27.109506607055664, 25.255695343017578, 22.220840454101562, 21.230506896972656, 22.124927520751953, 25.277536392211914, 25.565532684326172, 23.479032516479492, 20.139270782470703, 23.84103012084961, 27.52439308166504, 24.643831253051758, 25.45883560180664, 24.09038543701172, 25.854602813720703, 27.501020431518555, 28.152381896972656, 21.052410125732422, 22.935043334960938, 19.398021697998047, 22.223169326782227, 24.871326446533203, 27.501277923583984, 24.01106071472168, 18.9869441986084, 14.989904403686523, 29.865856170654297, 22.521995544433594, 19.915298461914062, 21.585294723510742, 23.150848388671875, 26.006656646728516, 26.021411895751953, 22.558895111083984, 18.182296752929688, 26.034114837646484, 24.95988655090332, 23.060110092163086, 26.871232986450195, 24.462146759033203, 25.24034881591797, 23.031293869018555, 24.020252227783203, 19.018037796020508, 32.73036575317383, 24.775535583496094, 29.375715255737305, 27.451955795288086, 25.10599136352539, 21.8453369140625, 23.828609466552734, 21.719398498535156, 21.97599220275879, 20.179458618164062, 25.742198944091797, 24.35248374938965, 26.839845657348633, 21.741573333740234, 24.704378128051758, 24.77539825439453, 24.858562469482422, 24.354747772216797, 22.000293731689453, 20.822528839111328, 23.381948471069336, 29.68716812133789, 24.56001091003418, 22.798294067382812, 22.822307586669922, 18.30112075805664, 22.07820701599121, 27.986047744750977, 23.552398681640625, 26.64740753173828, 23.471052169799805, 18.39459228515625, 26.885025024414062, 24.967823028564453, 25.253597259521484, 22.576505661010742, 30.31189727783203, 19.241159439086914, 23.405447006225586, 22.584409713745117, 25.21179962158203, 25.715312957763672, 21.82121467590332, 23.480024337768555, 23.407955169677734, 22.63758659362793, 26.37411117553711, 22.778474807739258, 20.458026885986328, 25.87775993347168, 21.948339462280273, 26.5779972076416, 24.806865692138672, 26.920475006103516, 26.21712875366211, 22.339324951171875, 26.49045181274414, 26.43030548095703, 23.838441848754883, 21.459285736083984, 25.48507308959961, 25.997943878173828, 24.34730339050293, 23.20722198486328, 25.3837890625, 22.954139709472656, 20.655670166015625, 24.091487884521484, 26.698997497558594, 22.571918487548828, 23.081478118896484, 20.70743751525879, 20.716388702392578, 24.474172592163086, 22.094589233398438, 22.525909423828125, 31.98585319519043, 25.575485229492188, 22.454914093017578, 22.16757583618164, 24.424991607666016, 23.92655372619629, 28.620336532592773, 25.552385330200195, 28.359289169311523, 22.16497230529785, 26.59576416015625, 27.15757179260254, 21.902429580688477, 19.874073028564453, 27.251022338867188, 23.30278205871582, 22.305585861206055, 25.27052116394043, 25.71430015563965, 19.240541458129883, 22.175809860229492, 26.50572967529297, 24.322608947753906, 23.42279052734375, 26.755455017089844, 27.953208923339844, 23.245107650756836, 20.89634895324707, 24.432641983032227, 32.33014678955078, 24.062725067138672, 22.763416290283203, 26.257400512695312, 23.48016929626465, 27.540014266967773, 21.964523315429688, 27.736757278442383, 20.445140838623047, 24.007169723510742, 23.28099250793457, 20.981233596801758, 24.60028076171875, 21.738418579101562, 27.815265655517578, 23.453269958496094, 26.016162872314453, 21.22901153564453, 26.741146087646484, 20.69869613647461, 29.074825286865234, 22.182754516601562, 27.733728408813477, 27.883773803710938, 22.25609016418457, 24.040542602539062, 25.217769622802734, 23.366498947143555, 23.57729721069336, 25.37839698791504, 22.950939178466797, 23.886444091796875, 25.475616455078125, 23.483078002929688, 30.608518600463867],