{"checkpoint": "outputs/r21_gf_lr64_s95/model_0030000.pth", "num_scenes": 256, "psnr": 22.773200426250696, "lpips": 0.26482169167138636, "psnr_std_err": 0.1495198166250031, "per_scene_psnr": [19.10275650024414, 21.892948150634766, 20.714014053344727, 19.6147518157959, 25.739526748657227, 23.771066665649414, 23.873674392700195, 24.93515968322754, 20.4024600982666, 21.918336868286133, 25.317373275756836, 21.492828369140625, 22.98773765563965, 21.526090621948242, 21.991943359375, 22.595375061035156, 20.2454776763916, 24.68273162841797, 23.832050323486328, 21.77464485168457, 21.190105438232422, 23.081172943115234, 23.7373046875, 24.955883026123047, 25.08213996887207, 23.767118453979492, 22.865463256835938, 18.736549377441406, 25.467126846313477, 23.701351165771484, 25.897932052612305, 22.170934677124023, 21.565467834472656, 21.97660255432129, 24.00011444091797, 18.096532821655273, 20.845300674438477, 22.277395248413086, 25.045894622802734, 20.626708984375, 23.591827392578125, 19.115192413330078, 21.927188873291016, 22.39907455444336, 21.91848373413086, 20.715673446655273, 22.138137817382812, 21.839420318603516, 21.201194763183594, 21.082103729248047, 24.576515197753906, 24.117467880249023, 23.527345657348633, 21.654813766479492, 22.074737548828125, 24.246536254882812, 19.920467376708984, 25.610958099365234, 23.403358459472656, 26.218740463256836, 22.472625732421875, 24.99575424194336, 23.745927810668945, 23.68963623046875, 21.444259643554688, 22.53648567199707, 21.714553833007812, 21.433345794677734, 22.128986358642578, 21.468002319335938, 24.254032135009766, 22.223617553710938, 25.0222110748291, 23.181861877441406, 21.17889404296875, 20.128297805786133, 20.593284606933594, 24.514892578125, 23.91171646118164, 22.349781036376953, 18.583080291748047, 21.866931915283203, 25.846599578857422, 22.70263671875, 23.52264404296875, 22.91724395751953, 23.459381103515625, 26.105533599853516, 27.01473045349121, 20.231632232666016, 21.83881950378418, 18.654083251953125, 22.0181941986084, 23.31555938720703, 26.29227066040039, 22.313961029052734, 17.537076950073242, 14.854849815368652, 28.527938842773438, 20.976505279541016, 18.486862182617188, 20.565288543701172, 22.596647262573242, 24.12281036376953, 24.951847076416016, 21.39153480529785, 17.1758975982666, 24.469478607177734, 22.722610473632812, 21.163349151611328, 25.101146697998047, 23.11664390563965, 23.930587768554688, 22.131223678588867, 22.595767974853516, 17.611900329589844, 30.73560905456543, 23.272357940673828, 28.275653839111328, 24.916200637817383, 24.101884841918945, 21.372745513916016, 22.891130447387695, 20.820493698120117, 21.447898864746094, 19.210721969604492, 24.874473571777344, 23.891090393066406, 24.91302490234375, 20.637313842773438, 23.706377029418945, 23.354244232177734, 21.99326515197754, 22.585899353027344, 20.77655792236328, 20.253198623657227, 22.38321304321289, 27.408475875854492, 23.12778091430664, 21.120588302612305, 22.247058868408203, 17.587329864501953, 20.359363555908203, 26.681262969970703, 23.587141036987305, 25.242961883544922, 22.652997970581055, 18.309934616088867, 25.740341186523438, 24.013839721679688, 23.91545867919922, 21.572174072265625, 28.572017669677734, 18.52281379699707, 22.392593383789062, 21.7383975982666, 23.654470443725586, 24.375446319580078, 20.988162994384766, 21.575899124145508, 21.69359588623047, 21.485069274902344, 24.06855583190918, 21.761980056762695, 19.4415340423584, 24.31319236755371, 21.2796688079834, 24.826059341430664, 22.464515686035156, 25.581951141357422, 24.761716842651367, 21.956939697265625, 25.767253875732422, 25.95309829711914, 22.374347686767578, 20.92706871032715, 23.97158432006836, 24.9820556640625, 23.08262825012207, 21.86763572692871, 24.213064193725586, 21.64853858947754, 19.199195861816406, 22.364521026611328, 25.920494079589844, 21.367385864257812, 21.761205673217773, 19.88749885559082, 20.102706909179688, 22.831771850585938, 21.13936996459961, 21.880046844482422, 29.904592514038086, 23.746601104736328, 21.36415672302246, 21.011337280273438, 23.213016510009766, 22.857036590576172, 26.1619930267334, 24.337696075439453, 25.761377334594727, 21.21255111694336, 25.46035385131836, 26.030364990234375, 21.212873458862305, 18.612262725830078, 26.01428985595703, 22.382774353027344, 20.789621353149414, 23.495803833007812, 23.752347946166992, 18.97845458984375, 20.2487735748291, 25.041942596435547, 22.55980682373047, 21.211849212646484, 25.382749557495117, 26.824453353881836, 22.0658016204834, 19.53276252746582, 22.823814392089844, 30.884857177734375, 23.1558895111084, 21.462087631225586, 23.63080596923828, 21.630144119262695, 25.801395416259766, 21.26082992553711, 25.230792999267578, 19.590755462646484, 23.05120849609375, 22.47768783569336, 20.206390380859375, 24.03060531616211, 20.271648406982422, 26.37350845336914, 21.218584060668945, 23.597225189208984, 19.750844955444336, 25.36101531982422, 19.116554260253906, 26.981489181518555, 20.95653533935547, 26.121776580810547, 25.90481948852539, 20.932819366455078, 22.483959197998047, 23.625917434692383, 21.82434844970703, 22.568206787109375, 24.781620025634766, 21.209314346313477, 23.124835968017578, 23.82449722290039, 22.423633575439453, 27.926408767700195],