{"checkpoint": "outputs/r14_loop_l2x4_stochdepth_s95/model_0030000.pth", "num_scenes": 256, "psnr": 21.828262627124786, "lpips": 0.30530793784419075, "psnr_std_err": 0.14440405520572455, "per_scene_psnr": [18.351821899414062, 20.737417221069336, 19.76246452331543, 18.56380271911621, 24.62681770324707, 22.7700138092041, 22.57323455810547, 24.16783332824707, 20.010696411132812, 20.825395584106445, 24.237272262573242, 20.55008888244629, 22.143430709838867, 20.46044921875, 21.567888259887695, 21.884300231933594, 19.850568771362305, 23.4581298828125, 23.095523834228516, 21.055084228515625, 19.998119354248047, 21.67830467224121, 22.62249183654785, 23.46855354309082, 24.224681854248047, 22.217761993408203, 22.073537826538086, 17.852123260498047, 24.837186813354492, 23.307811737060547, 24.679893493652344, 21.65292739868164, 20.55923080444336, 21.243227005004883, 22.566635131835938, 17.939804077148438, 19.724023818969727, 21.68381690979004, 24.404813766479492, 19.575136184692383, 22.78955841064453, 17.829139709472656, 20.910146713256836, 21.453659057617188, 20.82780647277832, 20.25817108154297, 21.241418838500977, 20.90886116027832, 20.33970832824707, 20.84014892578125, 22.894359588623047, 23.109094619750977, 22.20989990234375, 20.363996505737305, 20.811880111694336, 23.382017135620117, 19.420991897583008, 24.98928451538086, 22.49488067626953, 25.11453628540039, 21.960351943969727, 24.099063873291016, 22.355335235595703, 22.60869026184082, 20.958194732666016, 21.593299865722656, 20.75727081298828, 20.587566375732422, 21.147510528564453, 20.162059783935547, 23.193973541259766, 21.555471420288086, 23.26974868774414, 22.57148551940918, 20.63652992248535, 19.565937042236328, 20.10501480102539, 23.240901947021484, 23.163249969482422, 21.793434143066406, 17.834001541137695, 20.823518753051758, 24.897533416748047, 21.558517456054688, 21.961381912231445, 21.99136734008789, 22.242586135864258, 25.074546813964844, 26.346025466918945, 19.606115341186523, 20.837404251098633, 18.633459091186523, 21.33588409423828, 22.435195922851562, 24.657241821289062, 20.775392532348633, 16.80167579650879, 14.377277374267578, 27.357704162597656, 19.419811248779297, 18.036869049072266, 19.543807983398438, 22.01211929321289, 23.189022064208984, 24.001981735229492, 20.539356231689453, 17.164243698120117, 23.57672119140625, 21.698959350585938, 20.250768661499023, 23.959720611572266, 21.703876495361328, 23.028217315673828, 20.61142921447754, 21.856592178344727, 17.283748626708984, 29.46279525756836, 22.301158905029297, 27.133377075195312, 23.447040557861328, 22.682392120361328, 20.881256103515625, 21.243398666381836, 20.19099235534668, 20.463350296020508, 18.01175880432129, 24.147056579589844, 22.872962951660156, 24.22538948059082, 20.045461654663086, 22.61195182800293, 22.071815490722656, 19.373579025268555, 21.5614013671875, 19.774015426635742, 19.84272575378418, 21.120323181152344, 26.002824783325195, 22.165760040283203, 20.167530059814453, 21.638023376464844, 17.455358505249023, 18.972976684570312, 25.88057518005371, 22.59088897705078, 24.29853057861328, 22.21664810180664, 15.680862426757812, 24.928386688232422, 22.751760482788086, 22.80068588256836, 20.844310760498047, 27.029224395751953, 17.971458435058594, 21.352880477905273, 21.2912540435791, 22.030353546142578, 23.31448745727539, 20.601055145263672, 21.02956771850586, 20.299346923828125, 20.596759796142578, 23.07920265197754, 21.189483642578125, 19.006324768066406, 23.218088150024414, 21.017349243164062, 23.472213745117188, 21.178516387939453, 24.399669647216797, 24.099285125732422, 21.56905174255371, 24.643356323242188, 25.49966049194336, 21.520687103271484, 19.611417770385742, 22.84112548828125, 24.39811897277832, 22.644412994384766, 20.65458106994629, 23.047006607055664, 20.927207946777344, 18.59246063232422, 21.0928897857666, 25.524459838867188, 21.033000946044922, 20.816747665405273, 19.354324340820312, 19.518878936767578, 22.003738403320312, 20.758420944213867, 21.263816833496094, 28.675535202026367, 22.338411331176758, 20.536869049072266, 19.46782684326172, 21.542011260986328, 21.82168960571289, 25.312644958496094, 22.87824249267578, 24.58310890197754, 19.80352210998535, 24.446088790893555, 25.19159698486328, 20.269329071044922, 17.75069808959961, 25.198001861572266, 21.79214859008789, 19.895309448242188, 22.51764488220215, 22.64440155029297, 18.146636962890625, 18.471399307250977, 23.819961547851562, 21.40179443359375, 19.794906616210938, 24.503108978271484, 26.04078483581543, 20.914474487304688, 18.648984909057617, 21.166887283325195, 30.151615142822266, 21.900177001953125, 20.687397003173828, 22.678377151489258, 21.184040069580078, 24.714757919311523, 20.85818099975586, 22.840938568115234, 18.391111373901367, 22.413524627685547, 21.876270294189453, 19.808130264282227, 23.534250259399414, 19.876916885375977, 25.70781898498535, 20.457443237304688, 22.67705535888672, 19.18976402282715, 24.456016540527344, 18.25067710876465, 25.605175018310547, 19.968852996826172, 24.68529510498047, 24.42110824584961, 19.75733757019043, 21.650440216064453, 22.331504821777344, 20.961721420288086, 21.55777931213379, 24.59963035583496, 20.373855590820312, 22.193588256835938, 22.944068908691406, 21.66021728515625, 26.803922653198242],