{"checkpoint": "outputs/r2_loop_l2x4_carry_rho_s95/model_0030000.pth", "num_scenes": 256, "psnr": 21.726802837103605, "lpips": 0.3008574879495427, "psnr_std_err": 0.14554926732449375, "per_scene_psnr": [18.196197509765625, 20.37582778930664, 19.85785675048828, 18.328765869140625, 22.923019409179688, 22.80327033996582, 22.485015869140625, 24.068126678466797, 19.93573760986328, 20.715438842773438, 23.91244888305664, 20.4429988861084, 22.095481872558594, 20.428388595581055, 21.439746856689453, 21.771499633789062, 19.865421295166016, 23.04693603515625, 23.230134963989258, 21.131391525268555, 19.380189895629883, 22.235496520996094, 22.789113998413086, 23.432493209838867, 24.337690353393555, 22.307716369628906, 21.884017944335938, 17.59239387512207, 24.800207138061523, 23.07855987548828, 24.76148796081543, 21.212600708007812, 20.573822021484375, 20.875999450683594, 22.898658752441406, 17.88306427001953, 19.876873016357422, 21.494314193725586, 24.093341827392578, 19.37660789489746, 22.537246704101562, 17.914968490600586, 20.699026107788086, 21.539867401123047, 20.6731014251709, 20.29617691040039, 21.075637817382812, 20.688369750976562, 20.256027221679688, 20.562429428100586, 22.99250602722168, 22.92049217224121, 22.152263641357422, 20.508380889892578, 20.915630340576172, 23.236997604370117, 19.342144012451172, 24.975730895996094, 22.432861328125, 24.916793823242188, 21.91667938232422, 23.04044532775879, 22.28081703186035, 22.64661979675293, 20.84434700012207, 21.367671966552734, 20.723161697387695, 20.61668586730957, 20.936431884765625, 19.941518783569336, 23.24260902404785, 21.396240234375, 23.341615676879883, 22.36864471435547, 20.61293601989746, 19.462055206298828, 19.81913185119629, 23.034141540527344, 23.072216033935547, 21.768753051757812, 17.83080291748047, 20.604665756225586, 24.756967544555664, 21.76285743713379, 22.08484649658203, 21.82757568359375, 22.264005661010742, 24.931930541992188, 26.395790100097656, 19.315969467163086, 20.631513595581055, 18.465007781982422, 21.093578338623047, 22.53167152404785, 24.3929443359375, 20.25851821899414, 16.640380859375, 14.17207145690918, 27.179996490478516, 19.411209106445312, 17.904979705810547, 19.514522552490234, 21.86725616455078, 22.888092041015625, 23.821008682250977, 20.54979705810547, 16.977811813354492, 23.47824478149414, 21.755189895629883, 20.338918685913086, 24.010543823242188, 21.441791534423828, 22.583072662353516, 20.070289611816406, 21.62203025817871, 17.334199905395508, 29.648353576660156, 22.10666847229004, 26.829626083374023, 23.709190368652344, 22.29619026184082, 20.740535736083984, 21.14893913269043, 20.212120056152344, 20.438976287841797, 18.027097702026367, 24.17563247680664, 22.581363677978516, 24.242219924926758, 19.744312286376953, 22.374937057495117, 22.021265029907227, 19.003795623779297, 21.372957229614258, 19.664409637451172, 19.730335235595703, 21.25812339782715, 26.020828247070312, 22.048845291137695, 20.124530792236328, 21.359853744506836, 17.273300170898438, 19.7354793548584, 25.70857048034668, 22.49036407470703, 24.183456420898438, 22.11032485961914, 15.123053550720215, 24.80975914001465, 22.59830665588379, 22.46527099609375, 20.909452438354492, 27.247360229492188, 17.491165161132812, 21.76129150390625, 21.173315048217773, 22.138164520263672, 23.180126190185547, 20.441471099853516, 21.07162857055664, 20.2180118560791, 20.677364349365234, 23.031919479370117, 20.8989315032959, 18.748884201049805, 23.225181579589844, 20.77519989013672, 23.599475860595703, 21.180105209350586, 24.314834594726562, 23.958431243896484, 21.415327072143555, 25.158721923828125, 25.043039321899414, 21.349639892578125, 19.463308334350586, 22.826431274414062, 24.422260284423828, 22.4039363861084, 20.674726486206055, 23.131296157836914, 20.44732666015625, 18.28669548034668, 21.000001907348633, 25.165300369262695, 21.00609588623047, 20.5509090423584, 19.234403610229492, 19.513418197631836, 21.910764694213867, 20.76145362854004, 21.166015625, 28.80158233642578, 22.409217834472656, 20.49996566772461, 19.407428741455078, 21.696985244750977, 21.816511154174805, 25.391080856323242, 23.12799072265625, 24.54958152770996, 19.76151466369629, 24.444568634033203, 24.856731414794922, 20.275020599365234, 17.77540397644043, 25.113861083984375, 21.64405059814453, 19.473712921142578, 22.496278762817383, 22.55405616760254, 17.536584854125977, 18.568403244018555, 23.808773040771484, 21.373302459716797, 20.100317001342773, 24.505638122558594, 25.883670806884766, 21.267208099365234, 18.536977767944336, 21.192846298217773, 29.955238342285156, 21.706085205078125, 20.72307586669922, 22.22835922241211, 21.21952247619629, 23.868610382080078, 20.91181755065918, 23.577075958251953, 18.259368896484375, 22.38300323486328, 21.809919357299805, 19.743398666381836, 23.41853904724121, 19.85171890258789, 25.598731994628906, 20.48462677001953, 22.747478485107422, 19.037944793701172, 24.497344970703125, 18.125062942504883, 25.70516586303711, 19.828712463378906, 24.519821166992188, 24.334949493408203, 19.691097259521484, 21.525049209594727, 22.087242126464844, 20.909683227539062, 21.41522216796875, 24.475812911987305, 19.98828125, 21.33365249633789, 23.015457153320312, 21.172508239746094, 26.972522735595703],