{"checkpoint": "outputs/r17_ep2gs_kdtraj_s95/model_0030000.pth", "num_scenes": 256, "psnr": 22.48648976907134, "lpips": 0.2808936337241903, "psnr_std_err": 0.14939509536784792, "per_scene_psnr": [19.14870262145996, 20.957338333129883, 20.929166793823242, 19.191171646118164, 24.217243194580078, 23.517303466796875, 23.404415130615234, 24.787473678588867, 20.37484359741211, 21.32904815673828, 24.963443756103516, 21.05587387084961, 22.81401824951172, 21.332292556762695, 22.030357360839844, 22.519855499267578, 20.551925659179688, 23.88515853881836, 23.966323852539062, 21.549558639526367, 20.468353271484375, 23.10614776611328, 23.085140228271484, 24.34453582763672, 25.366727828979492, 22.821924209594727, 22.553518295288086, 18.355854034423828, 25.58426856994629, 23.868640899658203, 25.529565811157227, 22.01980209350586, 21.18160057067871, 22.000391006469727, 23.345901489257812, 18.247358322143555, 20.454999923706055, 22.41468620300293, 24.994033813476562, 19.708898544311523, 23.42057228088379, 18.724464416503906, 21.231138229370117, 22.156808853149414, 21.298349380493164, 20.82815933227539, 21.955039978027344, 21.307113647460938, 21.198957443237305, 21.34486961364746, 23.710163116455078, 23.85902214050293, 23.43168067932129, 20.78986930847168, 22.08849334716797, 23.799345016479492, 20.23359489440918, 25.8344669342041, 23.297460556030273, 25.767925262451172, 22.458467483520508, 24.161176681518555, 23.14935874938965, 23.947771072387695, 21.557010650634766, 22.07992172241211, 21.67219352722168, 21.303340911865234, 21.661664962768555, 20.88340950012207, 23.93896484375, 22.267166137695312, 23.86302947998047, 23.594478607177734, 21.21116828918457, 20.2281551361084, 20.42669677734375, 23.831405639648438, 23.719165802001953, 22.448162078857422, 18.39034080505371, 21.7777042388916, 25.319522857666016, 22.762226104736328, 23.270952224731445, 22.492074966430664, 23.34749412536621, 25.633769989013672, 26.97660255432129, 19.94881820678711, 21.351600646972656, 18.834266662597656, 21.65095329284668, 23.247098922729492, 25.795570373535156, 21.501253128051758, 17.377859115600586, 14.713982582092285, 27.72762107849121, 20.483797073364258, 18.61568832397461, 19.977134704589844, 22.384634017944336, 23.9185791015625, 24.478862762451172, 21.134443283081055, 17.299484252929688, 24.367286682128906, 22.52914047241211, 21.133258819580078, 24.681692123413086, 22.384632110595703, 23.688385009765625, 21.348419189453125, 22.475547790527344, 17.947229385375977, 30.246196746826172, 23.115751266479492, 27.911762237548828, 24.676143646240234, 23.255783081054688, 20.95248031616211, 21.964874267578125, 20.68347930908203, 20.970956802368164, 18.631040573120117, 24.627613067626953, 23.558574676513672, 24.69034194946289, 20.563261032104492, 22.93520164489746, 23.03603172302246, 19.86800765991211, 22.078102111816406, 20.560344696044922, 20.187482833862305, 21.969539642333984, 27.223520278930664, 23.015811920166016, 20.702346801757812, 21.976627349853516, 17.67451286315918, 20.11516571044922, 26.52553939819336, 23.116228103637695, 24.692787170410156, 22.888202667236328, 16.256977081298828, 25.62187957763672, 23.416173934936523, 23.22705841064453, 21.484981536865234, 28.315288543701172, 18.0790958404541, 22.121082305908203, 21.777828216552734, 23.05065155029297, 23.71783447265625, 20.58384895324707, 21.939870834350586, 21.18146514892578, 21.236722946166992, 24.2628173828125, 21.497220993041992, 19.484111785888672, 23.854373931884766, 21.654626846313477, 24.494468688964844, 22.19780158996582, 25.109024047851562, 24.959325790405273, 21.91482925415039, 25.302776336669922, 25.80514907836914, 22.01328468322754, 20.338897705078125, 23.730241775512695, 24.995250701904297, 23.1807861328125, 21.375274658203125, 23.811260223388672, 21.00408935546875, 18.935321807861328, 22.291404724121094, 25.890270233154297, 21.45787239074707, 21.520051956176758, 19.852527618408203, 19.975671768188477, 22.778614044189453, 21.270835876464844, 21.580196380615234, 29.637737274169922, 23.14114761352539, 21.27291488647461, 20.632991790771484, 22.572128295898438, 22.570207595825195, 26.469593048095703, 24.11800765991211, 25.74282455444336, 20.43457794189453, 25.017358779907227, 25.797452926635742, 20.878582000732422, 18.317459106445312, 25.837175369262695, 22.295286178588867, 20.416118621826172, 23.13408851623535, 23.65393829345703, 18.149747848510742, 19.004671096801758, 24.526235580444336, 22.524473190307617, 21.124725341796875, 25.147504806518555, 26.585277557373047, 21.473865509033203, 18.952220916748047, 21.796794891357422, 30.873756408691406, 22.409374237060547, 21.358436584472656, 23.08551788330078, 21.71710777282715, 25.13127326965332, 21.277406692504883, 24.739185333251953, 18.98328399658203, 23.061141967773438, 22.426774978637695, 20.112382888793945, 23.990291595458984, 20.544723510742188, 26.33281898498535, 21.50151252746582, 23.91525650024414, 19.819103240966797, 25.088159561157227, 18.868301391601562, 26.537702560424805, 20.52450180053711, 25.32898712158203, 25.515222549438477, 20.143611907958984, 22.20821189880371, 23.034832000732422, 21.562828063964844, 22.096899032592773, 24.901668548583984, 20.8912353515625, 22.466106414794922, 23.972576141357422, 22.045597076416016, 28.261642456054688],