{"checkpoint": "outputs/r17_ep2gs_kdtraj_s95/model_0030000.pth", "num_scenes": 256, "psnr": 22.482545860111713, "lpips": 0.28121311974246055, "psnr_std_err": 0.14940676347152299, "per_scene_psnr": [19.14145278930664, 20.9487247467041, 20.93149185180664, 19.1870059967041, 24.195005416870117, 23.49761962890625, 23.411758422851562, 24.78573226928711, 20.370542526245117, 21.336734771728516, 24.953487396240234, 21.048389434814453, 22.80500602722168, 21.337928771972656, 22.034061431884766, 22.524492263793945, 20.553279876708984, 23.881425857543945, 23.932491302490234, 21.553041458129883, 20.44883918762207, 23.100282669067383, 23.06768798828125, 24.307268142700195, 25.358562469482422, 22.814311981201172, 22.53852081298828, 18.351242065429688, 25.573192596435547, 23.86408805847168, 25.502830505371094, 22.003799438476562, 21.216320037841797, 22.0283203125, 23.34465789794922, 18.24734115600586, 20.45989990234375, 22.412063598632812, 24.981189727783203, 19.72238540649414, 23.420825958251953, 18.72580909729004, 21.229040145874023, 22.163040161132812, 21.272804260253906, 20.839656829833984, 21.97277069091797, 21.28939437866211, 21.18316650390625, 21.35317039489746, 23.711671829223633, 23.859664916992188, 23.429468154907227, 20.794782638549805, 22.09231185913086, 23.800521850585938, 20.233163833618164, 25.82660675048828, 23.275890350341797, 25.755897521972656, 22.468963623046875, 24.18473243713379, 23.1710147857666, 23.938520431518555, 21.544795989990234, 22.091896057128906, 21.64597511291504, 21.280317306518555, 21.66053009033203, 20.882558822631836, 23.92430305480957, 22.27823257446289, 23.864086151123047, 23.5956974029541, 21.22035789489746, 20.21784782409668, 20.44396209716797, 23.814712524414062, 23.717510223388672, 22.439699172973633, 18.406917572021484, 21.776119232177734, 25.32638168334961, 22.75588035583496, 23.253856658935547, 22.461063385009766, 23.33405303955078, 25.63843536376953, 26.983854293823242, 19.943199157714844, 21.354339599609375, 18.828664779663086, 21.631004333496094, 23.23295783996582, 25.760143280029297, 21.47296714782715, 17.37668228149414, 14.697620391845703, 27.759294509887695, 20.465564727783203, 18.61400032043457, 19.968456268310547, 22.367630004882812, 23.9195613861084, 24.44595718383789, 21.11675453186035, 17.28304672241211, 24.355880737304688, 22.51734161376953, 21.13311004638672, 24.667282104492188, 22.395822525024414, 23.681669235229492, 21.329973220825195, 22.47648048400879, 17.947908401489258, 30.246593475341797, 23.13751220703125, 27.886444091796875, 24.678630828857422, 23.2414608001709, 20.95883560180664, 21.972686767578125, 20.652320861816406, 20.979097366333008, 18.628067016601562, 24.64798355102539, 23.562679290771484, 24.691450119018555, 20.55278968811035, 22.92006492614746, 23.051240921020508, 19.895341873168945, 22.09040641784668, 20.555465698242188, 20.183761596679688, 21.967079162597656, 27.22491455078125, 23.00086784362793, 20.698680877685547, 21.999439239501953, 17.67436981201172, 20.085145950317383, 26.550920486450195, 23.09829330444336, 24.69124984741211, 22.884784698486328, 16.249935150146484, 25.630752563476562, 23.411481857299805, 23.233755111694336, 21.468120574951172, 28.3446044921875, 18.059789657592773, 22.125703811645508, 21.774215698242188, 23.063297271728516, 23.71278953552246, 20.563222885131836, 21.935474395751953, 21.180866241455078, 21.24673080444336, 24.249073028564453, 21.491771697998047, 19.491559982299805, 23.86656951904297, 21.655101776123047, 24.479793548583984, 22.175424575805664, 25.119346618652344, 24.94478416442871, 21.904556274414062, 25.258310317993164, 25.811176300048828, 22.019365310668945, 20.33312225341797, 23.72705841064453, 25.00459861755371, 23.179641723632812, 21.375205993652344, 23.8260555267334, 20.99773406982422, 18.915292739868164, 22.272754669189453, 25.891714096069336, 21.457958221435547, 21.524808883666992, 19.84638023376465, 19.98621940612793, 22.763511657714844, 21.26837730407715, 21.582305908203125, 29.62970733642578, 23.135299682617188, 21.278148651123047, 20.606712341308594, 22.565677642822266, 22.555030822753906, 26.46640968322754, 24.106975555419922, 25.735036849975586, 20.42007827758789, 24.99252700805664, 25.7808780670166, 20.886703491210938, 18.307912826538086, 25.826934814453125, 22.283485412597656, 20.433626174926758, 23.109006881713867, 23.654239654541016, 18.1503963470459, 19.003984451293945, 24.508058547973633, 22.52518653869629, 21.121461868286133, 25.1212215423584, 26.588104248046875, 21.482765197753906, 18.972623825073242, 21.791912078857422, 30.908584594726562, 22.396833419799805, 21.353866577148438, 23.097023010253906, 21.730182647705078, 25.12117576599121, 21.27073097229004, 24.726770401000977, 18.985363006591797, 23.0644588470459, 22.425029754638672, 20.102834701538086, 24.004840850830078, 20.542484283447266, 26.308870315551758, 21.495208740234375, 23.89518928527832, 19.815210342407227, 25.11171531677246, 18.858434677124023, 26.524133682250977, 20.510631561279297, 25.323381423950195, 25.51492691040039, 20.129812240600586, 22.205591201782227, 23.028871536254883, 21.5554256439209, 22.100923538208008, 24.901214599609375, 20.885555267333984, 22.451608657836914, 23.967975616455078, 22.031679153442383, 28.24848175048828],