{"checkpoint": "outputs/r22_d512_gf_lr64_s96/model_0030000.pth", "num_scenes": 256, "psnr": 24.28510296717286, "lpips": 0.20503892039414495, "psnr_std_err": 0.16772465679121812, "per_scene_psnr": [21.078731536865234, 23.829662322998047, 23.286537170410156, 20.192792892456055, 26.09238052368164, 25.482824325561523, 25.790185928344727, 26.661277770996094, 21.563920974731445, 22.96438980102539, 27.4399471282959, 22.436635971069336, 24.45182991027832, 23.243099212646484, 23.132312774658203, 24.151926040649414, 21.51706314086914, 25.73472785949707, 25.526220321655273, 23.07366943359375, 22.341201782226562, 25.798599243164062, 24.789081573486328, 27.227493286132812, 27.98921775817871, 25.400999069213867, 24.405136108398438, 19.529382705688477, 26.552688598632812, 25.178634643554688, 27.767494201660156, 23.00540542602539, 22.7259521484375, 23.4984130859375, 26.017059326171875, 19.19977378845215, 21.87201499938965, 24.175800323486328, 26.796234130859375, 21.47132682800293, 25.221128463745117, 20.538732528686523, 23.82216453552246, 23.860679626464844, 23.637718200683594, 21.82867431640625, 23.954853057861328, 23.043926239013672, 22.577150344848633, 22.34292984008789, 26.838836669921875, 25.855180740356445, 26.487455368041992, 23.1752872467041, 25.233613967895508, 25.26421356201172, 21.33121681213379, 26.96282196044922, 25.67249298095703, 27.857303619384766, 23.767850875854492, 26.255369186401367, 25.68824577331543, 26.657798767089844, 22.84151840209961, 24.031400680541992, 24.10952377319336, 22.7222843170166, 23.81317901611328, 23.20888328552246, 25.633516311645508, 23.493175506591797, 27.472078323364258, 25.565969467163086, 22.440441131591797, 21.207557678222656, 21.741304397583008, 25.29813003540039, 25.016660690307617, 23.55600357055664, 19.509336471557617, 23.69482421875, 27.162517547607422, 24.99519157409668, 25.726186752319336, 24.266571044921875, 26.15699005126953, 27.40186882019043, 28.30112075805664, 21.106426239013672, 23.043853759765625, 19.32248306274414, 22.184532165527344, 25.039655685424805, 27.810632705688477, 24.062328338623047, 19.071500778198242, 15.170445442199707, 30.23078727722168, 22.87235450744629, 19.951663970947266, 21.78459358215332, 23.661945343017578, 26.530168533325195, 26.381839752197266, 22.830753326416016, 17.627525329589844, 26.180076599121094, 25.164104461669922, 23.272001266479492, 26.740413665771484, 24.627086639404297, 25.356281280517578, 22.831504821777344, 24.144161224365234, 19.03049659729004, 33.011268615722656, 24.95889663696289, 29.566730499267578, 27.901973724365234, 25.133590698242188, 21.72854232788086, 24.07559585571289, 22.046968460083008, 22.394695281982422, 19.779664993286133, 25.696706771850586, 24.564102172851562, 25.647903442382812, 22.08695411682129, 24.815595626831055, 25.004722595214844, 24.425928115844727, 24.291717529296875, 22.358762741088867, 21.008777618408203, 23.584205627441406, 30.13202667236328, 24.86132049560547, 22.80693817138672, 22.86075782775879, 18.279375076293945, 21.726980209350586, 27.956140518188477, 24.2923583984375, 26.805208206176758, 23.506851196289062, 17.838350296020508, 27.04793930053711, 25.339431762695312, 25.46858024597168, 22.681615829467773, 31.06816864013672, 19.78145408630371, 23.680416107177734, 22.85626220703125, 25.491952896118164, 25.909069061279297, 21.78535270690918, 23.483524322509766, 23.72085189819336, 22.608291625976562, 26.83841323852539, 23.031538009643555, 20.45377540588379, 26.05755043029785, 22.26833152770996, 26.706981658935547, 25.268043518066406, 27.38336944580078, 26.48688507080078, 22.414262771606445, 26.9959659576416, 26.769866943359375, 24.045040130615234, 22.318876266479492, 25.78099250793457, 26.079397201538086, 24.6308536529541, 23.601892471313477, 25.358774185180664, 22.70489501953125, 20.75322151184082, 24.343231201171875, 26.854412078857422, 22.145145416259766, 23.245458602905273, 20.72505760192871, 20.70072364807129, 24.613569259643555, 22.178997039794922, 22.838871002197266, 32.16095733642578, 26.130977630615234, 22.52721405029297, 23.018476486206055, 24.673015594482422, 24.148151397705078, 28.87291145324707, 26.341781616210938, 28.830074310302734, 22.397489547729492, 26.917011260986328, 27.316377639770508, 22.15009880065918, 19.874530792236328, 27.456180572509766, 23.452823638916016, 22.23877716064453, 25.480587005615234, 25.98344612121582, 19.56968879699707, 21.88072967529297, 26.98573112487793, 24.66222381591797, 23.627023696899414, 27.4606876373291, 28.321773529052734, 23.367958068847656, 20.871376037597656, 24.170591354370117, 32.92100524902344, 24.597850799560547, 23.10124969482422, 26.211589813232422, 23.175785064697266, 27.403200149536133, 22.342405319213867, 28.51799774169922, 20.64765167236328, 24.046228408813477, 23.34568977355957, 20.911640167236328, 24.779552459716797, 21.712656021118164, 28.055789947509766, 23.570148468017578, 26.256175994873047, 21.44580841064453, 27.052534103393555, 20.758161544799805, 29.871721267700195, 22.23389434814453, 27.521522521972656, 28.27545928955078, 21.990280151367188, 23.92035675048828, 25.106517791748047, 23.40115737915039, 24.149089813232422, 25.407323837280273, 22.815563201904297, 23.88136863708496, 25.690814971923828, 23.64385986328125, 31.005189895629883],