{"checkpoint": "outputs/r7_loop_l2x6_sup_s95/model_0030000.pth", "num_scenes": 256, "psnr": 22.781430542469025, "lpips": 0.27183814550517127, "psnr_std_err": 0.15016262273459766, "per_scene_psnr": [19.435182571411133, 21.60602378845215, 21.074705123901367, 19.522706985473633, 25.713594436645508, 23.88916778564453, 23.756179809570312, 25.110246658325195, 20.662153244018555, 21.73773956298828, 25.242021560668945, 21.161258697509766, 23.150245666503906, 21.63115692138672, 22.173629760742188, 22.59450912475586, 20.53908920288086, 24.65691375732422, 23.690404891967773, 21.743371963500977, 21.10638427734375, 23.086891174316406, 23.527633666992188, 24.505756378173828, 25.565881729125977, 23.332805633544922, 22.87564468383789, 18.670398712158203, 25.654884338378906, 24.148942947387695, 25.89566421508789, 22.17206573486328, 21.561716079711914, 22.03387451171875, 23.90933609008789, 18.36766815185547, 20.58460235595703, 22.644407272338867, 25.168392181396484, 20.564334869384766, 23.697834014892578, 19.17416763305664, 21.719032287597656, 22.22803497314453, 21.331851959228516, 20.824831008911133, 22.23175811767578, 21.831018447875977, 21.319419860839844, 21.339282989501953, 24.20120620727539, 24.15168571472168, 23.635156631469727, 21.4442138671875, 22.288440704345703, 24.095327377319336, 20.157665252685547, 25.95707893371582, 23.603952407836914, 26.143890380859375, 22.69122314453125, 25.234365463256836, 23.644119262695312, 24.154071807861328, 21.723648071289062, 22.504337310791016, 21.85900115966797, 21.423805236816406, 22.312395095825195, 21.23089599609375, 24.25112533569336, 22.34149742126465, 24.597854614257812, 23.63359260559082, 21.39846420288086, 20.35793685913086, 20.54629135131836, 24.303667068481445, 23.841211318969727, 22.452011108398438, 18.613494873046875, 22.227848052978516, 25.662063598632812, 23.070999145507812, 23.24920654296875, 22.866439819335938, 23.64375114440918, 25.985336303710938, 27.11296844482422, 20.20425033569336, 21.630218505859375, 18.889753341674805, 21.972322463989258, 23.39141082763672, 26.07205581665039, 21.76041603088379, 17.66024398803711, 14.61970329284668, 28.36461067199707, 20.667842864990234, 18.820600509643555, 20.50111961364746, 22.6083927154541, 24.227144241333008, 24.86536407470703, 21.488569259643555, 17.337560653686523, 24.727588653564453, 22.80391502380371, 21.31328773498535, 24.99088478088379, 22.97447395324707, 23.9796142578125, 21.836483001708984, 22.762142181396484, 18.03293800354004, 30.587970733642578, 23.375667572021484, 28.1649227142334, 24.99489974975586, 23.475248336791992, 21.354915618896484, 22.441137313842773, 20.825225830078125, 21.374671936035156, 19.056350708007812, 24.86457633972168, 23.762935638427734, 24.630550384521484, 20.809532165527344, 23.22382164001465, 23.20840072631836, 21.173723220825195, 22.414243698120117, 20.716161727905273, 20.312822341918945, 22.376920700073242, 27.597429275512695, 23.111194610595703, 21.174560546875, 22.11002540588379, 17.87514877319336, 20.22453498840332, 26.852432250976562, 23.14518165588379, 24.905874252319336, 22.893640518188477, 17.227296829223633, 25.862627029418945, 23.967809677124023, 23.88632583618164, 21.735919952392578, 28.75625228881836, 18.318984985351562, 22.305395126342773, 21.924243927001953, 23.436010360717773, 24.313209533691406, 20.94236183166504, 21.925586700439453, 21.711135864257812, 21.495243072509766, 24.399375915527344, 22.09442901611328, 19.594558715820312, 24.25255584716797, 21.62696075439453, 24.84524154663086, 22.43105697631836, 25.42994499206543, 25.228275299072266, 22.15462875366211, 25.490020751953125, 25.95322036743164, 22.412761688232422, 20.770503997802734, 24.09722328186035, 25.22655487060547, 23.414329528808594, 21.819286346435547, 24.142459869384766, 21.617334365844727, 19.228445053100586, 22.51818084716797, 26.082233428955078, 21.801193237304688, 21.830957412719727, 20.07307243347168, 19.984424591064453, 22.985000610351562, 21.37234115600586, 21.845794677734375, 29.957477569580078, 23.59937858581543, 21.480161666870117, 20.6712703704834, 22.92812156677246, 22.860626220703125, 26.710912704467773, 24.242612838745117, 26.080398559570312, 20.76324462890625, 25.355918884277344, 26.10185432434082, 21.327848434448242, 18.511489868164062, 26.01334571838379, 22.466257095336914, 20.563955307006836, 23.67902374267578, 23.87308120727539, 18.79175567626953, 19.537979125976562, 24.89763641357422, 22.831754684448242, 21.379594802856445, 25.46988296508789, 26.972843170166016, 22.09311294555664, 19.506513595581055, 21.991146087646484, 30.800682067871094, 22.745697021484375, 21.545455932617188, 23.55961036682129, 22.099720001220703, 25.877849578857422, 21.417009353637695, 24.91741371154785, 19.086488723754883, 23.269899368286133, 22.644969940185547, 20.366498947143555, 24.275127410888672, 20.710113525390625, 26.601829528808594, 21.628990173339844, 24.002676010131836, 20.0156307220459, 25.384719848632812, 19.043678283691406, 26.954248428344727, 20.821020126342773, 25.994144439697266, 25.812000274658203, 20.598529815673828, 22.543413162231445, 23.556610107421875, 21.913066864013672, 22.443008422851562, 24.96605110168457, 21.095626831054688, 23.049850463867188, 23.918630599975586, 22.511783599853516, 28.36952018737793],