{"checkpoint": "outputs/r20_film_sup_s95/model_0030000.pth", "num_scenes": 256, "psnr": 22.65151084959507, "lpips": 0.2740922967204824, "psnr_std_err": 0.15185327842444735, "per_scene_psnr": [19.16139030456543, 21.45845603942871, 20.900394439697266, 19.11151695251465, 25.1741886138916, 23.687850952148438, 23.723644256591797, 25.001976013183594, 20.586711883544922, 21.639129638671875, 25.227157592773438, 21.132186889648438, 22.960721969604492, 21.45294189453125, 22.09341812133789, 22.52271270751953, 20.29688262939453, 24.539709091186523, 23.586666107177734, 21.483779907226562, 20.851743698120117, 23.130115509033203, 23.668489456176758, 24.628591537475586, 25.473173141479492, 23.3394718170166, 22.862911224365234, 18.374500274658203, 25.48478889465332, 23.875797271728516, 25.807899475097656, 22.007041931152344, 21.26185417175293, 22.053016662597656, 23.770809173583984, 18.156558990478516, 20.789257049560547, 22.30868148803711, 25.152223587036133, 20.498268127441406, 23.575252532958984, 19.02918243408203, 21.994705200195312, 22.26041030883789, 21.1409854888916, 20.724220275878906, 22.102519989013672, 21.44235610961914, 21.121320724487305, 21.210491180419922, 24.05716323852539, 23.987943649291992, 23.515731811523438, 21.0793514251709, 22.274097442626953, 24.220008850097656, 20.02645492553711, 25.410625457763672, 23.32981300354004, 26.22370719909668, 22.473590850830078, 25.151975631713867, 23.57473373413086, 23.796382904052734, 21.538410186767578, 22.38722801208496, 21.787403106689453, 21.325578689575195, 21.66459083557129, 21.04650115966797, 24.043245315551758, 22.061159133911133, 24.214027404785156, 23.432987213134766, 21.340473175048828, 20.016277313232422, 20.573440551757812, 24.03409767150879, 23.824745178222656, 22.18956184387207, 18.610157012939453, 22.31287384033203, 25.567859649658203, 22.88302230834961, 23.325483322143555, 22.55413246154785, 23.453645706176758, 25.86902618408203, 27.09258270263672, 20.012680053710938, 21.398250579833984, 18.84312629699707, 21.75398063659668, 23.41721534729004, 26.01473045349121, 21.719797134399414, 17.450164794921875, 14.842000961303711, 28.281166076660156, 20.845630645751953, 18.608278274536133, 20.300296783447266, 22.436328887939453, 24.362022399902344, 24.888256072998047, 21.325927734375, 16.794889450073242, 24.395172119140625, 23.00685691833496, 21.20126724243164, 25.119735717773438, 22.799673080444336, 24.014923095703125, 21.491046905517578, 22.623058319091797, 17.74530029296875, 30.682523727416992, 23.165071487426758, 28.11166000366211, 25.034286499023438, 23.87701988220215, 21.036794662475586, 22.212514877319336, 20.49575424194336, 21.135887145996094, 18.931316375732422, 24.68583106994629, 23.561962127685547, 24.778579711914062, 20.715728759765625, 23.14008331298828, 23.128416061401367, 21.10191535949707, 22.461450576782227, 20.727272033691406, 20.324440002441406, 22.092065811157227, 27.412513732910156, 22.903825759887695, 21.10934066772461, 21.988542556762695, 17.703916549682617, 20.075511932373047, 26.572113037109375, 23.043476104736328, 24.757373809814453, 22.661697387695312, 16.38080406188965, 25.741168975830078, 23.695402145385742, 23.673809051513672, 21.53003692626953, 28.61753273010254, 18.312461853027344, 22.32822036743164, 21.716976165771484, 23.403425216674805, 24.051658630371094, 20.967647552490234, 21.803558349609375, 21.648632049560547, 21.3559627532959, 24.298709869384766, 21.701499938964844, 19.431827545166016, 24.191682815551758, 21.452972412109375, 24.795053482055664, 22.218212127685547, 25.24340057373047, 24.939830780029297, 21.782489776611328, 25.49408721923828, 25.73772430419922, 22.574066162109375, 20.66358184814453, 23.941213607788086, 25.162437438964844, 22.911672592163086, 21.807289123535156, 24.04203224182129, 21.61086082458496, 19.23173713684082, 22.30636978149414, 26.105785369873047, 21.384641647338867, 21.508752822875977, 19.920703887939453, 19.861980438232422, 22.889392852783203, 21.117019653320312, 21.71270179748535, 29.78174591064453, 23.514938354492188, 21.287036895751953, 20.6212215423584, 23.309919357299805, 22.669597625732422, 26.53272247314453, 24.24325942993164, 26.264942169189453, 20.663768768310547, 25.324024200439453, 25.927715301513672, 20.93752670288086, 18.338876724243164, 25.817556381225586, 22.282432556152344, 20.514564514160156, 23.763587951660156, 23.578651428222656, 18.79730987548828, 19.148080825805664, 24.980867385864258, 22.418298721313477, 20.980806350708008, 25.364980697631836, 26.815330505371094, 22.00872230529785, 19.49406623840332, 22.052593231201172, 31.160715103149414, 22.65005874633789, 21.510515213012695, 23.42000961303711, 21.78342628479004, 25.988540649414062, 21.408119201660156, 24.79489517211914, 18.970430374145508, 23.270950317382812, 22.421401977539062, 20.321170806884766, 24.145614624023438, 20.549396514892578, 26.4189510345459, 21.41921043395996, 23.82091522216797, 20.25476837158203, 25.31345558166504, 18.766666412353516, 26.734859466552734, 20.8515625, 25.43829345703125, 25.873218536376953, 20.21155548095703, 22.277973175048828, 23.50734519958496, 21.721803665161133, 22.373044967651367, 24.83415985107422, 21.14834976196289, 23.064462661743164, 23.836166381835938, 22.290342330932617, 28.103431701660156],