{"checkpoint": "outputs/r15_loop_l2x4_fusedreadout_s95/model_0030000.pth", "num_scenes": 256, "psnr": 22.239183641970158, "lpips": 0.28726471948903054, "psnr_std_err": 0.1485983081964757, "per_scene_psnr": [18.755958557128906, 20.992830276489258, 20.394981384277344, 19.159936904907227, 24.59007453918457, 23.269014358520508, 23.09314727783203, 24.58261489868164, 20.27257537841797, 21.265178680419922, 24.68834686279297, 20.88334083557129, 22.620193481445312, 20.934226989746094, 21.979660034179688, 22.126399993896484, 20.202022552490234, 23.669532775878906, 23.389204025268555, 21.337722778320312, 20.48252296447754, 22.590845108032227, 23.04680061340332, 24.1669921875, 24.905441284179688, 22.761428833007812, 22.265037536621094, 18.004419326782227, 25.184972763061523, 23.6007022857666, 25.275218963623047, 21.77233123779297, 20.742633819580078, 21.48097038269043, 23.26507568359375, 18.226619720458984, 20.201051712036133, 22.07231903076172, 24.58397102355957, 19.97076416015625, 22.921390533447266, 18.367158889770508, 21.253602981567383, 21.94389533996582, 21.07723617553711, 20.508075714111328, 21.67584991455078, 21.139625549316406, 20.78809356689453, 21.03105354309082, 23.386966705322266, 23.415489196777344, 22.801408767700195, 20.75191879272461, 21.588966369628906, 23.8034725189209, 19.796579360961914, 25.30752944946289, 22.787235260009766, 25.833608627319336, 22.250823974609375, 24.26047134399414, 23.166196823120117, 23.121862411499023, 21.280231475830078, 22.051504135131836, 21.202899932861328, 20.9371337890625, 21.264671325683594, 20.556058883666992, 23.741050720214844, 21.8153018951416, 24.184267044067383, 22.958078384399414, 20.96830177307129, 19.808509826660156, 20.194774627685547, 23.501678466796875, 23.573089599609375, 22.17876625061035, 18.203689575195312, 21.591880798339844, 25.32193946838379, 22.386682510375977, 22.70421028137207, 22.324275970458984, 22.867429733276367, 25.569639205932617, 26.710105895996094, 19.66285514831543, 20.84157943725586, 18.602293014526367, 21.400453567504883, 22.94049072265625, 25.536630630493164, 21.534700393676758, 17.05929946899414, 14.699638366699219, 27.70882797241211, 20.05914306640625, 18.140954971313477, 19.9855899810791, 22.40877914428711, 23.694232940673828, 24.259958267211914, 20.896451950073242, 16.889179229736328, 24.05845832824707, 22.342206954956055, 20.706600189208984, 24.849653244018555, 22.119617462158203, 23.45493507385254, 21.14065933227539, 22.227096557617188, 17.71531105041504, 30.313032150268555, 22.88323974609375, 27.740049362182617, 24.530860900878906, 22.94610023498535, 21.281030654907227, 21.976985931396484, 20.29522132873535, 20.773706436157227, 18.642709732055664, 24.62580108642578, 23.15366554260254, 24.46750831604004, 20.26507568359375, 22.704221725463867, 22.545372009277344, 20.48041343688965, 21.841445922851562, 20.296932220458984, 20.047521591186523, 21.850555419921875, 26.88096046447754, 22.44133186340332, 20.423118591308594, 21.91135025024414, 17.490169525146484, 19.5634765625, 26.212352752685547, 22.829727172851562, 24.589099884033203, 22.503082275390625, 16.19554328918457, 25.474571228027344, 23.340049743652344, 23.319246292114258, 21.198694229125977, 28.063173294067383, 18.040315628051758, 21.76050567626953, 21.520618438720703, 22.80245018005371, 23.64126968383789, 20.552242279052734, 21.44671630859375, 20.90089988708496, 21.04823112487793, 23.501327514648438, 21.413469314575195, 19.179771423339844, 23.985233306884766, 21.2454776763916, 24.144134521484375, 21.643287658691406, 24.857772827148438, 24.564937591552734, 21.543405532836914, 25.23666000366211, 25.56926918029785, 21.972272872924805, 20.26198387145996, 23.309038162231445, 24.734670639038086, 22.63810920715332, 21.08768653869629, 23.604549407958984, 20.771469116210938, 18.665267944335938, 21.480119705200195, 25.59772491455078, 21.2045841217041, 21.135129928588867, 19.611106872558594, 19.727081298828125, 22.3879337310791, 20.907609939575195, 21.416366577148438, 29.160634994506836, 22.857582092285156, 20.889633178710938, 20.23214340209961, 22.472915649414062, 22.257598876953125, 26.01285743713379, 23.748458862304688, 25.46373748779297, 20.08550453186035, 24.791296005249023, 25.51042366027832, 20.86625862121582, 18.106216430664062, 25.63077735900879, 22.0612735748291, 20.07071304321289, 22.969974517822266, 23.058006286621094, 18.05276870727539, 19.201770782470703, 24.361244201660156, 21.930431365966797, 20.47551918029785, 24.813005447387695, 26.54252052307129, 21.625988006591797, 18.957921981811523, 21.54293441772461, 30.56960105895996, 21.978731155395508, 21.10409927368164, 22.94866943359375, 21.69233512878418, 25.037782669067383, 21.030481338500977, 24.043418884277344, 18.580198287963867, 22.898239135742188, 22.173797607421875, 20.081920623779297, 23.755388259887695, 20.223796844482422, 26.017902374267578, 20.953598022460938, 23.351608276367188, 19.68925666809082, 24.978961944580078, 18.54054832458496, 26.15304946899414, 20.366867065429688, 25.3194637298584, 24.902307510375977, 20.280956268310547, 21.997791290283203, 22.93613624572754, 21.267480850219727, 21.895153045654297, 24.75557518005371, 20.679119110107422, 22.55253791809082, 23.414228439331055, 21.793222427368164, 27.691219329833984],