{"checkpoint": "outputs/r18_detach_boost_s95/model_0030000.pth", "num_scenes": 256, "psnr": 22.235650293529034, "lpips": 0.28803765756310895, "psnr_std_err": 0.14843708378384982, "per_scene_psnr": [18.728229522705078, 20.788467407226562, 20.477407455444336, 19.080989837646484, 24.734270095825195, 23.197519302368164, 23.124752044677734, 24.553173065185547, 20.351856231689453, 21.236486434936523, 24.652664184570312, 20.794410705566406, 22.58470344543457, 21.115453720092773, 21.83541488647461, 22.104520797729492, 20.130496978759766, 23.483678817749023, 23.35352897644043, 21.24979019165039, 20.54610824584961, 22.453880310058594, 22.959367752075195, 24.201669692993164, 24.976701736450195, 22.781219482421875, 22.347110748291016, 18.14348030090332, 25.10427474975586, 23.544445037841797, 25.277080535888672, 21.732017517089844, 20.808868408203125, 21.4450626373291, 23.285911560058594, 18.140705108642578, 20.324798583984375, 21.940494537353516, 24.49890899658203, 20.24493408203125, 23.192821502685547, 18.565719604492188, 21.223047256469727, 21.778772354125977, 21.085102081298828, 20.73768424987793, 21.746227264404297, 21.20269012451172, 20.70274543762207, 20.792491912841797, 23.509008407592773, 23.394577026367188, 23.005489349365234, 20.778892517089844, 21.657381057739258, 23.72447967529297, 19.722074508666992, 25.068368911743164, 22.910472869873047, 25.782001495361328, 22.19269561767578, 24.22550392150879, 22.82405662536621, 23.322921752929688, 21.130075454711914, 21.971263885498047, 21.300737380981445, 20.950090408325195, 21.229434967041016, 20.6490535736084, 23.832427978515625, 21.74217987060547, 24.053550720214844, 22.923030853271484, 20.98309326171875, 19.74338722229004, 20.202877044677734, 23.78840446472168, 23.562419891357422, 22.035310745239258, 18.267671585083008, 21.474382400512695, 25.327205657958984, 22.406232833862305, 22.8366756439209, 22.307052612304688, 22.984331130981445, 25.54866600036621, 26.69862937927246, 19.60846710205078, 21.052913665771484, 18.503402709960938, 21.730525970458984, 22.946449279785156, 25.51491928100586, 21.183170318603516, 17.048948287963867, 14.617258071899414, 27.812255859375, 20.084924697875977, 18.167341232299805, 20.04393768310547, 22.46657371520996, 23.747180938720703, 24.310876846313477, 20.869417190551758, 16.965770721435547, 24.030033111572266, 22.142852783203125, 20.682476043701172, 24.608457565307617, 22.224939346313477, 23.424970626831055, 21.010515213012695, 22.11057472229004, 17.609128952026367, 30.121431350708008, 22.824722290039062, 27.765365600585938, 24.45815658569336, 23.185279846191406, 21.38648796081543, 21.939470291137695, 20.442668914794922, 20.783702850341797, 18.555280685424805, 24.453649520874023, 23.244810104370117, 24.407325744628906, 20.15842056274414, 22.918720245361328, 22.613479614257812, 20.62047576904297, 21.815834045410156, 20.26200294494629, 20.053245544433594, 21.81438446044922, 26.8619384765625, 22.383291244506836, 20.499134063720703, 21.849369049072266, 17.46308708190918, 19.5189266204834, 26.184192657470703, 22.693832397460938, 24.501163482666016, 22.326099395751953, 16.181594848632812, 25.284900665283203, 23.390941619873047, 23.238811492919922, 21.301881790161133, 27.925996780395508, 18.124095916748047, 21.794469833374023, 21.4630126953125, 22.87000274658203, 23.72513771057129, 20.679929733276367, 21.346179962158203, 21.08208656311035, 20.943408966064453, 23.667497634887695, 21.479839324951172, 19.268810272216797, 23.658220291137695, 21.160171508789062, 24.048978805541992, 21.83722496032715, 24.903146743774414, 24.494646072387695, 21.59592056274414, 25.020959854125977, 25.546546936035156, 21.900333404541016, 19.919748306274414, 23.26226234436035, 24.710784912109375, 22.890945434570312, 21.264202117919922, 23.621089935302734, 20.709230422973633, 18.636552810668945, 21.487977981567383, 25.694181442260742, 21.26971435546875, 21.217784881591797, 19.705961227416992, 19.524776458740234, 22.27461051940918, 20.89659881591797, 21.351593017578125, 29.199779510498047, 22.973419189453125, 20.960277557373047, 20.216035842895508, 22.47687339782715, 22.340896606445312, 25.953170776367188, 23.677326202392578, 25.57567596435547, 20.16225814819336, 24.946853637695312, 25.555614471435547, 20.93208122253418, 18.0283145904541, 25.549575805664062, 22.093812942504883, 19.981975555419922, 23.018190383911133, 23.169921875, 17.993032455444336, 19.128477096557617, 24.43467140197754, 21.81608009338379, 20.5477352142334, 25.078868865966797, 26.365156173706055, 21.576292037963867, 18.890209197998047, 21.492889404296875, 30.46743392944336, 22.148754119873047, 21.065654754638672, 22.943517684936523, 21.618881225585938, 24.97905921936035, 20.980205535888672, 24.130794525146484, 18.561670303344727, 22.773616790771484, 22.208477020263672, 20.064294815063477, 24.01959228515625, 20.209800720214844, 25.941831588745117, 21.052885055541992, 23.42230987548828, 19.56829261779785, 25.054548263549805, 18.47846794128418, 26.341358184814453, 20.15313148498535, 25.359933853149414, 25.151918411254883, 20.16685676574707, 21.984207153320312, 22.987289428710938, 21.31952476501465, 21.976886749267578, 24.76630210876465, 20.632476806640625, 22.51198959350586, 23.295291900634766, 21.847335815429688, 27.581159591674805],