{"checkpoint": "outputs/r22_d512_gf_lr64_s95/model_0030000.pth", "num_scenes": 256, "psnr": 24.42024438083172, "lpips": 0.2051191941718571, "psnr_std_err": 0.16717443435613538, "per_scene_psnr": [21.13410186767578, 23.62468910217285, 23.474781036376953, 20.420917510986328, 26.7540283203125, 25.40828514099121, 25.811363220214844, 26.647274017333984, 21.676637649536133, 23.33102035522461, 27.713905334472656, 22.504642486572266, 24.44727325439453, 23.268239974975586, 23.14978790283203, 24.14116859436035, 21.416284561157227, 26.551860809326172, 25.221275329589844, 22.81784439086914, 23.033845901489258, 25.592082977294922, 25.183439254760742, 27.31997299194336, 28.074382781982422, 25.72480010986328, 24.544687271118164, 19.45151710510254, 26.684473037719727, 25.36864471435547, 28.124935150146484, 23.183195114135742, 22.881038665771484, 22.75737953186035, 25.931838989257812, 19.14687156677246, 22.169776916503906, 24.182865142822266, 27.148311614990234, 21.725645065307617, 25.435352325439453, 20.355876922607422, 23.730745315551758, 23.950725555419922, 22.95534324645996, 21.929424285888672, 23.49024200439453, 23.715843200683594, 22.695640563964844, 22.359447479248047, 26.928173065185547, 25.877656936645508, 26.49884796142578, 23.530193328857422, 25.307397842407227, 25.357006072998047, 21.32442855834961, 26.983417510986328, 25.745502471923828, 27.950435638427734, 23.819562911987305, 26.49395751953125, 25.831300735473633, 26.774120330810547, 22.794897079467773, 23.8902645111084, 24.08228874206543, 22.830799102783203, 23.477848052978516, 23.253429412841797, 25.741615295410156, 23.629009246826172, 26.75768280029297, 25.472091674804688, 22.434528350830078, 21.291139602661133, 21.820791244506836, 25.732757568359375, 25.358304977416992, 23.292827606201172, 19.74163246154785, 24.19808578491211, 27.879230499267578, 25.16756820678711, 26.070693969726562, 24.527496337890625, 26.268451690673828, 27.971284866333008, 28.427181243896484, 21.08868408203125, 23.21843719482422, 19.431488037109375, 22.10869789123535, 25.13791275024414, 27.91064453125, 24.003849029541016, 19.069459915161133, 15.08277702331543, 30.521059036254883, 22.79035186767578, 20.265342712402344, 21.938594818115234, 23.52760124206543, 26.60834312438965, 26.48647117614746, 22.967548370361328, 17.555217742919922, 26.323368072509766, 25.33905029296875, 23.317550659179688, 27.24243927001953, 25.042112350463867, 25.59791374206543, 23.238834381103516, 24.209552764892578, 19.0402774810791, 33.328941345214844, 25.010581970214844, 29.800107955932617, 27.996456146240234, 25.358245849609375, 22.119632720947266, 24.265239715576172, 22.325180053710938, 22.500320434570312, 20.53417205810547, 25.624921798706055, 24.793895721435547, 25.47528839111328, 22.319467544555664, 24.979856491088867, 24.930465698242188, 25.820463180541992, 24.479793548583984, 22.10772705078125, 21.014902114868164, 23.53406524658203, 30.41744613647461, 25.12152671813965, 23.168743133544922, 22.94376564025879, 18.36983871459961, 21.793174743652344, 27.865924835205078, 25.399681091308594, 26.78995132446289, 23.568906784057617, 21.281814575195312, 27.14759635925293, 25.568347930908203, 25.73077392578125, 23.071462631225586, 30.817298889160156, 19.800552368164062, 23.638835906982422, 22.853816986083984, 25.603025436401367, 26.31373405456543, 21.937484741210938, 23.529109954833984, 23.70602035522461, 22.767332077026367, 26.719528198242188, 22.93233871459961, 20.31747817993164, 26.018348693847656, 22.299015045166016, 26.653152465820312, 25.30925750732422, 27.386627197265625, 26.412246704101562, 22.68031120300293, 27.016090393066406, 26.83427619934082, 24.191471099853516, 22.53313446044922, 25.962242126464844, 26.125568389892578, 24.26896095275879, 23.51129150390625, 26.287845611572266, 22.98299789428711, 21.005138397216797, 24.385509490966797, 26.93983268737793, 22.530336380004883, 23.73491096496582, 21.002819061279297, 20.820959091186523, 24.88339614868164, 22.304012298583984, 22.647136688232422, 32.38948059082031, 26.0654354095459, 22.81041717529297, 23.065526962280273, 24.81563377380371, 24.364154815673828, 28.963415145874023, 26.39780044555664, 28.81239891052246, 23.06138801574707, 27.04115104675293, 27.608074188232422, 22.154972076416016, 20.082761764526367, 27.753202438354492, 23.74354362487793, 22.393077850341797, 25.84454345703125, 26.074485778808594, 19.480636596679688, 22.0791015625, 26.962100982666016, 24.651060104370117, 23.228404998779297, 27.43161392211914, 28.15945816040039, 23.89297866821289, 21.401649475097656, 24.72634506225586, 32.779624938964844, 24.641983032226562, 23.143402099609375, 26.568431854248047, 23.232553482055664, 27.941791534423828, 22.43854331970215, 28.46497344970703, 20.619504928588867, 24.132896423339844, 23.42972755432129, 21.103607177734375, 24.84208106994629, 21.671260833740234, 28.022109985351562, 23.595502853393555, 26.268226623535156, 21.56606674194336, 27.548675537109375, 21.046541213989258, 30.019725799560547, 22.795799255371094, 27.79106330871582, 28.136594772338867, 21.676761627197266, 24.17876434326172, 25.53779411315918, 23.643333435058594, 23.77267074584961, 25.439538955688477, 23.09211540222168, 24.57533836364746, 25.599306106567383, 23.621206283569336, 31.006900787353516],