{"checkpoint": "outputs/r15_loop_l2x4_kd6sup_s95/model_0030000.pth", "num_scenes": 256, "psnr": 22.34706262499094, "lpips": 0.2858380189863965, "psnr_std_err": 0.14679536566999066, "per_scene_psnr": [18.80221939086914, 21.18259620666504, 20.513212203979492, 19.2757625579834, 25.319114685058594, 23.18629264831543, 23.223567962646484, 24.589706420898438, 20.404050827026367, 21.514131546020508, 24.867212295532227, 20.93552589416504, 22.598039627075195, 21.055051803588867, 21.971914291381836, 22.30177116394043, 20.20461082458496, 23.798341751098633, 23.564838409423828, 21.344520568847656, 20.522525787353516, 22.644699096679688, 23.20853042602539, 24.0787296295166, 25.003639221191406, 23.040430068969727, 22.345260620117188, 18.286401748657227, 25.296459197998047, 23.668001174926758, 25.385225296020508, 22.0493106842041, 20.817834854125977, 21.4494686126709, 23.299633026123047, 18.256450653076172, 20.47188949584961, 22.12590789794922, 24.789588928222656, 20.366649627685547, 23.199739456176758, 18.576648712158203, 21.244165420532227, 21.982891082763672, 21.13878631591797, 20.876270294189453, 21.684322357177734, 21.25710678100586, 20.8933162689209, 21.075801849365234, 23.618057250976562, 23.467891693115234, 23.01593589782715, 20.69962501525879, 21.751441955566406, 23.82370948791504, 19.891326904296875, 25.42304229736328, 22.920455932617188, 25.717639923095703, 22.376266479492188, 24.764564514160156, 23.013761520385742, 23.46776580810547, 21.265811920166016, 22.09864044189453, 21.38681411743164, 21.19389533996582, 21.597612380981445, 20.722888946533203, 23.8454647064209, 21.935138702392578, 24.200410842895508, 23.126358032226562, 21.03172492980957, 19.928998947143555, 20.280441284179688, 23.560781478881836, 23.710460662841797, 22.23343849182129, 18.253707885742188, 21.70602798461914, 25.269939422607422, 22.426319122314453, 22.895652770996094, 22.475753784179688, 22.991443634033203, 25.707300186157227, 26.755416870117188, 19.8358097076416, 21.043148040771484, 18.690902709960938, 21.737863540649414, 22.92194366455078, 25.592336654663086, 21.468393325805664, 17.286495208740234, 14.618671417236328, 27.86345672607422, 20.153175354003906, 18.343963623046875, 20.02999496459961, 22.4030704498291, 23.74996566772461, 24.4202880859375, 20.980871200561523, 17.17441177368164, 24.129026412963867, 22.272661209106445, 20.894275665283203, 24.517269134521484, 22.49676513671875, 23.609323501586914, 21.300140380859375, 22.231435775756836, 17.74115753173828, 30.132736206054688, 22.83554458618164, 27.84076499938965, 24.278318405151367, 23.3131103515625, 21.354400634765625, 22.3587703704834, 20.454465866088867, 20.952482223510742, 18.84026336669922, 24.562103271484375, 23.461654663085938, 24.566829681396484, 20.432641983032227, 22.924583435058594, 22.764789581298828, 20.876651763916016, 21.99791145324707, 20.39737319946289, 20.01158905029297, 21.791301727294922, 26.889989852905273, 22.66321563720703, 20.60077667236328, 21.94676971435547, 17.665788650512695, 19.409320831298828, 26.310415267944336, 22.944469451904297, 24.378854751586914, 22.519573211669922, 16.800344467163086, 25.48752212524414, 23.41513442993164, 23.269393920898438, 21.417316436767578, 27.918203353881836, 18.335453033447266, 21.97799301147461, 21.66407585144043, 22.77848243713379, 23.848651885986328, 20.64222526550293, 21.548126220703125, 20.987224578857422, 21.117401123046875, 23.70033073425293, 21.514141082763672, 19.333988189697266, 23.740814208984375, 21.290084838867188, 24.16290283203125, 21.78891944885254, 24.81008529663086, 24.594757080078125, 21.576690673828125, 24.888336181640625, 25.656410217285156, 22.001476287841797, 20.14773178100586, 23.469087600708008, 24.751052856445312, 22.9752254486084, 21.251323699951172, 23.872859954833984, 20.980239868164062, 18.98851776123047, 21.680606842041016, 25.80561637878418, 21.334199905395508, 21.480792999267578, 19.866609573364258, 19.745418548583984, 22.387868881225586, 21.093036651611328, 21.488018035888672, 29.233829498291016, 23.090744018554688, 21.038230895996094, 20.033771514892578, 22.52387809753418, 22.357131958007812, 26.09503746032715, 23.72327995300293, 25.465486526489258, 20.13919448852539, 24.86998748779297, 25.5965576171875, 21.088520050048828, 18.198078155517578, 25.61083221435547, 22.209426879882812, 20.205902099609375, 23.008909225463867, 23.264476776123047, 18.411882400512695, 19.336925506591797, 24.472091674804688, 22.110166549682617, 20.774057388305664, 24.895435333251953, 26.573760986328125, 21.547698974609375, 19.137359619140625, 21.72333526611328, 30.650854110717773, 22.281837463378906, 21.110971450805664, 22.96706199645996, 21.687313079833984, 25.27311134338379, 21.137964248657227, 24.08635139465332, 18.97922706604004, 22.89354133605957, 22.27778434753418, 20.053443908691406, 23.882701873779297, 20.248071670532227, 26.076175689697266, 21.07653045654297, 23.362953186035156, 19.606708526611328, 25.10122299194336, 18.701984405517578, 26.406957626342773, 20.439220428466797, 25.361942291259766, 25.164203643798828, 20.420867919921875, 22.146013259887695, 23.102266311645508, 21.36600112915039, 21.95888900756836, 24.632108688354492, 20.820106506347656, 22.848731994628906, 23.435131072998047, 21.901493072509766, 27.843236923217773],