{"checkpoint": "outputs/r8_loop_l2x4_boost_ep2_s95/model_0030000.pth", "num_scenes": 256, "psnr": 22.333436191082, "lpips": 0.2839520930428989, "psnr_std_err": 0.14952594267899114, "per_scene_psnr": [18.89933967590332, 20.881656646728516, 20.67043685913086, 19.110065460205078, 24.17967987060547, 23.26978874206543, 23.199588775634766, 24.707447052001953, 20.303619384765625, 21.18035125732422, 24.813232421875, 20.98211097717285, 22.65169906616211, 21.040668487548828, 21.995975494384766, 22.277423858642578, 20.37982940673828, 23.68644905090332, 23.50204849243164, 21.497364044189453, 20.309200286865234, 22.807100296020508, 23.126361846923828, 24.29732894897461, 25.2449951171875, 22.94268035888672, 22.393247604370117, 18.096342086791992, 25.249177932739258, 23.723751068115234, 25.387237548828125, 21.739089965820312, 20.747100830078125, 21.81774139404297, 23.3768253326416, 18.172937393188477, 20.397140502929688, 22.191335678100586, 24.84356689453125, 19.736936569213867, 23.21898651123047, 18.74233055114746, 21.111217498779297, 22.038047790527344, 21.007558822631836, 20.69912338256836, 21.866077423095703, 21.19968605041504, 20.896221160888672, 21.005386352539062, 23.18801498413086, 23.585124969482422, 23.220670700073242, 20.787769317626953, 21.881187438964844, 23.8106632232666, 19.914405822753906, 25.636150360107422, 23.086374282836914, 25.67992401123047, 22.328094482421875, 24.080482482910156, 23.056812286376953, 23.484041213989258, 21.403474807739258, 21.96324348449707, 21.454296112060547, 20.91855812072754, 21.392324447631836, 20.56891441345215, 24.001541137695312, 21.927371978759766, 24.273683547973633, 23.2515926361084, 21.081552505493164, 19.997583389282227, 20.343494415283203, 23.593936920166016, 23.519878387451172, 22.170278549194336, 18.35991096496582, 21.5535888671875, 25.33013153076172, 22.65650749206543, 23.106807708740234, 22.400192260742188, 23.158750534057617, 25.619754791259766, 26.86203956604004, 19.77458381652832, 21.104812622070312, 18.51304817199707, 21.81118392944336, 23.073089599609375, 25.603391647338867, 21.445411682128906, 17.166112899780273, 14.580193519592285, 27.9006404876709, 20.18876838684082, 18.344425201416016, 20.04517364501953, 22.42999267578125, 23.837696075439453, 24.391902923583984, 21.118335723876953, 16.858373641967773, 24.07889175415039, 22.361339569091797, 20.99883270263672, 24.5624942779541, 22.17067527770996, 23.62099838256836, 21.217594146728516, 22.3428897857666, 17.815731048583984, 30.04257583618164, 23.073223114013672, 27.773916244506836, 24.540767669677734, 23.01598358154297, 21.024402618408203, 21.724761962890625, 20.588680267333984, 20.70584487915039, 18.472209930419922, 24.534225463867188, 23.270292282104492, 24.513599395751953, 20.42119026184082, 22.927173614501953, 22.82313346862793, 20.471370697021484, 21.91620635986328, 20.45917510986328, 19.992298126220703, 21.936952590942383, 27.070980072021484, 22.701427459716797, 20.73409652709961, 21.842998504638672, 17.546829223632812, 19.337841033935547, 26.405864715576172, 22.853424072265625, 24.575651168823242, 22.48075294494629, 15.9065580368042, 25.460689544677734, 23.381793975830078, 23.154701232910156, 21.39309310913086, 28.220104217529297, 18.05899429321289, 21.820459365844727, 21.63692855834961, 22.956266403198242, 23.75546646118164, 20.52140998840332, 21.55756187438965, 21.182697296142578, 21.147031784057617, 23.88549041748047, 21.49644660949707, 19.354106903076172, 23.860027313232422, 21.402854919433594, 24.42786979675293, 22.002439498901367, 24.991891860961914, 24.771726608276367, 21.714996337890625, 25.041215896606445, 25.561201095581055, 21.897747039794922, 20.12252426147461, 23.432924270629883, 24.84696388244629, 23.043394088745117, 21.441387176513672, 23.605920791625977, 20.889013290405273, 18.864164352416992, 21.7708797454834, 25.869060516357422, 21.397926330566406, 21.282846450805664, 19.79554557800293, 19.661331176757812, 22.63654327392578, 21.003280639648438, 21.40241241455078, 29.19989013671875, 23.23040771484375, 21.009199142456055, 20.515043258666992, 22.2445068359375, 22.457406997680664, 26.270938873291016, 23.884281158447266, 25.730392456054688, 20.298870086669922, 24.988697052001953, 25.649518966674805, 20.907062530517578, 18.180103302001953, 25.610197067260742, 22.08958625793457, 20.164993286132812, 23.018123626708984, 23.23601722717285, 18.086698532104492, 19.074321746826172, 24.51350975036621, 22.215307235717773, 20.744827270507812, 25.02288818359375, 26.48676872253418, 21.6243896484375, 18.872148513793945, 21.776926040649414, 30.619869232177734, 22.414596557617188, 21.193140029907227, 22.977375030517578, 21.599231719970703, 24.870044708251953, 21.119422912597656, 24.392822265625, 18.745115280151367, 22.89557647705078, 22.311086654663086, 20.087596893310547, 23.930578231811523, 20.32437515258789, 26.23931884765625, 21.21436309814453, 23.647319793701172, 19.706390380859375, 24.899288177490234, 18.59928321838379, 26.502975463867188, 20.32301902770996, 25.408838272094727, 25.327951431274414, 20.109899520874023, 21.98282241821289, 23.00544548034668, 21.31173324584961, 22.063613891601562, 24.784378051757812, 20.861949920654297, 22.291458129882812, 23.603580474853516, 21.947532653808594, 27.919696807861328],