{"checkpoint": "outputs/r19_bgsfon_qkvr_s95/model_0030000.pth", "num_scenes": 256, "psnr": 22.638099253177643, "lpips": 0.27433683566050604, "psnr_std_err": 0.14992323933226642, "per_scene_psnr": [19.192607879638672, 21.763080596923828, 20.829551696777344, 19.447662353515625, 25.650897979736328, 23.716339111328125, 23.732337951660156, 24.877391815185547, 20.50398063659668, 21.589141845703125, 25.10441780090332, 21.093975067138672, 22.893863677978516, 21.450706481933594, 22.14392852783203, 22.363971710205078, 20.302581787109375, 24.518526077270508, 23.84329605102539, 21.631248474121094, 20.977493286132812, 23.103023529052734, 23.747879028320312, 24.807743072509766, 25.155960083007812, 23.3501033782959, 22.71184539794922, 18.393049240112305, 25.46412467956543, 23.764190673828125, 25.814151763916016, 21.86214828491211, 21.45036506652832, 21.737592697143555, 23.797626495361328, 18.308191299438477, 20.656383514404297, 22.11469268798828, 25.185869216918945, 20.46933364868164, 23.44707679748535, 19.070579528808594, 21.86279296875, 22.440576553344727, 21.375350952148438, 20.87853240966797, 21.80223274230957, 21.68958854675293, 21.087127685546875, 21.128433227539062, 24.3601016998291, 23.860204696655273, 23.378944396972656, 21.170331954956055, 22.03935432434082, 24.221479415893555, 19.880762100219727, 25.608644485473633, 23.32261085510254, 26.337011337280273, 22.55011558532715, 24.9123592376709, 23.668598175048828, 23.662193298339844, 21.470413208007812, 22.332666397094727, 21.610776901245117, 21.380891799926758, 21.940319061279297, 21.019245147705078, 23.822336196899414, 22.15237808227539, 25.176584243774414, 23.328941345214844, 21.236228942871094, 20.084178924560547, 20.61882972717285, 24.24506950378418, 23.795211791992188, 22.266033172607422, 18.708072662353516, 22.272254943847656, 25.69556427001953, 22.736919403076172, 23.22557830810547, 22.53850746154785, 23.28125, 25.9405517578125, 27.008657455444336, 20.319446563720703, 21.346668243408203, 18.747760772705078, 21.477615356445312, 23.32546043395996, 25.864437103271484, 21.98923110961914, 17.431018829345703, 14.712053298950195, 28.038864135742188, 20.713985443115234, 18.50963020324707, 20.45941162109375, 22.569488525390625, 24.279909133911133, 24.803386688232422, 21.254751205444336, 16.78896141052246, 24.359176635742188, 22.88597297668457, 21.148672103881836, 25.282264709472656, 22.761526107788086, 23.861541748046875, 21.659334182739258, 22.642131805419922, 17.754711151123047, 30.534175872802734, 23.183019638061523, 28.21432113647461, 25.010663986206055, 23.628582000732422, 20.917646408081055, 22.419219970703125, 20.67804527282715, 21.10000228881836, 19.070390701293945, 24.678850173950195, 23.588476181030273, 24.957382202148438, 20.687963485717773, 23.080432891845703, 22.97004508972168, 21.11642837524414, 22.294063568115234, 20.64327621459961, 20.35799217224121, 22.11804962158203, 27.262155532836914, 22.797632217407227, 21.10175323486328, 22.020700454711914, 17.69906234741211, 20.26123809814453, 26.375755310058594, 22.777843475341797, 25.054393768310547, 22.686798095703125, 16.845226287841797, 25.657718658447266, 23.830169677734375, 23.66733741760254, 21.60171890258789, 28.497440338134766, 18.27800178527832, 22.37408447265625, 21.701171875, 23.36810874938965, 24.326784133911133, 20.85495948791504, 21.634912490844727, 21.47821044921875, 21.37441635131836, 24.063095092773438, 21.803176879882812, 19.384523391723633, 24.100982666015625, 21.267414093017578, 24.836021423339844, 22.173160552978516, 25.234594345092773, 24.84527587890625, 21.811119079589844, 25.595579147338867, 25.7655029296875, 22.44174575805664, 21.064369201660156, 23.919586181640625, 24.989282608032227, 22.74552345275879, 21.734455108642578, 23.90308380126953, 21.44988250732422, 19.423429489135742, 22.171573638916016, 26.007190704345703, 21.433181762695312, 21.578948974609375, 20.01427459716797, 20.032920837402344, 22.7769775390625, 21.19295310974121, 21.779382705688477, 29.53384780883789, 23.37649154663086, 21.172473907470703, 20.84552001953125, 23.25082015991211, 22.505035400390625, 26.339265823364258, 24.379505157470703, 26.040563583374023, 20.497650146484375, 25.29906463623047, 25.767024993896484, 20.984668731689453, 18.333484649658203, 25.804786682128906, 22.28825569152832, 20.594196319580078, 23.631481170654297, 23.549585342407227, 18.730567932128906, 19.384689331054688, 24.794960021972656, 22.295116424560547, 21.123157501220703, 25.216028213500977, 26.87653350830078, 22.084980010986328, 19.146697998046875, 21.95148468017578, 30.833011627197266, 22.547401428222656, 21.427494049072266, 23.254249572753906, 21.720678329467773, 25.682313919067383, 21.344329833984375, 24.71336555480957, 19.287691116333008, 23.201732635498047, 22.530824661254883, 20.273048400878906, 24.287748336791992, 20.441287994384766, 26.225557327270508, 21.2865047454834, 23.658578872680664, 20.09893798828125, 25.251867294311523, 18.875558853149414, 26.676740646362305, 20.860307693481445, 25.908620834350586, 25.82048225402832, 20.498952865600586, 22.441251754760742, 23.513261795043945, 21.631881713867188, 22.467430114746094, 24.79243278503418, 21.108924865722656, 22.61453628540039, 23.54526710510254, 22.282188415527344, 27.984031677246094],