{"checkpoint": "outputs/r3_loop_l2x4_delta_s97/model_0030000.pth", "num_scenes": 256, "psnr": 22.110501304268837, "lpips": 0.2904212678549811, "psnr_std_err": 0.14697241779923614, "per_scene_psnr": [18.513511657714844, 20.788909912109375, 20.31341552734375, 18.810178756713867, 24.39862823486328, 23.047666549682617, 22.989015579223633, 24.378387451171875, 20.044286727905273, 20.97101402282715, 24.6108341217041, 20.828453063964844, 22.417922973632812, 20.795379638671875, 21.775131225585938, 22.050308227539062, 20.1752872467041, 23.592750549316406, 23.29378890991211, 21.242647171020508, 20.275545120239258, 22.37819480895996, 22.98799705505371, 23.95212173461914, 24.68072509765625, 22.810985565185547, 22.163414001464844, 18.262876510620117, 25.144420623779297, 23.432893753051758, 25.032386779785156, 21.753009796142578, 20.68380355834961, 21.500537872314453, 23.134920120239258, 18.095413208007812, 20.185319900512695, 21.93624496459961, 24.54891014099121, 19.717147827148438, 23.075092315673828, 18.180171966552734, 20.82708740234375, 21.65890884399414, 20.791446685791016, 20.503694534301758, 21.792448043823242, 21.042808532714844, 20.751110076904297, 20.810150146484375, 23.084447860717773, 23.31102752685547, 22.912504196166992, 20.552663803100586, 21.497173309326172, 23.464088439941406, 19.75790023803711, 25.290897369384766, 22.896827697753906, 25.45351219177246, 22.178735733032227, 23.639522552490234, 22.764719009399414, 23.085750579833984, 21.026103973388672, 22.00319480895996, 21.130695343017578, 20.886146545410156, 21.202617645263672, 20.061790466308594, 23.519176483154297, 21.814668655395508, 23.79930305480957, 22.901893615722656, 20.824575424194336, 19.663543701171875, 20.126142501831055, 23.578588485717773, 23.371185302734375, 22.018747329711914, 17.951820373535156, 21.293432235717773, 24.99802017211914, 22.120330810546875, 22.802221298217773, 22.133155822753906, 22.722633361816406, 25.337432861328125, 26.619579315185547, 19.703100204467773, 21.013277053833008, 18.59100914001465, 21.51862907409668, 22.732219696044922, 25.350223541259766, 20.880815505981445, 16.791702270507812, 14.681962966918945, 27.571258544921875, 19.862688064575195, 18.16058921813965, 19.77197265625, 22.409652709960938, 23.443931579589844, 24.332530975341797, 20.789684295654297, 17.04124641418457, 23.883651733398438, 22.06306266784668, 20.697402954101562, 24.190574645996094, 21.876955032348633, 23.272907257080078, 21.119869232177734, 22.09059715270996, 17.49481964111328, 29.63156509399414, 22.66925621032715, 27.484172821044922, 23.912961959838867, 22.880359649658203, 21.12873077392578, 21.736530303955078, 20.402149200439453, 20.67919921875, 18.181547164916992, 24.55751609802246, 22.963735580444336, 24.588634490966797, 20.17348861694336, 22.756013870239258, 22.51015853881836, 19.966567993164062, 21.861236572265625, 20.028257369995117, 19.90351676940918, 21.512319564819336, 26.48350715637207, 22.445144653320312, 20.367538452148438, 21.763334274291992, 17.473711013793945, 19.82587432861328, 26.106260299682617, 22.702960968017578, 24.48320198059082, 22.284364700317383, 16.365785598754883, 25.18490982055664, 23.161510467529297, 23.054569244384766, 21.169734954833984, 27.68263053894043, 17.93641471862793, 21.64632797241211, 21.469120025634766, 22.785343170166016, 23.415353775024414, 20.645933151245117, 21.253986358642578, 20.609712600708008, 20.97433853149414, 23.453144073486328, 21.332950592041016, 19.17053985595703, 23.40862464904785, 21.159040451049805, 24.016521453857422, 21.630367279052734, 24.83850860595703, 24.707767486572266, 21.601673126220703, 24.813587188720703, 25.616064071655273, 21.89209747314453, 19.923734664916992, 23.102943420410156, 24.48733139038086, 22.894060134887695, 21.09010887145996, 23.46139907836914, 20.92449188232422, 18.875808715820312, 21.713851928710938, 25.71807861328125, 21.096641540527344, 21.100797653198242, 19.567378997802734, 19.672677993774414, 22.201961517333984, 20.89239501953125, 21.2506103515625, 29.222490310668945, 22.864662170410156, 20.800613403320312, 19.931371688842773, 22.265037536621094, 22.178050994873047, 25.698698043823242, 23.714900970458984, 25.2091064453125, 20.051057815551758, 24.71980857849121, 25.306093215942383, 20.6803035736084, 17.90668296813965, 25.449748992919922, 22.068517684936523, 20.05854034423828, 23.037654876708984, 22.99236297607422, 18.049530029296875, 18.805273056030273, 24.12594223022461, 21.726612091064453, 20.278722763061523, 24.560348510742188, 26.154577255249023, 21.2645320892334, 18.909486770629883, 21.373523712158203, 30.609867095947266, 22.154951095581055, 21.015748977661133, 22.727394104003906, 21.479328155517578, 24.941818237304688, 21.03193473815918, 23.917057037353516, 18.506032943725586, 22.7625675201416, 22.134084701538086, 19.987028121948242, 23.6278133392334, 20.105854034423828, 26.08190155029297, 20.880020141601562, 23.355609893798828, 19.390350341796875, 24.824752807617188, 18.475984573364258, 25.822240829467773, 19.946475982666016, 25.098217010498047, 25.040159225463867, 19.96169662475586, 21.959980010986328, 22.796958923339844, 21.338638305664062, 21.785343170166016, 24.65395736694336, 20.52295684814453, 22.323486328125, 23.43531608581543, 21.892333984375, 27.58116912841797],