{"checkpoint": "outputs/r21_gfn_lr64_s96/model_0030000.pth", "num_scenes": 256, "psnr": 22.6154964864254, "lpips": 0.2680069109192118, "psnr_std_err": 0.1510147459695021, "per_scene_psnr": [18.989625930786133, 21.59906005859375, 20.77898406982422, 19.119178771972656, 24.520309448242188, 23.43395233154297, 23.54843521118164, 24.83952522277832, 20.479286193847656, 21.581905364990234, 25.10468292236328, 21.330785751342773, 23.061372756958008, 21.337303161621094, 22.035358428955078, 22.376800537109375, 20.268455505371094, 23.87740707397461, 23.59351348876953, 21.629249572753906, 20.4722957611084, 22.953683853149414, 23.62393569946289, 24.691890716552734, 25.098861694335938, 23.43866729736328, 22.937549591064453, 18.325374603271484, 25.44756317138672, 23.731231689453125, 25.826719284057617, 22.063722610473633, 21.20145606994629, 22.1527099609375, 24.063634872436523, 18.07705307006836, 20.780534744262695, 22.23200798034668, 25.0186710357666, 20.082223892211914, 23.381864547729492, 19.1997013092041, 21.926589965820312, 22.38812255859375, 22.344043731689453, 21.050045013427734, 22.26169204711914, 21.73004150390625, 21.0762939453125, 20.9366397857666, 24.81966209411621, 24.016225814819336, 23.535449981689453, 21.542749404907227, 22.133073806762695, 24.023998260498047, 19.831768035888672, 25.53559112548828, 23.372692108154297, 25.98888397216797, 22.420642852783203, 24.345661163330078, 23.426822662353516, 23.435142517089844, 21.315692901611328, 22.49646759033203, 21.758342742919922, 21.19780731201172, 21.849763870239258, 21.2539119720459, 24.1060733795166, 21.981142044067383, 25.22716522216797, 23.07980728149414, 21.13768768310547, 19.8317813873291, 20.389158248901367, 24.355953216552734, 23.74382781982422, 22.34185028076172, 18.169313430786133, 21.900928497314453, 25.679428100585938, 22.781112670898438, 23.398090362548828, 22.866907119750977, 23.473987579345703, 25.692737579345703, 26.95301055908203, 19.726287841796875, 21.595937728881836, 18.650638580322266, 21.853370666503906, 23.18708610534668, 26.04221534729004, 22.048622131347656, 17.628704071044922, 14.738977432250977, 28.187238693237305, 20.85444450378418, 18.29719352722168, 20.263404846191406, 22.772579193115234, 24.104921340942383, 24.874671936035156, 21.13314437866211, 17.231313705444336, 24.512739181518555, 22.634952545166016, 21.353233337402344, 25.297163009643555, 22.659454345703125, 23.76340103149414, 21.308364868164062, 22.50200653076172, 17.652545928955078, 30.582645416259766, 23.091453552246094, 28.16983413696289, 24.800216674804688, 23.193370819091797, 21.241168975830078, 22.819622039794922, 21.083890914916992, 21.245681762695312, 19.0034122467041, 24.5748348236084, 23.570642471313477, 24.663084030151367, 20.408124923706055, 23.434894561767578, 23.137237548828125, 20.73295783996582, 22.38629913330078, 20.635711669921875, 20.225582122802734, 22.19822120666504, 27.40199851989746, 22.94149398803711, 21.09023094177246, 21.8232421875, 17.595495223999023, 20.176483154296875, 26.458566665649414, 23.31011199951172, 24.873201370239258, 22.515228271484375, 16.35447883605957, 25.589340209960938, 23.80107879638672, 23.60447883605957, 21.548477172851562, 28.473346710205078, 18.0849552154541, 22.404617309570312, 21.71361541748047, 23.555500030517578, 24.20083999633789, 20.834888458251953, 21.60739517211914, 21.730682373046875, 21.492223739624023, 23.964433670043945, 21.764324188232422, 19.326580047607422, 24.222755432128906, 21.295700073242188, 24.721834182739258, 22.383039474487305, 25.56978416442871, 24.773395538330078, 21.880281448364258, 25.60654067993164, 25.88426971435547, 22.333290100097656, 20.672170639038086, 23.68463897705078, 24.908430099487305, 23.103012084960938, 21.9003849029541, 23.88434600830078, 21.08721160888672, 18.927934646606445, 22.11269760131836, 25.742483139038086, 21.321613311767578, 21.67936134338379, 19.899690628051758, 19.96620750427246, 22.62201690673828, 21.098222732543945, 21.686925888061523, 29.77564239501953, 23.58068084716797, 21.23834991455078, 20.63306427001953, 23.134214401245117, 22.78547477722168, 26.348403930664062, 24.5114688873291, 25.583538055419922, 20.493497848510742, 25.21430015563965, 25.794635772705078, 20.922182083129883, 18.48848533630371, 25.790924072265625, 22.333724975585938, 20.386369705200195, 23.549453735351562, 23.57896614074707, 18.363021850585938, 19.576169967651367, 24.844829559326172, 22.294666290283203, 21.24540138244629, 25.412017822265625, 26.646522521972656, 22.208572387695312, 19.312610626220703, 22.560728073120117, 30.978471755981445, 22.85026741027832, 21.381742477416992, 24.037525177001953, 21.648550033569336, 25.429241180419922, 21.19129180908203, 25.042057037353516, 18.924835205078125, 22.98107147216797, 22.468793869018555, 20.197181701660156, 24.07701873779297, 20.374584197998047, 26.32089614868164, 21.25811004638672, 23.738176345825195, 19.572124481201172, 25.14002799987793, 19.151596069335938, 26.781475067138672, 20.51618194580078, 25.513782501220703, 25.830163955688477, 20.885101318359375, 22.525253295898438, 23.52276039123535, 21.775684356689453, 22.1638126373291, 24.872745513916016, 21.091459274291992, 22.665719985961914, 23.643787384033203, 21.800128936767578, 27.898189544677734],