{"checkpoint": "outputs/r19_bgsfon_lr64_s97/model_0030000.pth", "num_scenes": 256, "psnr": 22.990450963377953, "lpips": 0.2614884863141924, "psnr_std_err": 0.1536797854815211, "per_scene_psnr": [19.485414505004883, 22.13217544555664, 21.18837547302246, 19.579879760742188, 25.731800079345703, 24.133716583251953, 24.081192016601562, 25.120908737182617, 20.63796615600586, 21.788761138916016, 25.56515121459961, 21.60787582397461, 23.32817268371582, 21.884525299072266, 22.31268882751465, 22.737751007080078, 20.518997192382812, 24.254732131958008, 24.058380126953125, 21.746784210205078, 21.216039657592773, 23.429058074951172, 23.865842819213867, 25.193695068359375, 25.655887603759766, 24.11954116821289, 23.262863159179688, 18.651107788085938, 25.67431640625, 23.99842071533203, 26.260093688964844, 22.233675003051758, 21.571868896484375, 22.49122428894043, 24.48908233642578, 18.44980239868164, 20.986244201660156, 22.463111877441406, 25.18981170654297, 21.01475715637207, 23.756389617919922, 19.37150001525879, 22.211740493774414, 22.578941345214844, 22.098608016967773, 21.132715225219727, 22.337276458740234, 21.944353103637695, 21.42386245727539, 21.457740783691406, 25.030261993408203, 24.326169967651367, 23.826435089111328, 21.918020248413086, 22.644033432006836, 24.538623809814453, 20.153221130371094, 25.850236892700195, 23.789791107177734, 26.358787536621094, 22.732601165771484, 25.237995147705078, 24.130952835083008, 24.047460556030273, 21.593250274658203, 22.72820281982422, 21.9381046295166, 21.746826171875, 22.20685577392578, 21.633041381835938, 24.603958129882812, 22.445659637451172, 25.37787628173828, 23.494932174682617, 21.644699096679688, 20.125484466552734, 20.88043975830078, 24.621885299682617, 24.278034210205078, 22.39565658569336, 18.683025360107422, 22.62811851501465, 26.172027587890625, 23.240585327148438, 23.71810531616211, 23.128177642822266, 23.829687118530273, 26.3065128326416, 27.25434112548828, 20.168102264404297, 21.779457092285156, 18.94764518737793, 21.983957290649414, 23.600479125976562, 26.406906127929688, 22.408634185791016, 17.789857864379883, 14.717914581298828, 28.696033477783203, 21.285472869873047, 18.781970977783203, 20.59463882446289, 23.022897720336914, 24.65818214416504, 25.20279884338379, 21.631103515625, 17.09925079345703, 24.712146759033203, 23.283815383911133, 21.589271545410156, 25.711368560791016, 23.11626434326172, 24.320833206176758, 21.810340881347656, 23.020753860473633, 17.889284133911133, 31.28504753112793, 23.514453887939453, 28.622894287109375, 25.425392150878906, 24.319841384887695, 21.798925399780273, 22.91954803466797, 21.101238250732422, 21.471860885620117, 19.250598907470703, 24.849584579467773, 23.902538299560547, 25.09589958190918, 20.91109275817871, 23.537765502929688, 23.432462692260742, 21.574970245361328, 22.641847610473633, 20.94010353088379, 20.381366729736328, 22.51036834716797, 28.03255844116211, 23.216249465942383, 21.38515853881836, 22.239187240600586, 17.782503128051758, 20.542999267578125, 26.89032745361328, 23.33796501159668, 25.088302612304688, 22.794692993164062, 17.23099708557129, 25.89928436279297, 24.335554122924805, 24.270870208740234, 21.87065315246582, 29.11524772644043, 18.113115310668945, 22.597824096679688, 21.86815071105957, 23.99959373474121, 24.627872467041016, 21.043304443359375, 21.90984535217285, 22.144384384155273, 21.6181640625, 24.433258056640625, 22.11159896850586, 19.64603042602539, 24.586925506591797, 21.577245712280273, 25.071630477905273, 22.823467254638672, 25.747480392456055, 25.14175033569336, 22.047531127929688, 25.8597412109375, 26.032474517822266, 22.656400680541992, 21.195402145385742, 24.30323600769043, 25.194034576416016, 23.229511260986328, 22.14166831970215, 24.17367935180664, 21.799209594726562, 19.590866088867188, 22.732173919677734, 26.177352905273438, 21.592830657958984, 21.92578125, 20.19097900390625, 20.16461944580078, 23.157238006591797, 21.32450294494629, 22.032155990600586, 30.189594268798828, 23.849864959716797, 21.564403533935547, 20.928112030029297, 23.4654598236084, 23.06517791748047, 26.789731979370117, 24.594688415527344, 26.48512077331543, 20.93749237060547, 25.789913177490234, 26.34456443786621, 21.333404541015625, 18.74944305419922, 25.960237503051758, 22.488006591796875, 20.8348388671875, 23.66123390197754, 23.901166915893555, 18.867799758911133, 19.682666778564453, 25.366039276123047, 22.82282829284668, 21.758792877197266, 25.82975196838379, 27.206520080566406, 22.455129623413086, 19.503538131713867, 22.74190902709961, 31.398723602294922, 23.045333862304688, 21.85487937927246, 24.22899627685547, 22.119142532348633, 26.002931594848633, 21.42320442199707, 25.62032699584961, 19.649900436401367, 23.455272674560547, 22.670679092407227, 20.485326766967773, 24.45333480834961, 20.688264846801758, 26.545974731445312, 21.666566848754883, 24.039413452148438, 20.18406105041504, 25.672054290771484, 19.277170181274414, 27.425920486450195, 21.266756057739258, 26.130352020263672, 26.24848175048828, 21.095895767211914, 22.587892532348633, 23.89047622680664, 22.023624420166016, 22.757150650024414, 25.073101043701172, 21.44809341430664, 23.123796463012695, 23.92036247253418, 22.50312042236328, 28.39377212524414],