{"checkpoint": "outputs/r21_film_lr64_s95/model_0030000.pth", "num_scenes": 256, "psnr": 22.543130561709404, "lpips": 0.27120378997642547, "psnr_std_err": 0.15003246462482464, "per_scene_psnr": [19.03536033630371, 21.379226684570312, 20.646129608154297, 19.423812866210938, 25.126510620117188, 23.399524688720703, 23.60773468017578, 24.699525833129883, 20.44765281677246, 21.539443969726562, 25.09430694580078, 21.042236328125, 22.823307037353516, 21.334627151489258, 22.014461517333984, 22.370895385742188, 20.27627944946289, 24.10572052001953, 23.717519760131836, 21.380098342895508, 20.68000602722168, 22.903364181518555, 23.45066261291504, 24.596141815185547, 25.087482452392578, 23.238380432128906, 22.723743438720703, 18.32395362854004, 25.524673461914062, 23.871387481689453, 25.586328506469727, 21.98053550720215, 21.129924774169922, 22.005529403686523, 23.846038818359375, 18.260906219482422, 20.639957427978516, 22.281286239624023, 24.837726593017578, 20.44948959350586, 23.39900016784668, 18.70014762878418, 21.813873291015625, 22.10927963256836, 21.347105026245117, 20.791921615600586, 21.91333770751953, 21.622730255126953, 21.12468719482422, 21.15654754638672, 24.27901268005371, 23.810766220092773, 23.311288833618164, 21.173885345458984, 22.037269592285156, 24.01983070373535, 19.844518661499023, 25.643768310546875, 23.26952362060547, 25.980966567993164, 22.393705368041992, 24.91423797607422, 23.418975830078125, 23.64875030517578, 21.368772506713867, 22.532970428466797, 21.606761932373047, 21.0878963470459, 21.45166015625, 21.04454231262207, 23.992218017578125, 22.136245727539062, 24.401718139648438, 23.20315933227539, 21.116792678833008, 20.018505096435547, 20.433277130126953, 24.09125518798828, 23.697952270507812, 22.103788375854492, 18.18826675415039, 21.94979476928711, 25.62537956237793, 22.633695602416992, 23.315940856933594, 22.7623291015625, 23.207061767578125, 25.726581573486328, 26.971912384033203, 20.04825210571289, 21.33277702331543, 18.670764923095703, 21.889345169067383, 23.154306411743164, 25.823043823242188, 21.78053092956543, 17.347959518432617, 14.757478713989258, 28.110332489013672, 20.65645408630371, 18.244304656982422, 20.354400634765625, 22.657697677612305, 23.90195655822754, 24.852581024169922, 21.144237518310547, 16.76388931274414, 24.37242317199707, 22.411958694458008, 21.197996139526367, 24.999271392822266, 22.616424560546875, 23.706026077270508, 21.358726501464844, 22.482620239257812, 17.59190559387207, 30.25908660888672, 23.17812156677246, 27.988805770874023, 24.563674926757812, 23.6829776763916, 21.422958374023438, 22.510526657104492, 20.88812828063965, 21.106895446777344, 18.785457611083984, 24.82060432434082, 23.510848999023438, 24.83547592163086, 20.47519302368164, 23.332061767578125, 23.11468505859375, 20.939632415771484, 22.388151168823242, 20.591285705566406, 20.199756622314453, 22.11648178100586, 27.147008895874023, 22.911151885986328, 20.750171661376953, 22.118789672851562, 17.591917037963867, 20.210296630859375, 26.509037017822266, 23.21763801574707, 24.7640438079834, 22.59923553466797, 17.178234100341797, 25.71668815612793, 23.563579559326172, 23.526212692260742, 21.456220626831055, 27.87451934814453, 18.145341873168945, 22.129150390625, 21.67059326171875, 23.27703094482422, 24.198484420776367, 20.883285522460938, 21.62745475769043, 21.297225952148438, 21.331867218017578, 23.957969665527344, 21.697711944580078, 19.280954360961914, 23.935157775878906, 21.3077392578125, 24.49744415283203, 22.26251792907715, 25.09994888305664, 24.715042114257812, 21.814781188964844, 25.760414123535156, 25.899494171142578, 22.172130584716797, 20.467069625854492, 23.66501235961914, 24.846416473388672, 23.02756118774414, 21.60245132446289, 23.89867401123047, 20.961931228637695, 18.562366485595703, 22.12101173400879, 25.832347869873047, 21.37725067138672, 21.62698745727539, 19.753326416015625, 19.902446746826172, 22.69822120666504, 21.088253021240234, 21.740854263305664, 29.763288497924805, 23.296031951904297, 21.21248435974121, 20.647581100463867, 22.684940338134766, 22.74725341796875, 26.233510971069336, 23.50006866455078, 25.659011840820312, 20.75687599182129, 25.324382781982422, 25.766616821289062, 21.202125549316406, 18.315248489379883, 25.686267852783203, 22.320310592651367, 20.506214141845703, 23.216115951538086, 23.52924156188965, 18.317380905151367, 19.464872360229492, 24.850826263427734, 22.254886627197266, 21.179035186767578, 25.178916931152344, 26.865816116333008, 21.6065616607666, 19.23945426940918, 22.197153091430664, 31.030309677124023, 22.51911163330078, 21.336627960205078, 23.25170135498047, 21.69378662109375, 25.538604736328125, 21.30404281616211, 24.796207427978516, 19.114004135131836, 23.018871307373047, 22.385421752929688, 20.32640266418457, 24.061098098754883, 20.18685531616211, 26.375551223754883, 21.226699829101562, 23.598424911499023, 19.52164077758789, 25.215835571289062, 18.82431983947754, 26.62950325012207, 20.596515655517578, 25.611486434936523, 25.654743194580078, 20.345428466796875, 22.36422348022461, 23.55023193359375, 21.647010803222656, 22.095924377441406, 24.786846160888672, 21.16096305847168, 22.69354248046875, 23.691429138183594, 21.944000244140625, 27.938940048217773],