{"checkpoint": "outputs/r21_gfna_lr64_s95/model_0030000.pth", "num_scenes": 256, "psnr": 22.731502547860146, "lpips": 0.2697088801651262, "psnr_std_err": 0.14879400215608846, "per_scene_psnr": [19.203081130981445, 21.80218505859375, 20.705259323120117, 19.616605758666992, 25.836181640625, 23.791908264160156, 23.74385643005371, 24.883056640625, 20.30769157409668, 21.788421630859375, 25.073570251464844, 21.258987426757812, 22.979543685913086, 21.611190795898438, 22.21969985961914, 22.353607177734375, 20.321712493896484, 24.4580078125, 23.52045249938965, 21.79286766052246, 20.811134338378906, 22.858768463134766, 23.91143798828125, 25.039295196533203, 25.137374877929688, 23.9072265625, 22.79444694519043, 18.88770294189453, 25.400390625, 23.817455291748047, 25.805496215820312, 22.407684326171875, 21.366310119628906, 21.835277557373047, 24.136369705200195, 18.27562141418457, 20.939855575561523, 22.323535919189453, 25.156665802001953, 20.50166130065918, 23.494050979614258, 18.90129280090332, 21.938058853149414, 22.145938873291016, 21.429359436035156, 20.904220581054688, 22.136127471923828, 21.828285217285156, 21.105995178222656, 21.138626098632812, 24.762798309326172, 24.018266677856445, 23.511960983276367, 21.565582275390625, 21.961544036865234, 24.138324737548828, 19.8607234954834, 25.46596908569336, 23.461563110351562, 26.339750289916992, 22.407081604003906, 24.711021423339844, 23.63227653503418, 23.74118423461914, 21.2690372467041, 22.51721954345703, 21.596477508544922, 21.523866653442383, 21.853158950805664, 21.3223876953125, 24.3294620513916, 22.070884704589844, 24.336917877197266, 23.13247299194336, 21.05595588684082, 20.09222984313965, 20.437931060791016, 24.349388122558594, 23.966888427734375, 22.426738739013672, 18.460010528564453, 21.908714294433594, 25.93234634399414, 22.776365280151367, 23.326156616210938, 22.922908782958984, 23.308555603027344, 26.107086181640625, 26.903541564941406, 20.124061584472656, 21.568452835083008, 18.833589553833008, 22.037002563476562, 23.185251235961914, 26.193201065063477, 22.41138458251953, 17.60692024230957, 14.655195236206055, 28.492727279663086, 20.95401382446289, 18.393062591552734, 20.55927276611328, 23.069446563720703, 24.24679946899414, 24.898347854614258, 21.21773910522461, 17.158615112304688, 24.543790817260742, 22.74869155883789, 21.263916015625, 25.30405044555664, 23.08346939086914, 23.812082290649414, 21.91960334777832, 22.595561981201172, 17.47675323486328, 30.533512115478516, 23.361915588378906, 28.335777282714844, 24.858375549316406, 23.96955108642578, 21.450672149658203, 22.929901123046875, 21.166345596313477, 21.18257713317871, 19.162696838378906, 24.882776260375977, 23.715591430664062, 24.687484741210938, 20.657501220703125, 23.432415008544922, 23.01214027404785, 23.031333923339844, 22.52161407470703, 20.73786163330078, 20.317079544067383, 22.300243377685547, 27.36127471923828, 23.02629852294922, 21.252309799194336, 22.212387084960938, 17.681997299194336, 19.989974975585938, 26.48779296875, 23.290821075439453, 25.209651947021484, 22.825702667236328, 18.505107879638672, 25.746410369873047, 24.136150360107422, 23.936038970947266, 21.64412498474121, 28.425846099853516, 18.149227142333984, 22.263154983520508, 21.583385467529297, 23.564716339111328, 24.451486587524414, 21.093233108520508, 21.50455093383789, 21.73090362548828, 21.409469604492188, 23.948680877685547, 21.7215576171875, 19.380081176757812, 24.18277931213379, 21.244592666625977, 24.68146324157715, 22.47768783569336, 25.58169937133789, 24.78436279296875, 21.939498901367188, 25.487735748291016, 25.798614501953125, 22.431575775146484, 21.17829132080078, 23.852672576904297, 24.783241271972656, 23.135719299316406, 21.866779327392578, 24.18918800354004, 21.465618133544922, 19.38555145263672, 22.057235717773438, 25.876731872558594, 21.32566261291504, 21.76244354248047, 19.890981674194336, 20.294065475463867, 22.656112670898438, 21.228883743286133, 21.747005462646484, 29.634828567504883, 23.561153411865234, 21.290443420410156, 20.71188735961914, 23.212055206298828, 22.935928344726562, 26.262916564941406, 24.289836883544922, 25.94560432434082, 20.552988052368164, 25.43956756591797, 25.80324935913086, 21.415376663208008, 18.575891494750977, 25.87482261657715, 22.48767852783203, 20.682762145996094, 23.300039291381836, 23.625045776367188, 18.893245697021484, 20.51244354248047, 25.15180206298828, 22.369298934936523, 20.913070678710938, 25.282041549682617, 26.940093994140625, 22.092344284057617, 19.693410873413086, 22.757709503173828, 30.551605224609375, 22.812095642089844, 21.45370101928711, 23.858551025390625, 21.684898376464844, 25.798818588256836, 21.29595184326172, 24.98296546936035, 19.47036361694336, 23.149002075195312, 22.375648498535156, 20.27825164794922, 24.17559814453125, 20.28504180908203, 26.395017623901367, 21.144306182861328, 23.4634952545166, 19.76711082458496, 25.20401954650879, 19.01552963256836, 26.970312118530273, 20.886507034301758, 26.366085052490234, 25.973899841308594, 20.827472686767578, 22.607900619506836, 23.665699005126953, 21.62171173095703, 22.487995147705078, 24.945831298828125, 21.322019577026367, 23.00806999206543, 23.702259063720703, 22.216716766357422, 27.745460510253906],