{"checkpoint": "outputs/r7_loop_l2x4_boost_s95/model_0030000.pth", "num_scenes": 256, "psnr": 22.302752442657948, "lpips": 0.2869140443508513, "psnr_std_err": 0.1490942578409451, "per_scene_psnr": [18.86847496032715, 20.839431762695312, 20.6715087890625, 19.024280548095703, 24.819812774658203, 23.357799530029297, 23.279590606689453, 24.5748348236084, 20.430496215820312, 21.331174850463867, 24.820768356323242, 20.980472564697266, 22.594249725341797, 21.034849166870117, 21.9865779876709, 22.211589813232422, 20.293180465698242, 23.70977210998535, 23.463661193847656, 21.259654998779297, 20.60379981994629, 22.580480575561523, 23.125228881835938, 24.24935531616211, 25.088775634765625, 22.868404388427734, 22.457244873046875, 18.165849685668945, 25.151931762695312, 23.653362274169922, 25.352069854736328, 21.693971633911133, 20.79624366760254, 21.575439453125, 23.490877151489258, 18.22980499267578, 20.35793113708496, 21.92888641357422, 24.811418533325195, 20.20550537109375, 23.177005767822266, 18.521224975585938, 21.250104904174805, 22.000961303710938, 21.21518325805664, 20.619434356689453, 21.658802032470703, 21.210399627685547, 20.772781372070312, 20.961421966552734, 23.49456024169922, 23.58293342590332, 23.04986572265625, 20.624103546142578, 21.711166381835938, 23.68007469177246, 19.847986221313477, 25.31945037841797, 22.945100784301758, 25.881534576416016, 22.334762573242188, 24.37553596496582, 23.126724243164062, 23.451425552368164, 21.224010467529297, 22.026538848876953, 21.440839767456055, 21.05593490600586, 21.35909652709961, 20.71464729309082, 23.9682674407959, 21.922433853149414, 23.938793182373047, 23.089582443237305, 21.029977798461914, 19.82012176513672, 20.2573299407959, 23.632051467895508, 23.588674545288086, 22.126323699951172, 18.28931427001953, 21.773996353149414, 25.50765609741211, 22.521392822265625, 22.897201538085938, 22.418611526489258, 22.90200424194336, 25.512718200683594, 26.677234649658203, 19.797473907470703, 21.006385803222656, 18.52912139892578, 21.469343185424805, 23.00301742553711, 25.848695755004883, 21.26796531677246, 17.10145378112793, 14.4625244140625, 27.609703063964844, 20.191696166992188, 18.297151565551758, 20.149883270263672, 22.36917495727539, 23.756437301635742, 24.434127807617188, 20.940988540649414, 17.11795997619629, 24.10616111755371, 22.20716667175293, 20.885406494140625, 24.69805145263672, 22.214202880859375, 23.483261108398438, 21.17049217224121, 22.214012145996094, 17.714889526367188, 30.283021926879883, 23.000045776367188, 27.635011672973633, 24.83294677734375, 23.14439582824707, 21.109146118164062, 22.08993911743164, 20.432209014892578, 20.807388305664062, 18.60036277770996, 24.492965698242188, 23.25688934326172, 24.487550735473633, 20.321659088134766, 22.740964889526367, 22.753246307373047, 20.371719360351562, 21.760835647583008, 20.190807342529297, 20.161422729492188, 21.68463134765625, 27.05306053161621, 22.64266014099121, 20.573131561279297, 21.924440383911133, 17.631877899169922, 19.570560455322266, 26.307064056396484, 22.985517501831055, 24.532886505126953, 22.487380981445312, 16.079452514648438, 25.42656898498535, 23.30975341796875, 23.30026626586914, 21.322742462158203, 28.03885269165039, 18.016237258911133, 21.880311965942383, 21.53108787536621, 22.875194549560547, 23.793262481689453, 20.654464721679688, 21.522953033447266, 21.01795196533203, 21.07563018798828, 23.78067398071289, 21.417198181152344, 19.30335235595703, 23.97800064086914, 21.175167083740234, 24.218828201293945, 21.80236053466797, 25.00697898864746, 24.533714294433594, 21.630107879638672, 24.945331573486328, 25.801071166992188, 22.114337921142578, 20.08098602294922, 23.373029708862305, 24.756866455078125, 22.741920471191406, 21.175851821899414, 23.61335563659668, 20.82900047302246, 18.580913543701172, 21.591686248779297, 25.793685913085938, 21.229331970214844, 21.314374923706055, 19.729848861694336, 19.718303680419922, 22.403244018554688, 21.004650115966797, 21.499759674072266, 29.352779388427734, 23.167875289916992, 21.07172966003418, 20.221115112304688, 22.496055603027344, 22.40276527404785, 26.058048248291016, 23.658187866210938, 25.61534881591797, 20.274673461914062, 24.946529388427734, 25.597251892089844, 20.868228912353516, 18.12284278869629, 25.496349334716797, 22.085988998413086, 20.2906494140625, 22.82564353942871, 23.19441795349121, 18.048799514770508, 19.02423858642578, 24.37933349609375, 22.067855834960938, 20.62518882751465, 25.02918243408203, 26.622596740722656, 21.503068923950195, 19.119779586791992, 21.57167625427246, 30.450193405151367, 22.21196174621582, 21.300121307373047, 22.908432006835938, 21.6384220123291, 25.108142852783203, 21.096952438354492, 24.183828353881836, 18.659101486206055, 22.857759475708008, 22.3555908203125, 20.159175872802734, 23.901630401611328, 20.276899337768555, 26.141321182250977, 21.168045043945312, 23.535921096801758, 19.681278228759766, 25.01734161376953, 18.5218448638916, 26.320758819580078, 20.21847152709961, 25.25754165649414, 25.174800872802734, 20.03777313232422, 22.188419342041016, 23.10085678100586, 21.317834854125977, 21.969417572021484, 24.921205520629883, 20.831127166748047, 22.683734893798828, 23.476112365722656, 22.022384643554688, 27.724811553955078],