{"checkpoint": "outputs/r18_bgs_s96/model_0030000.pth", "num_scenes": 256, "psnr": 22.18704605102539, "lpips": 0.28949006559560075, "psnr_std_err": 0.14790298377470346, "per_scene_psnr": [18.81624412536621, 20.71558380126953, 20.343904495239258, 18.996057510375977, 23.926963806152344, 23.39271354675293, 23.021259307861328, 24.492948532104492, 20.220924377441406, 20.99127197265625, 24.546430587768555, 20.817752838134766, 22.505653381347656, 20.89139175415039, 21.842897415161133, 22.145580291748047, 20.260807037353516, 23.539871215820312, 23.26982307434082, 21.322431564331055, 20.22271728515625, 22.696773529052734, 23.19561195373535, 24.16345977783203, 24.959415435791016, 22.578336715698242, 22.445571899414062, 18.090898513793945, 25.19697380065918, 23.51702880859375, 25.206758499145508, 21.697084426879883, 20.8085994720459, 21.862890243530273, 23.2298641204834, 18.141342163085938, 20.201828002929688, 22.003774642944336, 24.734725952148438, 19.66363525390625, 22.972763061523438, 18.338926315307617, 21.153034210205078, 22.01197624206543, 21.21690559387207, 20.604156494140625, 21.68756675720215, 20.988645553588867, 20.883113861083984, 20.91488265991211, 23.684432983398438, 23.435850143432617, 22.663787841796875, 20.583717346191406, 21.39126205444336, 23.706661224365234, 19.86344337463379, 25.54625701904297, 22.85763168334961, 25.614261627197266, 22.20388412475586, 23.540918350219727, 22.930416107177734, 23.34806251525879, 21.277381896972656, 22.043169021606445, 21.23043441772461, 21.009193420410156, 21.288516998291016, 20.649499893188477, 23.5707950592041, 21.878063201904297, 23.814212799072266, 22.940143585205078, 20.941965103149414, 19.880163192749023, 20.30172348022461, 23.650646209716797, 23.400413513183594, 21.964189529418945, 18.168729782104492, 21.481407165527344, 25.147918701171875, 22.21200180053711, 22.766695022583008, 22.144779205322266, 22.876922607421875, 25.42669677734375, 26.61332893371582, 19.657350540161133, 21.045307159423828, 18.526947021484375, 21.29483413696289, 22.842052459716797, 25.30340003967285, 20.857908248901367, 17.183673858642578, 14.544258117675781, 27.6230411529541, 20.035429000854492, 18.22589683532715, 19.82080078125, 22.3551025390625, 23.39212417602539, 24.21866226196289, 20.899564743041992, 16.780174255371094, 23.949020385742188, 22.294658660888672, 20.959264755249023, 24.56113052368164, 22.07413101196289, 23.194747924804688, 20.94522476196289, 22.253681182861328, 17.620174407958984, 30.115907669067383, 22.745363235473633, 27.585094451904297, 24.30852699279785, 22.712993621826172, 21.158241271972656, 21.322906494140625, 20.46139144897461, 20.755123138427734, 18.60114860534668, 24.480499267578125, 23.24925994873047, 24.504058837890625, 20.165098190307617, 22.71329116821289, 22.476465225219727, 19.998228073120117, 21.918832778930664, 20.2963924407959, 20.137039184570312, 21.563087463378906, 26.689393997192383, 22.408180236816406, 20.554458618164062, 21.712827682495117, 17.49953842163086, 20.049781799316406, 25.966793060302734, 22.857236862182617, 24.612838745117188, 22.47039794921875, 15.91176986694336, 25.318910598754883, 23.294876098632812, 23.124523162841797, 21.277027130126953, 27.867015838623047, 17.892791748046875, 21.9501953125, 21.473068237304688, 22.55550193786621, 23.848669052124023, 20.58182716369629, 21.441823959350586, 20.813743591308594, 20.91782569885254, 23.55266571044922, 21.39594268798828, 19.150463104248047, 23.80098533630371, 21.111820220947266, 23.98116683959961, 21.707683563232422, 24.980026245117188, 24.612293243408203, 21.673912048339844, 25.194477081298828, 25.381290435791016, 21.867870330810547, 20.15018081665039, 23.32444190979004, 24.86496925354004, 22.550832748413086, 21.011999130249023, 23.474212646484375, 20.737518310546875, 18.806787490844727, 21.542692184448242, 25.58367919921875, 21.226518630981445, 21.243772506713867, 19.62435531616211, 19.785552978515625, 22.375450134277344, 20.939655303955078, 21.365251541137695, 29.074966430664062, 22.869279861450195, 20.818336486816406, 20.026948928833008, 22.39128303527832, 22.230070114135742, 25.830677032470703, 23.63463592529297, 25.435489654541016, 20.075780868530273, 24.696964263916016, 25.26544952392578, 20.667892456054688, 17.968957901000977, 25.585525512695312, 22.04216194152832, 19.76058006286621, 23.054353713989258, 23.06390953063965, 18.003440856933594, 19.02291488647461, 24.357585906982422, 21.943017959594727, 20.48812484741211, 25.038860321044922, 26.48168182373047, 21.650257110595703, 18.96548080444336, 21.74184799194336, 30.747690200805664, 22.305334091186523, 21.061573028564453, 22.8042049407959, 21.49456214904785, 24.883201599121094, 21.073745727539062, 24.139902114868164, 18.632522583007812, 22.726261138916016, 22.19243049621582, 19.93534278869629, 23.65269660949707, 20.24808120727539, 26.063762664794922, 21.099193572998047, 23.287389755249023, 19.695453643798828, 24.871625900268555, 18.52269744873047, 26.2269229888916, 20.353343963623047, 25.251466751098633, 25.212135314941406, 20.001781463623047, 21.838436126708984, 22.83142852783203, 21.148372650146484, 21.896121978759766, 24.612773895263672, 20.641178131103516, 22.169017791748047, 23.608476638793945, 21.576993942260742, 27.554847717285156],