{
 "expname": "lm_big_affine_s95",
 "val_loss": 3.7044379971921444,
 "ppl": 40.6272082945457,
 "params_M": 78.440073,
 "steps": 15000,
 "tokens": 245760000
}