{"checkpoint": "outputs/r19_bgsfo_nlcond_s95/model_0030000.pth", "num_scenes": 256, "psnr": 22.631799589842558, "lpips": 0.27676005609100685, "psnr_std_err": 0.15148039875155747, "per_scene_psnr": [19.24390411376953, 21.55999755859375, 20.799541473388672, 19.325258255004883, 25.420244216918945, 23.537691116333008, 23.626739501953125, 24.907733917236328, 20.463775634765625, 21.822650909423828, 25.073720932006836, 21.292633056640625, 22.98023223876953, 21.47080421447754, 22.01253890991211, 22.49620246887207, 20.438413619995117, 24.256900787353516, 23.77969741821289, 21.297626495361328, 20.949657440185547, 22.947790145874023, 23.693145751953125, 24.652576446533203, 25.33677101135254, 23.258955001831055, 22.770198822021484, 18.31353187561035, 25.462295532226562, 23.77486228942871, 25.746469497680664, 22.166975021362305, 21.13915252685547, 22.13555908203125, 23.898799896240234, 18.219303131103516, 20.480342864990234, 22.242881774902344, 25.025110244750977, 20.565738677978516, 23.58167839050293, 18.969371795654297, 21.83621597290039, 22.0679931640625, 21.496143341064453, 20.804447174072266, 22.156097412109375, 21.49069595336914, 21.161996841430664, 21.134353637695312, 24.017372131347656, 23.822021484375, 23.578411102294922, 21.173612594604492, 22.14839744567871, 24.195262908935547, 19.918292999267578, 25.51133155822754, 23.355640411376953, 26.18008804321289, 22.518129348754883, 25.059938430786133, 23.6158390045166, 23.668437957763672, 21.327455520629883, 22.469778060913086, 21.707746505737305, 21.312829971313477, 21.794340133666992, 21.30620765686035, 24.114578247070312, 22.09241485595703, 24.35272979736328, 23.23784828186035, 21.133724212646484, 20.00593376159668, 20.389453887939453, 23.850067138671875, 23.828807830810547, 22.23619842529297, 18.568370819091797, 22.44056510925293, 25.241466522216797, 22.86168098449707, 23.426979064941406, 22.731664657592773, 23.32415008544922, 26.067184448242188, 26.89317512512207, 20.04995346069336, 21.380741119384766, 18.751220703125, 21.966020584106445, 23.27783203125, 26.080490112304688, 22.126577377319336, 17.408687591552734, 14.568400382995605, 28.494169235229492, 20.782854080200195, 18.358797073364258, 20.194398880004883, 22.6674861907959, 24.234350204467773, 24.803340911865234, 21.217422485351562, 16.82921600341797, 24.46230125427246, 22.721912384033203, 21.14577865600586, 25.295799255371094, 23.01856231689453, 23.95352554321289, 21.668426513671875, 22.556455612182617, 17.743793487548828, 30.607254028320312, 23.33414077758789, 28.219799041748047, 24.897249221801758, 23.659517288208008, 21.205951690673828, 22.31890106201172, 20.683069229125977, 21.079931259155273, 18.6434326171875, 24.633514404296875, 23.59931755065918, 24.924606323242188, 20.50908660888672, 23.463233947753906, 22.923925399780273, 21.00273323059082, 22.538501739501953, 20.753496170043945, 20.26157569885254, 22.06545639038086, 27.364818572998047, 22.873811721801758, 21.097564697265625, 21.975608825683594, 17.738338470458984, 19.783489227294922, 26.637828826904297, 23.061811447143555, 25.182666778564453, 22.656742095947266, 16.48841667175293, 25.57811737060547, 23.89173126220703, 23.584850311279297, 21.444725036621094, 28.585220336914062, 18.45366859436035, 22.204566955566406, 21.61777114868164, 23.547805786132812, 24.26662254333496, 20.95939826965332, 21.52376937866211, 21.69521713256836, 21.259897232055664, 24.244081497192383, 21.71267318725586, 19.474510192871094, 24.15422248840332, 21.44148826599121, 24.841999053955078, 22.295866012573242, 25.339181900024414, 24.889217376708984, 21.83551597595215, 25.34481430053711, 26.00888442993164, 22.40882110595703, 20.583721160888672, 23.819673538208008, 24.68083381652832, 23.15359878540039, 21.673587799072266, 23.886213302612305, 21.3840274810791, 19.21931266784668, 22.17467498779297, 26.030662536621094, 21.368017196655273, 21.521684646606445, 19.928491592407227, 20.05490493774414, 22.806018829345703, 21.175037384033203, 21.835182189941406, 29.718387603759766, 23.382394790649414, 21.271034240722656, 20.140993118286133, 22.91937828063965, 22.695199966430664, 26.535747528076172, 24.416940689086914, 26.0502986907959, 20.41584014892578, 25.305917739868164, 26.077411651611328, 21.04395294189453, 18.523508071899414, 25.68692398071289, 22.33163070678711, 20.58828353881836, 23.52396011352539, 23.61606216430664, 18.75859260559082, 19.40994644165039, 24.91043472290039, 22.27079200744629, 21.05217933654785, 25.3518009185791, 26.723777770996094, 22.125051498413086, 19.440048217773438, 22.03158950805664, 30.74333953857422, 22.85833168029785, 21.5310001373291, 23.420726776123047, 21.599607467651367, 25.650001525878906, 21.290931701660156, 24.804689407348633, 19.058446884155273, 23.131362915039062, 22.483524322509766, 20.272605895996094, 24.154518127441406, 20.41143798828125, 26.43854331970215, 21.353132247924805, 23.81830596923828, 19.887388229370117, 25.34959602355957, 18.802568435668945, 26.652759552001953, 20.76207733154297, 25.528560638427734, 25.918537139892578, 20.28881072998047, 22.03514289855957, 23.509445190429688, 21.73882484436035, 22.60712432861328, 24.88296890258789, 21.09111976623535, 22.917451858520508, 23.703489303588867, 22.191059112548828, 27.92705726623535],