{"checkpoint": "outputs/r18_boost_s97/model_0030000.pth", "num_scenes": 256, "psnr": 22.08787725493312, "lpips": 0.2909139273688197, "psnr_std_err": 0.1472784465290611, "per_scene_psnr": [18.501893997192383, 20.883132934570312, 20.29045867919922, 18.815425872802734, 24.21395492553711, 23.17960548400879, 22.91668701171875, 24.300249099731445, 20.202289581298828, 20.902814865112305, 24.50490951538086, 20.742923736572266, 22.375385284423828, 20.846858978271484, 21.60735321044922, 21.93979263305664, 20.198686599731445, 23.53757095336914, 23.30462646484375, 21.070987701416016, 20.157672882080078, 22.413976669311523, 22.919612884521484, 24.052885055541992, 24.645652770996094, 22.63288116455078, 22.160541534423828, 18.24356460571289, 25.141820907592773, 23.278614044189453, 24.996335983276367, 21.74233627319336, 20.826889038085938, 21.56908416748047, 22.969377517700195, 18.086658477783203, 20.18621253967285, 21.90377426147461, 24.591943740844727, 19.649192810058594, 23.034582138061523, 18.03226661682129, 20.826663970947266, 21.66577911376953, 20.74215316772461, 20.46248435974121, 21.788148880004883, 20.89234161376953, 20.67998504638672, 20.84132194519043, 23.174720764160156, 23.289306640625, 22.875993728637695, 20.4573974609375, 21.50650405883789, 23.501235961914062, 19.669477462768555, 25.40174674987793, 22.84282875061035, 25.360599517822266, 22.15176773071289, 23.59139633178711, 22.79283332824707, 23.04322052001953, 21.15541648864746, 21.80329132080078, 21.166202545166016, 20.88801383972168, 21.34881019592285, 20.03347396850586, 23.68694496154785, 21.730667114257812, 23.97599220275879, 22.863616943359375, 20.724903106689453, 19.577896118164062, 20.066181182861328, 23.619956970214844, 23.567272186279297, 22.022235870361328, 17.952510833740234, 21.196386337280273, 25.13360023498535, 22.172882080078125, 22.733917236328125, 22.178272247314453, 22.60521697998047, 25.427154541015625, 26.581342697143555, 19.683195114135742, 21.030155181884766, 18.54724884033203, 21.591693878173828, 22.756114959716797, 24.982830047607422, 20.851259231567383, 16.852462768554688, 14.583462715148926, 27.58348274230957, 19.83677101135254, 18.082733154296875, 19.66587257385254, 22.372283935546875, 23.465972900390625, 24.27068328857422, 20.774477005004883, 17.053077697753906, 23.8306884765625, 21.98987579345703, 20.794559478759766, 24.087812423706055, 21.91776466369629, 23.205564498901367, 20.902292251586914, 22.14277458190918, 17.479400634765625, 29.73871612548828, 22.68169403076172, 27.296092987060547, 23.988859176635742, 23.059206008911133, 21.157543182373047, 21.621191024780273, 20.476707458496094, 20.62330436706543, 18.266843795776367, 24.507686614990234, 22.98065185546875, 24.678775787353516, 20.136924743652344, 22.708036422729492, 22.518810272216797, 19.571949005126953, 21.802370071411133, 20.072267532348633, 19.961223602294922, 21.643024444580078, 26.519935607910156, 22.470075607299805, 20.331518173217773, 21.735021591186523, 17.40505599975586, 19.74908447265625, 26.117595672607422, 22.773923873901367, 24.467864990234375, 22.32925033569336, 16.320940017700195, 25.157794952392578, 23.023818969726562, 23.082143783569336, 21.20708656311035, 27.834392547607422, 17.777189254760742, 21.66839599609375, 21.41579818725586, 22.778308868408203, 23.491575241088867, 20.541255950927734, 21.312253952026367, 20.591453552246094, 20.99054718017578, 23.387439727783203, 21.14248275756836, 19.172521591186523, 23.466100692749023, 21.14912986755371, 23.949787139892578, 21.603759765625, 24.750324249267578, 24.618207931518555, 21.664424896240234, 24.801666259765625, 25.551816940307617, 21.76247787475586, 19.859737396240234, 23.21221160888672, 24.513280868530273, 22.884485244750977, 20.922386169433594, 23.515356063842773, 20.6668701171875, 18.605323791503906, 21.446144104003906, 25.675413131713867, 21.04077911376953, 21.02778434753418, 19.61241912841797, 19.540699005126953, 22.279539108276367, 20.912555694580078, 21.32468032836914, 29.270498275756836, 22.954753875732422, 20.802783966064453, 19.977615356445312, 22.108783721923828, 22.12905502319336, 25.667377471923828, 23.697673797607422, 25.141260147094727, 20.094091415405273, 24.796138763427734, 25.421907424926758, 20.509374618530273, 17.94281005859375, 25.320289611816406, 22.07979393005371, 20.002229690551758, 23.058300018310547, 23.000688552856445, 18.071138381958008, 18.896512985229492, 24.14876937866211, 21.717670440673828, 20.404760360717773, 24.47016143798828, 26.320213317871094, 21.262598037719727, 18.804237365722656, 21.522729873657227, 30.450641632080078, 22.08981704711914, 21.01787567138672, 22.72856903076172, 21.52733612060547, 24.566387176513672, 20.996267318725586, 23.92450714111328, 18.63409996032715, 22.747085571289062, 22.012371063232422, 19.926231384277344, 23.599645614624023, 20.141067504882812, 25.921527862548828, 20.85259246826172, 23.31970977783203, 19.405595779418945, 24.841106414794922, 18.443065643310547, 25.85281753540039, 20.0028018951416, 25.14672088623047, 24.862350463867188, 19.920650482177734, 21.914875030517578, 22.689613342285156, 21.234588623046875, 21.83302879333496, 24.67921257019043, 20.55751609802246, 21.909618377685547, 23.388561248779297, 21.898048400878906, 27.546432495117188],