{"checkpoint": "outputs/r5_loop_l2x5_lj_delta_s95/model_0030000.pth", "num_scenes": 256, "psnr": 20.53971005231142, "lpips": 0.3570838105515577, "psnr_std_err": 0.13658532039355017, "per_scene_psnr": [17.449851989746094, 19.434120178222656, 18.651092529296875, 17.311203002929688, 21.888019561767578, 21.696767807006836, 20.959531784057617, 23.00163459777832, 18.98085594177246, 19.08890724182129, 22.498584747314453, 19.43454360961914, 20.91219711303711, 18.836362838745117, 20.31398582458496, 20.64902114868164, 18.91196060180664, 22.294416427612305, 21.78020668029785, 19.933197021484375, 18.357866287231445, 20.715423583984375, 20.900232315063477, 21.84569549560547, 22.692956924438477, 20.681869506835938, 20.726396560668945, 16.982894897460938, 23.688745498657227, 21.976211547851562, 23.249027252197266, 20.130905151367188, 19.404813766479492, 19.745906829833984, 21.35028839111328, 17.036569595336914, 18.470943450927734, 20.158702850341797, 22.648170471191406, 18.209760665893555, 21.354812622070312, 16.558582305908203, 19.563133239746094, 20.276405334472656, 19.133365631103516, 19.188337326049805, 20.190547943115234, 19.247333526611328, 19.104528427124023, 19.811824798583984, 21.229591369628906, 21.946651458740234, 20.17790985107422, 18.855731964111328, 18.89406967163086, 22.365257263183594, 18.551546096801758, 24.09364891052246, 21.14875602722168, 23.878162384033203, 21.189407348632812, 22.015798568725586, 20.98178482055664, 20.177562713623047, 19.925642013549805, 20.077627182006836, 19.3315486907959, 19.458110809326172, 19.873214721679688, 18.551036834716797, 22.21393585205078, 19.983989715576172, 22.239971160888672, 20.820009231567383, 19.768512725830078, 18.52237319946289, 19.33081817626953, 21.13117218017578, 22.288644790649414, 20.79677391052246, 17.282421112060547, 19.2741756439209, 23.578283309936523, 20.23659896850586, 20.571773529052734, 20.800016403198242, 20.803165435791016, 23.41598892211914, 25.55565643310547, 18.622753143310547, 19.338621139526367, 17.873905181884766, 20.197723388671875, 21.296714782714844, 21.97964859008789, 18.877323150634766, 15.880379676818848, 14.081807136535645, 25.86305809020996, 17.716543197631836, 17.023452758789062, 18.394142150878906, 20.82521629333496, 22.003372192382812, 22.565099716186523, 19.24359893798828, 16.756404876708984, 22.07534408569336, 20.467002868652344, 19.26665496826172, 22.466503143310547, 20.161287307739258, 21.080718994140625, 19.430728912353516, 20.395116806030273, 16.658903121948242, 27.632511138916016, 21.142738342285156, 25.316997528076172, 21.945192337036133, 21.42948341369629, 19.855438232421875, 20.454938888549805, 19.695589065551758, 19.418163299560547, 17.21002769470215, 23.327163696289062, 21.35545539855957, 23.43661880493164, 19.05693817138672, 21.213415145874023, 20.672122955322266, 18.048070907592773, 19.94326400756836, 18.665023803710938, 19.23650360107422, 19.946767807006836, 24.269832611083984, 20.742416381835938, 18.741567611694336, 20.836450576782227, 16.897628784179688, 18.609966278076172, 24.205034255981445, 21.919116973876953, 22.996612548828125, 21.1278133392334, 14.377944946289062, 23.315031051635742, 21.2567138671875, 21.60515594482422, 20.097360610961914, 25.61720848083496, 16.71363067626953, 20.567035675048828, 20.17824935913086, 20.716217041015625, 21.67120933532715, 19.77614974975586, 19.961044311523438, 18.56777000427246, 19.409629821777344, 21.36487579345703, 19.403409957885742, 18.122175216674805, 21.779178619384766, 19.983518600463867, 22.022541046142578, 19.548280715942383, 22.894920349121094, 22.910541534423828, 20.52284049987793, 24.552841186523438, 24.27566146850586, 20.238554000854492, 18.4455509185791, 21.398479461669922, 23.67067527770996, 21.215232849121094, 19.204923629760742, 21.752117156982422, 19.400999069213867, 17.586462020874023, 19.571144104003906, 24.036212921142578, 20.294647216796875, 19.317930221557617, 18.31292152404785, 17.918222427368164, 20.8493709564209, 19.854982376098633, 20.234455108642578, 26.89589500427246, 21.010456085205078, 19.377424240112305, 17.878570556640625, 20.496780395507812, 20.681095123291016, 23.430755615234375, 21.345985412597656, 22.577598571777344, 18.949249267578125, 22.928693771362305, 23.763530731201172, 19.402753829956055, 16.577760696411133, 24.314971923828125, 20.369131088256836, 18.89789390563965, 21.341835021972656, 20.9366455078125, 17.131202697753906, 17.914897918701172, 22.056615829467773, 19.464250564575195, 18.273832321166992, 23.182170867919922, 24.64017105102539, 19.422521591186523, 17.235506057739258, 19.616796493530273, 29.004947662353516, 20.462223052978516, 19.340465545654297, 20.768417358398438, 20.31671142578125, 22.91219711303711, 20.292034149169922, 21.424583435058594, 17.66693115234375, 21.30927848815918, 20.78386688232422, 18.798049926757812, 21.998746871948242, 19.341989517211914, 24.254718780517578, 18.827505111694336, 21.077268600463867, 18.470888137817383, 23.46522331237793, 17.337509155273438, 24.232473373413086, 18.045276641845703, 23.52542495727539, 22.573177337646484, 18.566261291503906, 20.092859268188477, 20.199665069580078, 19.740076065063477, 20.064056396484375, 23.601375579833984, 18.939868927001953, 20.358247756958008, 21.763080596923828, 20.481853485107422, 24.842571258544922],