{"checkpoint": "outputs/r19_bgsfon_lr128_s96/model_0030000.pth", "num_scenes": 256, "psnr": 22.856650419533253, "lpips": 0.2610811243648641, "psnr_std_err": 0.15383841448440955, "per_scene_psnr": [19.354555130004883, 21.85968780517578, 21.095335006713867, 19.28647232055664, 24.937576293945312, 24.047086715698242, 23.875673294067383, 25.072534561157227, 20.652355194091797, 21.738887786865234, 25.418743133544922, 21.14849281311035, 23.329727172851562, 21.632972717285156, 22.11451530456543, 22.629947662353516, 20.52277374267578, 23.924808502197266, 24.08766746520996, 21.97565269470215, 20.548974990844727, 23.406980514526367, 23.83856964111328, 25.273365020751953, 25.508441925048828, 23.968570709228516, 23.316368103027344, 18.43951416015625, 25.525680541992188, 23.904741287231445, 26.231382369995117, 22.041446685791016, 21.422950744628906, 22.490633010864258, 24.30316734313965, 18.416044235229492, 20.97648811340332, 22.336034774780273, 25.26819610595703, 20.21162223815918, 23.673133850097656, 19.05147361755371, 22.298185348510742, 22.522268295288086, 22.299057006835938, 21.197927474975586, 22.405969619750977, 22.029701232910156, 21.354415893554688, 21.217693328857422, 24.90175437927246, 24.217195510864258, 23.808990478515625, 21.478403091430664, 22.503658294677734, 24.11940574645996, 20.006175994873047, 25.818967819213867, 23.441226959228516, 26.28525733947754, 22.494728088378906, 24.842470169067383, 23.73470115661621, 23.936460494995117, 21.56645965576172, 22.373096466064453, 21.915634155273438, 21.53466796875, 22.210189819335938, 21.443309783935547, 24.2941837310791, 22.254173278808594, 25.599895477294922, 23.402299880981445, 21.362581253051758, 20.121992111206055, 20.55831527709961, 24.349252700805664, 24.017362594604492, 22.547929763793945, 18.486705780029297, 21.98338508605957, 26.122901916503906, 23.10430335998535, 23.67296028137207, 22.98092269897461, 23.61441421508789, 25.877059936523438, 27.050392150878906, 19.804119110107422, 21.67998504638672, 18.78500747680664, 21.88277244567871, 23.504220962524414, 26.249677658081055, 22.23627281188965, 17.87508773803711, 14.738948822021484, 28.61492156982422, 21.083934783935547, 18.318941116333008, 20.4664249420166, 22.756139755249023, 24.402618408203125, 25.40606689453125, 21.50395393371582, 17.036468505859375, 24.709815979003906, 23.101722717285156, 21.569446563720703, 25.565874099731445, 22.8330078125, 24.01178550720215, 21.447769165039062, 22.80191421508789, 17.810848236083984, 31.050228118896484, 23.515117645263672, 28.269548416137695, 25.358070373535156, 23.48675537109375, 21.598894119262695, 23.014873504638672, 21.022502899169922, 21.419994354248047, 19.463666915893555, 24.74664306640625, 23.938159942626953, 24.71940040588379, 20.518348693847656, 23.727977752685547, 23.394336700439453, 20.806018829345703, 22.696094512939453, 20.785818099975586, 20.377132415771484, 22.38272476196289, 27.9008846282959, 23.173799514770508, 21.447463989257812, 22.16840362548828, 17.7027645111084, 20.4573974609375, 26.800880432128906, 23.60578155517578, 25.353885650634766, 22.74217987060547, 16.810012817382812, 25.826618194580078, 23.970909118652344, 24.098106384277344, 21.81423568725586, 28.83648109436035, 18.517074584960938, 22.500669479370117, 21.878849029541016, 23.83506965637207, 24.359973907470703, 20.989131927490234, 21.808399200439453, 22.03394889831543, 21.61968231201172, 24.27988052368164, 21.964466094970703, 19.48130989074707, 24.523191452026367, 21.31865692138672, 24.942401885986328, 22.741851806640625, 25.73584747314453, 25.097131729125977, 22.020782470703125, 25.969680786132812, 25.913848876953125, 22.501312255859375, 20.776084899902344, 24.069019317626953, 25.065181732177734, 23.286224365234375, 22.16861343383789, 23.91779136657715, 21.35901641845703, 19.253211975097656, 22.299060821533203, 25.976106643676758, 21.590225219726562, 21.80494499206543, 19.984840393066406, 20.11998748779297, 22.8098087310791, 21.348447799682617, 21.834434509277344, 29.99292755126953, 23.815229415893555, 21.434127807617188, 21.017982482910156, 23.602436065673828, 22.904441833496094, 26.659835815429688, 24.81062126159668, 26.24663543701172, 20.88749885559082, 25.706100463867188, 25.961864471435547, 21.074298858642578, 18.661270141601562, 25.978221893310547, 22.551822662353516, 20.658790588378906, 23.705020904541016, 23.90705108642578, 18.69308853149414, 19.928470611572266, 25.10717010498047, 22.567127227783203, 21.637039184570312, 25.730600357055664, 26.93341827392578, 22.19795036315918, 19.71364974975586, 22.739315032958984, 31.54494857788086, 23.1731014251709, 21.591405868530273, 24.11371612548828, 21.953582763671875, 25.464385986328125, 21.381948471069336, 25.518169403076172, 19.176898956298828, 23.221139907836914, 22.700336456298828, 20.405513763427734, 24.250694274902344, 20.604869842529297, 26.577247619628906, 21.541000366210938, 24.126907348632812, 19.829986572265625, 25.413837432861328, 19.011085510253906, 27.4085636138916, 20.749622344970703, 25.878433227539062, 26.161701202392578, 21.09246826171875, 22.54793930053711, 23.834739685058594, 21.820375442504883, 22.556812286376953, 24.892257690429688, 21.300945281982422, 23.046833038330078, 23.936126708984375, 22.2713565826416, 28.265281677246094],