{"checkpoint": "outputs/r22_d512_gf_lr64_s97/model_0030000.pth", "num_scenes": 256, "psnr": 24.385036423802376, "lpips": 0.20649014943046495, "psnr_std_err": 0.16450497925221078, "per_scene_psnr": [21.202306747436523, 23.684175491333008, 23.232995986938477, 20.347965240478516, 26.86066436767578, 25.47153091430664, 25.84749984741211, 26.617473602294922, 21.626731872558594, 23.2852783203125, 27.546436309814453, 22.49748992919922, 24.322254180908203, 23.115461349487305, 23.056547164916992, 24.103801727294922, 21.618135452270508, 26.222747802734375, 25.455093383789062, 22.686243057250977, 22.815460205078125, 25.43217658996582, 25.067798614501953, 26.96783447265625, 28.00361442565918, 25.47641944885254, 24.552783966064453, 19.858142852783203, 26.556873321533203, 25.21940040588379, 28.013036727905273, 23.03037452697754, 23.072486877441406, 23.448570251464844, 25.983678817749023, 18.92119598388672, 21.792409896850586, 24.021926879882812, 26.90265464782715, 21.83565902709961, 25.42859649658203, 20.596126556396484, 23.84737777709961, 23.848453521728516, 23.50885009765625, 21.865127563476562, 23.489967346191406, 23.38229751586914, 22.70441436767578, 22.27541732788086, 26.897598266601562, 26.205480575561523, 26.331750869750977, 23.54020881652832, 25.096858978271484, 25.31654167175293, 21.188114166259766, 26.961881637573242, 25.715927124023438, 28.192148208618164, 23.761825561523438, 26.601318359375, 25.547639846801758, 26.415740966796875, 22.743030548095703, 23.941308975219727, 23.907119750976562, 22.980091094970703, 23.582706451416016, 23.10896110534668, 25.8933162689209, 23.38750648498535, 26.52338218688965, 25.300443649291992, 22.093544006347656, 21.36878776550293, 21.879911422729492, 25.66075897216797, 25.411291122436523, 23.390071868896484, 19.90530776977539, 24.21095848083496, 27.98816680908203, 24.99748992919922, 25.74110221862793, 24.290531158447266, 26.12543487548828, 27.728702545166016, 28.24993133544922, 21.16677474975586, 23.223888397216797, 19.45108985900879, 22.278316497802734, 25.1455078125, 28.00167465209961, 24.06997299194336, 19.073638916015625, 15.172225952148438, 30.419218063354492, 22.824851989746094, 20.113935470581055, 22.119234085083008, 23.50832748413086, 26.448583602905273, 26.243019104003906, 22.987567901611328, 17.74891471862793, 26.336177825927734, 25.16648292541504, 23.17493438720703, 27.2598934173584, 25.01626205444336, 25.50878143310547, 23.387428283691406, 24.156597137451172, 18.929880142211914, 33.083740234375, 24.965713500976562, 29.967729568481445, 27.657211303710938, 25.29388427734375, 22.118663787841797, 24.353450775146484, 22.337295532226562, 22.69822120666504, 20.779712677001953, 25.752864837646484, 24.471744537353516, 26.477638244628906, 22.267839431762695, 25.116682052612305, 24.960453033447266, 25.83329200744629, 24.401172637939453, 22.18862533569336, 21.01174545288086, 23.62285614013672, 30.240400314331055, 25.102108001708984, 22.822166442871094, 22.943580627441406, 18.37067985534668, 21.710092544555664, 27.837806701660156, 24.970876693725586, 27.086076736450195, 23.6299991607666, 21.204530715942383, 27.023395538330078, 25.10147476196289, 25.65508270263672, 22.892711639404297, 30.78579330444336, 19.995689392089844, 23.588382720947266, 22.724382400512695, 25.505781173706055, 26.011878967285156, 21.998878479003906, 23.372886657714844, 23.69939613342285, 22.927635192871094, 26.626934051513672, 22.988162994384766, 20.500032424926758, 26.08676528930664, 22.309968948364258, 26.674192428588867, 25.095720291137695, 27.696210861206055, 26.357776641845703, 22.873844146728516, 26.784269332885742, 26.718978881835938, 24.219053268432617, 21.82891845703125, 25.957496643066406, 26.139801025390625, 24.611366271972656, 23.670387268066406, 25.626392364501953, 23.191707611083984, 20.92449188232422, 24.372390747070312, 26.942371368408203, 22.08251190185547, 23.449983596801758, 20.94658088684082, 20.93355941772461, 24.787931442260742, 22.332443237304688, 22.927852630615234, 32.109798431396484, 25.96519660949707, 22.699562072753906, 23.22072982788086, 25.300804138183594, 24.046266555786133, 28.884410858154297, 26.482141494750977, 28.67221450805664, 22.700407028198242, 26.908254623413086, 27.59361457824707, 22.372838973999023, 20.006305694580078, 27.44175148010254, 23.7984561920166, 22.215656280517578, 25.725208282470703, 26.088781356811523, 19.837705612182617, 22.389524459838867, 26.930330276489258, 24.4852294921875, 23.72624969482422, 27.168163299560547, 28.267311096191406, 23.7518310546875, 21.26845359802246, 24.458887100219727, 32.72853088378906, 24.253482818603516, 23.034603118896484, 26.248775482177734, 23.555072784423828, 27.785003662109375, 22.07170867919922, 27.975906372070312, 20.695117950439453, 24.188535690307617, 23.326406478881836, 21.178197860717773, 24.75923728942871, 21.6346435546875, 27.95686912536621, 23.437089920043945, 26.25067710876465, 21.363819122314453, 27.79806137084961, 20.748149871826172, 29.2015380859375, 22.482467651367188, 28.09319496154785, 28.28426742553711, 22.279354095458984, 24.07821273803711, 25.392559051513672, 23.647079467773438, 24.171825408935547, 25.48400115966797, 23.252090454101562, 24.553096771240234, 25.551177978515625, 23.766464233398438, 30.769670486450195],