{"checkpoint": "outputs/r19_gfso_s95/model_0030000.pth", "num_scenes": 256, "psnr": 22.53919431567192, "lpips": 0.2780533960903995, "psnr_std_err": 0.14956015596699926, "per_scene_psnr": [18.992111206054688, 21.186203002929688, 20.67220687866211, 19.3300724029541, 25.431011199951172, 23.512868881225586, 23.585233688354492, 24.719501495361328, 20.475282669067383, 21.725770950317383, 25.098251342773438, 21.082897186279297, 22.692087173461914, 21.36529541015625, 21.97923469543457, 22.240293502807617, 20.316755294799805, 24.240161895751953, 23.52591323852539, 21.251371383666992, 20.84815788269043, 22.64449691772461, 23.50939178466797, 24.65152359008789, 25.015716552734375, 23.317996978759766, 22.746694564819336, 18.40111541748047, 25.42107391357422, 23.641353607177734, 25.562498092651367, 22.244279861450195, 21.238746643066406, 22.112869262695312, 23.467464447021484, 18.170154571533203, 20.523025512695312, 22.125385284423828, 24.850854873657227, 20.373111724853516, 23.292551040649414, 18.685375213623047, 21.69032096862793, 22.42124366760254, 21.45366859436035, 20.68392562866211, 22.018821716308594, 21.305923461914062, 21.145410537719727, 21.109132766723633, 24.10474395751953, 23.789901733398438, 23.32162094116211, 21.33639144897461, 21.92181396484375, 24.213626861572266, 19.90584373474121, 25.50132942199707, 23.274192810058594, 25.891563415527344, 22.4818058013916, 24.963083267211914, 23.4700984954834, 23.46109390258789, 21.315391540527344, 22.484142303466797, 21.518638610839844, 21.227388381958008, 21.68698501586914, 20.954662322998047, 24.0848388671875, 22.0463924407959, 24.134950637817383, 23.066570281982422, 21.138500213623047, 19.939640045166016, 20.522377014160156, 24.129465103149414, 23.74422264099121, 22.384794235229492, 18.3647403717041, 22.161836624145508, 25.430402755737305, 22.496278762817383, 23.16615867614746, 22.694900512695312, 23.202524185180664, 25.84644317626953, 26.88738250732422, 20.022611618041992, 21.345081329345703, 18.78544807434082, 21.768173217773438, 23.073575973510742, 25.922462463378906, 21.86240005493164, 17.338115692138672, 14.753120422363281, 28.295570373535156, 20.536069869995117, 18.32750701904297, 20.126537322998047, 22.644649505615234, 24.013404846191406, 24.969955444335938, 21.210186004638672, 17.206829071044922, 24.35184669494629, 22.45050811767578, 21.069137573242188, 25.01925277709961, 22.74965476989746, 23.773595809936523, 21.46432876586914, 22.44515609741211, 17.693805694580078, 30.30286407470703, 23.1702880859375, 27.92548370361328, 24.674636840820312, 23.611732482910156, 21.195842742919922, 21.945472717285156, 20.751750946044922, 21.177440643310547, 18.855091094970703, 24.636585235595703, 23.658836364746094, 24.73440933227539, 20.483186721801758, 23.21833610534668, 22.964698791503906, 20.582000732421875, 22.293710708618164, 20.564056396484375, 20.141761779785156, 21.88995361328125, 27.00047492980957, 22.73729133605957, 21.035114288330078, 21.88988494873047, 17.647512435913086, 19.766576766967773, 26.544858932495117, 23.517318725585938, 24.985271453857422, 22.647159576416016, 16.598302841186523, 25.569976806640625, 23.561763763427734, 23.618797302246094, 21.385013580322266, 28.399635314941406, 18.391820907592773, 22.08125114440918, 21.619855880737305, 23.227758407592773, 24.07602310180664, 21.083938598632812, 21.569347381591797, 21.50400161743164, 21.328155517578125, 23.90667724609375, 21.667991638183594, 19.391475677490234, 23.943675994873047, 21.361698150634766, 24.72865104675293, 22.127445220947266, 25.375530242919922, 24.77749252319336, 21.923913955688477, 25.371219635009766, 25.8396053314209, 22.30341148376465, 20.57194709777832, 23.7070255279541, 24.768211364746094, 23.07489585876465, 21.47695541381836, 23.834030151367188, 21.628808975219727, 19.184171676635742, 22.095773696899414, 25.900266647338867, 21.42934799194336, 21.4787654876709, 19.841108322143555, 19.992088317871094, 22.74530792236328, 21.040651321411133, 21.749170303344727, 29.65245819091797, 23.097726821899414, 21.235544204711914, 20.40357780456543, 22.653564453125, 22.692548751831055, 26.1054630279541, 24.009523391723633, 25.63147735595703, 20.549280166625977, 25.293365478515625, 25.83551788330078, 20.93767547607422, 18.413902282714844, 25.687131881713867, 22.317535400390625, 20.508575439453125, 23.743316650390625, 23.405229568481445, 18.541183471679688, 19.06300926208496, 24.818735122680664, 22.255992889404297, 20.614730834960938, 25.282041549682617, 26.676246643066406, 21.82282257080078, 19.390291213989258, 22.011241912841797, 30.748401641845703, 22.773155212402344, 21.281755447387695, 23.36154556274414, 21.59499740600586, 25.57250213623047, 21.21706771850586, 24.770315170288086, 18.96800994873047, 23.011920928955078, 22.566184997558594, 20.288898468017578, 24.10283088684082, 20.279212951660156, 26.282054901123047, 21.150896072387695, 23.563615798950195, 19.616411209106445, 25.082096099853516, 18.88271713256836, 26.74344253540039, 20.574237823486328, 25.46565818786621, 25.590373992919922, 20.255699157714844, 22.255077362060547, 23.350088119506836, 21.638134002685547, 22.24395751953125, 24.936004638671875, 21.080402374267578, 23.158056259155273, 23.565643310546875, 22.302167892456055, 27.727413177490234],