{"checkpoint": "outputs/r19_bgsfon_lr32_s96/model_0030000.pth", "num_scenes": 256, "psnr": 22.707561261951923, "lpips": 0.2669839756563306, "psnr_std_err": 0.15175239160559323, "per_scene_psnr": [19.24293327331543, 21.439834594726562, 20.95155906677246, 19.41716957092285, 24.97423553466797, 23.75423812866211, 23.734188079833984, 24.94973373413086, 20.458070755004883, 21.425254821777344, 25.292482376098633, 21.34779167175293, 22.979602813720703, 21.327381134033203, 22.135574340820312, 22.505496978759766, 20.34981918334961, 23.979297637939453, 23.864784240722656, 21.70137596130371, 20.776020050048828, 23.18164825439453, 23.768810272216797, 24.99695587158203, 25.33839225769043, 23.68739128112793, 23.002681732177734, 18.408620834350586, 25.56085205078125, 23.88555335998535, 25.900344848632812, 22.118608474731445, 21.58725929260254, 22.321758270263672, 24.182464599609375, 18.34872055053711, 20.649520874023438, 22.307825088500977, 24.98935317993164, 20.279762268066406, 23.503299713134766, 19.143056869506836, 21.965978622436523, 22.3942928314209, 21.619874954223633, 21.04391860961914, 22.077880859375, 21.733558654785156, 21.238920211791992, 21.18893814086914, 24.61392593383789, 24.078086853027344, 23.50050926208496, 21.452817916870117, 22.189815521240234, 24.188844680786133, 19.979564666748047, 25.7164306640625, 23.362648010253906, 25.938793182373047, 22.49432373046875, 24.86896324157715, 23.52299690246582, 23.760860443115234, 21.448699951171875, 22.5063419342041, 21.763513565063477, 21.39743995666504, 21.829404830932617, 21.18496322631836, 24.2374210357666, 22.22182846069336, 24.438968658447266, 23.33892059326172, 21.359922409057617, 20.127750396728516, 20.53489875793457, 24.169662475585938, 23.936805725097656, 22.254302978515625, 18.486230850219727, 21.96829605102539, 25.740238189697266, 22.795076370239258, 23.28376579284668, 22.951309204101562, 23.508281707763672, 26.05760955810547, 26.970340728759766, 20.28120994567871, 21.761226654052734, 18.871070861816406, 21.68767547607422, 23.360904693603516, 26.107738494873047, 22.097864151000977, 17.479703903198242, 14.804220199584961, 28.421537399291992, 20.891925811767578, 18.46747589111328, 20.30240821838379, 22.769357681274414, 24.43058204650879, 25.055831909179688, 21.35910987854004, 17.151058197021484, 24.540769577026367, 22.915849685668945, 21.29583168029785, 25.187602996826172, 22.70778465270996, 23.806169509887695, 21.21685791015625, 22.63519287109375, 17.74100112915039, 30.827486038208008, 23.273517608642578, 28.27764892578125, 25.08415985107422, 23.894187927246094, 21.334762573242188, 22.433311462402344, 20.755016326904297, 21.261775970458984, 19.118675231933594, 24.836254119873047, 23.670557022094727, 24.65338706970215, 20.52518081665039, 23.586444854736328, 23.301677703857422, 21.35443687438965, 22.448902130126953, 20.66047477722168, 20.31842041015625, 22.120325088500977, 27.58725357055664, 22.943994522094727, 21.310375213623047, 22.01052474975586, 17.66452980041504, 20.477685928344727, 26.731353759765625, 23.377275466918945, 25.158193588256836, 22.74026107788086, 16.44122314453125, 25.82410430908203, 23.915376663208008, 23.865345001220703, 21.73834800720215, 28.54205894470215, 18.391849517822266, 22.290945053100586, 21.70119857788086, 23.680374145507812, 24.547082901000977, 20.882083892822266, 21.56877326965332, 21.499893188476562, 21.449308395385742, 24.099346160888672, 21.80884552001953, 19.307958602905273, 24.250011444091797, 21.1453800201416, 24.54361915588379, 22.33818817138672, 25.657699584960938, 24.878097534179688, 21.86344337463379, 25.68434715270996, 25.81985855102539, 22.28354263305664, 20.509258270263672, 23.845760345458984, 24.897842407226562, 23.154346466064453, 21.822607040405273, 24.025209426879883, 21.336273193359375, 19.379661560058594, 22.23647689819336, 25.720230102539062, 21.46308708190918, 21.668312072753906, 19.696880340576172, 20.131649017333984, 22.790403366088867, 21.324634552001953, 21.6688232421875, 29.854320526123047, 23.645782470703125, 21.291067123413086, 20.59734535217285, 23.213254928588867, 22.78728675842285, 26.43648910522461, 24.456445693969727, 25.80539894104004, 20.432384490966797, 25.384084701538086, 25.610361099243164, 20.95608901977539, 18.547168731689453, 25.85597801208496, 22.377803802490234, 20.32763671875, 23.68136215209961, 23.7548828125, 18.434738159179688, 19.704524993896484, 25.13205337524414, 22.394569396972656, 21.457656860351562, 25.42795181274414, 26.985706329345703, 21.872188568115234, 19.414134979248047, 22.615833282470703, 31.189241409301758, 22.960552215576172, 21.42840576171875, 23.720745086669922, 21.823684692382812, 25.585514068603516, 21.109603881835938, 25.33873748779297, 19.28472900390625, 23.084308624267578, 22.556676864624023, 20.359424591064453, 24.128402709960938, 20.547977447509766, 26.346012115478516, 21.282089233398438, 23.827383041381836, 19.778827667236328, 25.430145263671875, 19.252090454101562, 27.130035400390625, 20.879003524780273, 25.798547744750977, 25.892536163330078, 20.924243927001953, 22.585681915283203, 23.45538902282715, 21.80459213256836, 22.363758087158203, 25.0167236328125, 21.171913146972656, 22.617279052734375, 23.822345733642578, 22.14476776123047, 28.050382614135742],