{
 "expname": "lm_naive_s95",
 "val_loss": 4.310129769146442,
 "ppl": 74.4501496458732,
 "params_M": 16.015622,
 "steps": 12000,
 "tokens": 196608000
}