{"checkpoint": "outputs/r5_loop_l2x4_chunk_s95/model_0030000.pth", "num_scenes": 256, "psnr": 20.938767701387405, "lpips": 0.32572178140981123, "psnr_std_err": 0.13973685922464343, "per_scene_psnr": [17.518150329589844, 19.947832107543945, 19.12591552734375, 17.250228881835938, 22.710956573486328, 21.856494903564453, 21.460803985595703, 23.247631072998047, 19.4296932220459, 19.373849868774414, 22.944108963012695, 19.789003372192383, 21.3582820892334, 19.579919815063477, 20.893142700195312, 21.254714965820312, 19.39957046508789, 22.303909301757812, 22.403852462768555, 20.26618003845215, 18.537195205688477, 21.030290603637695, 21.47992706298828, 22.624496459960938, 23.154338836669922, 21.598596572875977, 21.210399627685547, 17.10844612121582, 24.070919036865234, 22.41257667541504, 23.756454467773438, 20.39752769470215, 20.003437042236328, 20.15884017944336, 21.581790924072266, 17.065088272094727, 18.856460571289062, 20.673513412475586, 23.270572662353516, 18.53685188293457, 21.79034996032715, 17.218643188476562, 19.800045013427734, 20.574764251708984, 19.309431076049805, 19.730377197265625, 20.528797149658203, 19.823287963867188, 19.534879684448242, 19.85677719116211, 21.505168914794922, 22.170848846435547, 21.08572769165039, 19.61199188232422, 19.697275161743164, 22.374168395996094, 18.904050827026367, 24.21691131591797, 21.57029914855957, 24.108705520629883, 21.215370178222656, 21.5773983001709, 21.453161239624023, 20.99521255493164, 20.188297271728516, 20.67510414123535, 19.91575050354004, 19.663516998291016, 20.119003295898438, 19.192577362060547, 22.031574249267578, 20.759445190429688, 22.20155906677246, 21.15626335144043, 19.927051544189453, 18.87891960144043, 19.42207145690918, 21.737648010253906, 22.316129684448242, 20.727706909179688, 17.44075584411621, 19.560165405273438, 23.85291862487793, 20.673091888427734, 21.322805404663086, 20.841510772705078, 21.143882751464844, 23.86673355102539, 25.718372344970703, 18.739749908447266, 19.947227478027344, 18.038183212280273, 20.56980323791504, 21.600515365600586, 23.014183044433594, 19.918773651123047, 16.010210037231445, 13.914838790893555, 26.318815231323242, 18.419160842895508, 17.167211532592773, 18.8935546875, 21.462688446044922, 22.307586669921875, 23.040706634521484, 19.61931610107422, 16.857166290283203, 22.557947158813477, 20.676071166992188, 19.538698196411133, 22.93207359313965, 20.394092559814453, 21.878061294555664, 19.75724220275879, 20.858667373657227, 16.755111694335938, 28.466304779052734, 21.4471435546875, 25.864362716674805, 22.544164657592773, 21.71346664428711, 20.193090438842773, 20.46962547302246, 20.092134475708008, 19.802581787109375, 17.502357482910156, 23.846311569213867, 22.06545066833496, 23.643775939941406, 19.141155242919922, 21.823673248291016, 21.196006774902344, 18.746082305908203, 20.379791259765625, 18.893875122070312, 19.39129638671875, 20.012514114379883, 24.933977127075195, 21.38241958618164, 19.06900405883789, 20.81499481201172, 16.949880599975586, 18.596996307373047, 24.689416885375977, 21.728914260864258, 23.489015579223633, 21.3396053314209, 14.590694427490234, 23.996551513671875, 21.630722045898438, 21.989660263061523, 20.27471160888672, 25.790393829345703, 16.677444458007812, 20.925588607788086, 20.608854293823242, 21.171998977661133, 22.114248275756836, 20.098169326782227, 20.4161434173584, 19.117549896240234, 19.895919799804688, 21.959232330322266, 19.89344024658203, 18.52452278137207, 22.202125549316406, 20.25558090209961, 22.36907958984375, 20.034591674804688, 23.593639373779297, 23.209707260131836, 20.58391761779785, 25.056549072265625, 24.594470977783203, 20.76289939880371, 19.16278076171875, 21.692554473876953, 23.920696258544922, 21.74517822265625, 19.902345657348633, 22.36652374267578, 19.729021072387695, 17.809223175048828, 20.01336097717285, 24.252336502075195, 20.317869186401367, 19.389442443847656, 18.601490020751953, 18.86756706237793, 21.284284591674805, 20.20328140258789, 20.63422966003418, 27.68929672241211, 21.526681900024414, 19.68356704711914, 18.912761688232422, 21.08751106262207, 21.196029663085938, 24.102657318115234, 22.235790252685547, 23.72957420349121, 19.206937789916992, 23.061716079711914, 23.9595890045166, 19.45569610595703, 17.10398292541504, 24.46650505065918, 20.931026458740234, 19.29121971130371, 21.64130210876465, 21.447952270507812, 17.30959129333496, 18.237876892089844, 22.81256675720215, 20.12356185913086, 18.808914184570312, 23.833229064941406, 25.15030288696289, 19.708236694335938, 17.43166732788086, 20.48119354248047, 29.193649291992188, 21.12495231628418, 19.824260711669922, 21.47454833984375, 20.5465030670166, 23.2059326171875, 20.537132263183594, 21.935434341430664, 17.828824996948242, 21.565990447998047, 21.25228500366211, 19.20772361755371, 22.415773391723633, 19.42074203491211, 24.591920852661133, 19.37632942199707, 21.782445907592773, 18.660184860229492, 23.918655395507812, 17.350727081298828, 24.395483016967773, 18.700510025024414, 24.002416610717773, 23.325998306274414, 19.17823600769043, 20.828371047973633, 20.79536247253418, 20.105831146240234, 20.827943801879883, 24.082294464111328, 19.397674560546875, 20.389020919799805, 22.33901596069336, 20.898632049560547, 25.94068717956543],