{"checkpoint": "outputs/r11_loop_l2x4_c2fmuon_s95/model_0030000.pth", "num_scenes": 256, "psnr": 22.058676529675722, "lpips": 0.2927786333602853, "psnr_std_err": 0.14765061532377627, "per_scene_psnr": [18.606407165527344, 20.603843688964844, 20.16664695739746, 18.785493850708008, 24.270774841308594, 23.110103607177734, 22.95191764831543, 24.468799591064453, 20.12822914123535, 20.880353927612305, 24.480249404907227, 20.702373504638672, 22.338268280029297, 20.658924102783203, 21.824865341186523, 22.16900062561035, 19.98426628112793, 23.5605525970459, 23.49666404724121, 21.199941635131836, 20.125804901123047, 22.426767349243164, 23.000690460205078, 24.04474639892578, 24.68801498413086, 22.723602294921875, 22.14333724975586, 17.684919357299805, 25.096349716186523, 23.553367614746094, 25.06971549987793, 21.61624526977539, 20.674957275390625, 21.772808074951172, 23.072996139526367, 17.807161331176758, 20.063274383544922, 21.865192413330078, 24.34272575378418, 19.55851936340332, 22.5978946685791, 18.141145706176758, 21.006982803344727, 21.83914566040039, 20.694141387939453, 20.63086700439453, 21.378299713134766, 20.936664581298828, 20.697420120239258, 20.740154266357422, 23.258649826049805, 23.371315002441406, 22.421415328979492, 20.413524627685547, 21.39061737060547, 23.670942306518555, 19.718305587768555, 25.357257843017578, 22.574153900146484, 25.550933837890625, 22.099626541137695, 23.72776985168457, 22.709434509277344, 23.047239303588867, 21.163969039916992, 21.797103881835938, 21.07543182373047, 20.898822784423828, 21.34229850769043, 20.447734832763672, 23.512027740478516, 21.63431167602539, 23.710933685302734, 22.78264045715332, 20.880123138427734, 19.707740783691406, 20.14688491821289, 23.622684478759766, 23.197973251342773, 21.90460205078125, 18.07512664794922, 21.57488250732422, 25.012527465820312, 22.077028274536133, 22.598358154296875, 22.017059326171875, 22.760284423828125, 25.095584869384766, 26.576244354248047, 19.849735260009766, 20.913280487060547, 18.546560287475586, 21.127004623413086, 22.794395446777344, 24.9910831451416, 20.728361129760742, 17.089305877685547, 14.330662727355957, 27.56873321533203, 19.821931838989258, 18.10250473022461, 19.706323623657227, 22.0836238861084, 23.349456787109375, 24.1636962890625, 20.65042495727539, 16.88138198852539, 23.739940643310547, 22.198190689086914, 20.614717483520508, 24.398582458496094, 21.980648040771484, 23.021404266357422, 20.913591384887695, 21.99934196472168, 17.566450119018555, 29.782697677612305, 22.58026123046875, 27.41765785217285, 24.499835968017578, 22.753896713256836, 20.91055679321289, 21.464750289916992, 20.4322452545166, 20.481101989746094, 18.355499267578125, 24.491336822509766, 23.156824111938477, 24.368173599243164, 20.113298416137695, 22.512235641479492, 22.326366424560547, 19.677480697631836, 21.679222106933594, 20.00139617919922, 19.953216552734375, 21.470104217529297, 26.48033905029297, 22.221561431884766, 20.27412223815918, 21.70880126953125, 17.358230590820312, 19.841812133789062, 25.89191246032715, 23.011859893798828, 24.36115074157715, 22.282569885253906, 15.643770217895508, 25.29499053955078, 23.282428741455078, 23.200056076049805, 20.929889678955078, 27.81873893737793, 17.89346694946289, 21.846046447753906, 21.449148178100586, 22.427753448486328, 23.573896408081055, 20.686731338500977, 21.287128448486328, 20.573131561279297, 20.81955337524414, 23.365032196044922, 21.24976348876953, 19.02328872680664, 23.511322021484375, 21.019208908081055, 23.884136199951172, 21.48418426513672, 24.650146484375, 24.445537567138672, 21.48109245300293, 25.024417877197266, 25.31499671936035, 21.738948822021484, 20.060321807861328, 23.055112838745117, 24.79022789001465, 22.495853424072266, 20.920387268066406, 23.42514419555664, 20.84268569946289, 18.894729614257812, 21.515701293945312, 25.466373443603516, 21.1131591796875, 21.073375701904297, 19.44239616394043, 19.872556686401367, 22.230361938476562, 20.920825958251953, 21.10634994506836, 28.931884765625, 22.68963623046875, 20.764991760253906, 19.768661499023438, 22.280956268310547, 22.01370620727539, 25.77207374572754, 23.562776565551758, 25.056392669677734, 20.256755828857422, 24.579795837402344, 25.090429306030273, 20.566625595092773, 18.077823638916016, 25.58014678955078, 21.748836517333984, 19.89457893371582, 22.997943878173828, 22.693147659301758, 18.03535270690918, 18.855499267578125, 24.08963394165039, 21.834510803222656, 20.1256160736084, 24.857690811157227, 26.182233810424805, 21.51181983947754, 18.601701736450195, 21.81619644165039, 30.49014663696289, 22.01962661743164, 20.807571411132812, 22.64578628540039, 21.28008270263672, 24.9370174407959, 20.82596778869629, 23.915084838867188, 18.69501304626465, 22.687488555908203, 22.01333236694336, 19.769977569580078, 23.730106353759766, 20.22782325744629, 26.0186767578125, 20.89242172241211, 23.075340270996094, 19.563461303710938, 24.815414428710938, 18.412782669067383, 26.085124969482422, 20.327449798583984, 25.13042640686035, 24.794673919677734, 19.9836368560791, 21.94171905517578, 22.697410583496094, 21.01174545288086, 21.810272216796875, 24.760658264160156, 20.462617874145508, 22.106563568115234, 23.394107818603516, 21.62753677368164, 27.385334014892578],