{"checkpoint": "outputs/r1_loop_l2x4_s95/model_0030000.pth", "num_scenes": 256, "psnr": 22.2038927488029, "lpips": 0.2877312271739356, "psnr_std_err": 0.14687484296057135, "per_scene_psnr": [18.6535701751709, 20.821645736694336, 20.359710693359375, 19.12725830078125, 24.445415496826172, 23.128734588623047, 22.97759246826172, 24.388938903808594, 20.259607315063477, 21.2899169921875, 24.659452438354492, 20.741195678710938, 22.439498901367188, 20.9290771484375, 21.832427978515625, 22.178829193115234, 20.257070541381836, 23.62194061279297, 23.37918472290039, 21.32065773010254, 20.431062698364258, 22.221181869506836, 22.93968963623047, 24.070728302001953, 24.77428436279297, 22.969676971435547, 22.190235137939453, 18.088329315185547, 25.193649291992188, 23.581195831298828, 25.14951515197754, 21.775508880615234, 20.77286148071289, 21.489681243896484, 23.021705627441406, 18.184946060180664, 20.23111343383789, 21.97891616821289, 24.632003784179688, 20.3483943939209, 23.021198272705078, 18.39522933959961, 21.17190170288086, 21.895240783691406, 21.086467742919922, 20.658790588378906, 21.38562774658203, 21.03522491455078, 20.759178161621094, 20.875450134277344, 23.456525802612305, 23.30052947998047, 22.892253875732422, 20.727134704589844, 21.597118377685547, 23.764270782470703, 19.68108558654785, 25.201929092407227, 22.889921188354492, 25.568761825561523, 22.252735137939453, 24.350252151489258, 23.044137954711914, 23.2734317779541, 21.09827995300293, 21.92551612854004, 21.223224639892578, 21.05694580078125, 21.359027862548828, 20.570472717285156, 23.778352737426758, 21.845802307128906, 23.923704147338867, 22.80996322631836, 20.825719833374023, 19.755956649780273, 20.185983657836914, 23.54347038269043, 23.513599395751953, 22.13569450378418, 18.100683212280273, 21.373817443847656, 25.27956199645996, 22.327852249145508, 22.88970947265625, 22.361791610717773, 22.721559524536133, 25.483177185058594, 26.621623992919922, 19.67875862121582, 21.18268585205078, 18.550540924072266, 21.731279373168945, 22.764245986938477, 25.333984375, 21.517839431762695, 17.03480339050293, 14.558501243591309, 27.62251091003418, 20.010974884033203, 18.137027740478516, 19.934371948242188, 22.377666473388672, 23.488327026367188, 24.222028732299805, 20.86963653564453, 17.166501998901367, 24.142169952392578, 21.964014053344727, 20.699655532836914, 24.533491134643555, 22.177234649658203, 23.455997467041016, 21.058841705322266, 22.05832290649414, 17.625629425048828, 30.079784393310547, 22.782020568847656, 27.60866928100586, 24.260875701904297, 22.95546531677246, 21.386796951293945, 22.033842086791992, 20.483760833740234, 20.69818878173828, 18.692285537719727, 24.440872192382812, 23.06127166748047, 24.388158798217773, 20.18844985961914, 22.882278442382812, 22.636154174804688, 20.78559684753418, 21.908794403076172, 20.255449295043945, 19.907604217529297, 21.943984985351562, 26.585329055786133, 22.421903610229492, 20.522520065307617, 21.883243560791016, 17.435304641723633, 19.58152198791504, 26.215404510498047, 22.744474411010742, 24.425182342529297, 22.417890548706055, 16.308557510375977, 25.452369689941406, 23.263015747070312, 23.207687377929688, 21.24386978149414, 27.682952880859375, 17.97787857055664, 21.693239212036133, 21.495397567749023, 22.76397705078125, 23.633201599121094, 20.63218116760254, 21.301965713500977, 20.74468994140625, 20.996997833251953, 23.43147087097168, 21.398605346679688, 19.166566848754883, 23.711462020874023, 21.120298385620117, 24.11647605895996, 21.710765838623047, 24.778247833251953, 24.56970977783203, 21.639280319213867, 25.115676879882812, 25.634140014648438, 21.904573440551758, 19.933273315429688, 23.321483612060547, 24.635833740234375, 22.94285774230957, 21.123350143432617, 23.720705032348633, 20.803573608398438, 18.638256072998047, 21.67940330505371, 25.56673240661621, 21.17416763305664, 21.256206512451172, 19.70868682861328, 19.621631622314453, 22.276647567749023, 20.946887969970703, 21.604957580566406, 29.33704376220703, 22.946718215942383, 20.945213317871094, 20.243621826171875, 22.589523315429688, 22.29879379272461, 25.827085494995117, 23.68224334716797, 25.236690521240234, 20.025161743164062, 24.81624984741211, 25.558361053466797, 20.89177894592285, 18.055871963500977, 25.411148071289062, 22.097286224365234, 20.080814361572266, 22.873563766479492, 23.127532958984375, 18.126718521118164, 19.361474990844727, 24.147817611694336, 21.844585418701172, 20.506811141967773, 24.676250457763672, 26.591609954833984, 21.302146911621094, 18.801809310913086, 21.57040023803711, 30.37838363647461, 22.1033878326416, 20.958587646484375, 22.836029052734375, 21.566261291503906, 24.906116485595703, 20.960689544677734, 23.986404418945312, 18.78150177001953, 22.78005599975586, 22.131389617919922, 20.02882194519043, 23.918678283691406, 20.143110275268555, 26.030672073364258, 20.942825317382812, 23.32617950439453, 19.347949981689453, 25.03572654724121, 18.522796630859375, 25.951438903808594, 20.14385223388672, 25.3742618560791, 24.922019958496094, 20.09801483154297, 22.014545440673828, 22.97240447998047, 21.346405029296875, 21.897605895996094, 24.730972290039062, 20.753368377685547, 22.403547286987305, 23.390941619873047, 21.90015983581543, 27.624786376953125],