{"checkpoint": "outputs/r9_loop_l2x4_rr_s95/model_0030000.pth", "num_scenes": 256, "psnr": 22.197497874498367, "lpips": 0.28705829865066335, "psnr_std_err": 0.14707820852218437, "per_scene_psnr": [18.647647857666016, 21.00851058959961, 20.249502182006836, 19.17061996459961, 24.58392906188965, 23.16276741027832, 23.113113403320312, 24.4119873046875, 20.317537307739258, 21.119592666625977, 24.630186080932617, 20.739248275756836, 22.432382583618164, 20.861671447753906, 21.824018478393555, 22.098949432373047, 20.19478988647461, 23.566381454467773, 23.456806182861328, 21.201784133911133, 20.400602340698242, 22.456680297851562, 22.961599349975586, 24.072237014770508, 24.703519821166992, 22.775630950927734, 22.253990173339844, 18.199804306030273, 25.19891929626465, 23.527727127075195, 25.13312530517578, 21.686756134033203, 20.766036987304688, 21.689207077026367, 23.02818489074707, 18.15155792236328, 20.251161575317383, 21.89581871032715, 24.687274932861328, 20.376079559326172, 23.02065658569336, 18.290681838989258, 20.970630645751953, 21.862411499023438, 21.178895950317383, 20.623584747314453, 21.447566986083984, 21.104129791259766, 20.786834716796875, 20.8140926361084, 23.27851104736328, 23.345413208007812, 22.926198959350586, 20.841163635253906, 21.537572860717773, 23.74234962463379, 19.65182113647461, 25.238922119140625, 22.998546600341797, 25.630638122558594, 22.159000396728516, 24.21648406982422, 23.084733963012695, 23.110925674438477, 21.08088493347168, 22.016902923583984, 21.23682403564453, 20.82017707824707, 21.230682373046875, 20.646955490112305, 23.7772274017334, 21.755691528320312, 24.181949615478516, 22.829072952270508, 20.924196243286133, 19.714019775390625, 20.245468139648438, 23.488468170166016, 23.38920783996582, 22.042964935302734, 18.280635833740234, 21.397052764892578, 25.293697357177734, 22.251548767089844, 22.857582092285156, 22.33087730407715, 22.669551849365234, 25.461471557617188, 26.64611053466797, 19.521493911743164, 21.08100128173828, 18.517410278320312, 21.631879806518555, 22.780517578125, 25.350791931152344, 21.504487991333008, 17.03975486755371, 14.469560623168945, 27.8321475982666, 20.00473403930664, 18.110559463500977, 19.990070343017578, 22.418087005615234, 23.478116989135742, 24.213298797607422, 20.900062561035156, 17.017486572265625, 24.075958251953125, 22.002540588378906, 20.744626998901367, 24.397306442260742, 22.19625473022461, 23.445903778076172, 20.987106323242188, 22.082386016845703, 17.510578155517578, 29.99742317199707, 22.733291625976562, 27.611183166503906, 24.12546157836914, 22.9853515625, 21.302173614501953, 21.98666000366211, 20.683940887451172, 20.78314781188965, 18.603910446166992, 24.487911224365234, 23.138093948364258, 24.502410888671875, 20.140724182128906, 22.904579162597656, 22.558609008789062, 20.85886001586914, 21.97917938232422, 20.220317840576172, 20.008655548095703, 21.667593002319336, 26.624338150024414, 22.39480972290039, 20.550689697265625, 21.849224090576172, 17.45642852783203, 19.63292694091797, 26.227922439575195, 22.960834503173828, 24.216585159301758, 22.407299041748047, 16.318071365356445, 25.34369659423828, 23.31005096435547, 23.283809661865234, 21.166257858276367, 27.514429092407227, 18.132061004638672, 21.81560707092285, 21.419281005859375, 22.74364471435547, 23.653491973876953, 20.699527740478516, 21.307647705078125, 20.758129119873047, 21.045799255371094, 23.650991439819336, 21.378660202026367, 19.287429809570312, 23.56802749633789, 21.269378662109375, 23.978519439697266, 21.629547119140625, 24.783658981323242, 24.683025360107422, 21.482158660888672, 25.05120086669922, 25.591562271118164, 21.95224380493164, 20.155315399169922, 23.197423934936523, 24.6468505859375, 22.941909790039062, 21.091577529907227, 23.546512603759766, 20.62065315246582, 18.476713180541992, 21.644105911254883, 25.642196655273438, 21.155729293823242, 21.332090377807617, 19.654499053955078, 19.641475677490234, 22.3306827545166, 20.980716705322266, 21.57056999206543, 29.352985382080078, 22.899991989135742, 20.981555938720703, 20.348346710205078, 22.570199966430664, 22.28499984741211, 25.845428466796875, 23.490245819091797, 25.21868896484375, 20.012042999267578, 24.852874755859375, 25.414579391479492, 20.93359375, 18.05375099182129, 25.437108993530273, 22.069305419921875, 20.078554153442383, 22.79726219177246, 23.10411262512207, 18.092205047607422, 19.224184036254883, 24.270246505737305, 21.743892669677734, 20.470638275146484, 24.65315818786621, 26.448633193969727, 21.26640510559082, 18.8305721282959, 21.730422973632812, 30.493877410888672, 21.978330612182617, 21.10749053955078, 22.799785614013672, 21.398983001708984, 24.904922485351562, 21.042675018310547, 24.07299041748047, 18.79119873046875, 22.70372772216797, 22.163877487182617, 20.045024871826172, 23.817319869995117, 20.093246459960938, 26.153757095336914, 20.847198486328125, 23.303089141845703, 19.424015045166016, 24.960662841796875, 18.54764175415039, 26.103906631469727, 20.182750701904297, 25.646194458007812, 24.956134796142578, 20.11371421813965, 22.018699645996094, 22.99789047241211, 21.240638732910156, 21.74959945678711, 24.750595092773438, 20.707801818847656, 22.429418563842773, 23.376691818237305, 21.80072784423828, 27.568971633911133],