{"checkpoint": "outputs/r4_loop_l2x4_sup_s95/model_0030000.pth", "num_scenes": 256, "psnr": 22.28676613792777, "lpips": 0.2885151605005376, "psnr_std_err": 0.14918002538642333, "per_scene_psnr": [18.710325241088867, 21.050888061523438, 20.416278839111328, 18.99066162109375, 25.267478942871094, 23.29925537109375, 23.26897621154785, 24.514102935791016, 20.271615982055664, 21.226009368896484, 24.67007064819336, 20.761110305786133, 22.555997848510742, 21.070878982543945, 21.84994888305664, 22.17270278930664, 20.222518920898438, 24.201786041259766, 23.259496688842773, 21.232690811157227, 20.289831161499023, 22.573392868041992, 23.055118560791016, 24.149803161621094, 24.890901565551758, 22.954444885253906, 22.327003479003906, 18.272441864013672, 25.264705657958984, 23.627023696899414, 25.29058074951172, 21.975963592529297, 20.90561294555664, 21.722238540649414, 23.223283767700195, 18.08800506591797, 20.182302474975586, 21.97726058959961, 24.766071319580078, 20.178466796875, 23.089969635009766, 18.46904945373535, 21.344547271728516, 22.020111083984375, 21.12665557861328, 20.428939819335938, 21.860837936401367, 21.203641891479492, 20.84836196899414, 20.899356842041016, 23.471925735473633, 23.515634536743164, 23.005107879638672, 20.96038818359375, 21.66629409790039, 23.868425369262695, 19.79828643798828, 25.542678833007812, 23.0992431640625, 25.718881607055664, 22.28244972229004, 24.733604431152344, 23.006000518798828, 23.257427215576172, 21.199932098388672, 22.08746910095215, 21.34859848022461, 20.974462509155273, 21.297779083251953, 20.6273193359375, 23.722156524658203, 21.846485137939453, 24.1622257232666, 23.0115909576416, 20.895111083984375, 19.762374877929688, 20.3160400390625, 23.74868392944336, 23.544008255004883, 22.014202117919922, 18.23386001586914, 21.69071388244629, 25.16696548461914, 22.255626678466797, 22.93722152709961, 22.479907989501953, 22.828311920166016, 25.551977157592773, 26.75813865661621, 19.82610511779785, 21.17119026184082, 18.67367935180664, 21.621597290039062, 22.944568634033203, 25.613967895507812, 21.07327651977539, 17.107772827148438, 14.461956977844238, 27.827640533447266, 20.039291381835938, 18.236181259155273, 19.9547119140625, 22.440950393676758, 23.59307289123535, 24.476879119873047, 20.885074615478516, 17.17538833618164, 24.001148223876953, 22.274917602539062, 20.873668670654297, 24.61859130859375, 22.555095672607422, 23.439882278442383, 21.365497589111328, 22.210277557373047, 17.61665153503418, 29.935815811157227, 22.76758575439453, 27.666044235229492, 24.32883071899414, 23.14607810974121, 20.999130249023438, 21.635662078857422, 20.631731033325195, 20.88217544555664, 18.415193557739258, 24.407432556152344, 23.375776290893555, 24.6744327545166, 20.24885368347168, 22.945281982421875, 22.641706466674805, 20.2867431640625, 22.05895233154297, 20.432735443115234, 20.10042953491211, 21.583059310913086, 26.705883026123047, 22.540882110595703, 20.75147247314453, 21.824817657470703, 17.522911071777344, 19.406654357910156, 26.379657745361328, 23.05518341064453, 24.67905044555664, 22.400691986083984, 16.13264274597168, 25.261432647705078, 23.244916915893555, 23.150178909301758, 21.245826721191406, 27.938705444335938, 17.86591339111328, 21.877214431762695, 21.539222717285156, 22.822410583496094, 23.811674118041992, 20.782499313354492, 21.419265747070312, 20.888763427734375, 21.140214920043945, 23.74468994140625, 21.409189224243164, 19.264799118041992, 23.647132873535156, 21.25220489501953, 24.258686065673828, 21.841445922851562, 24.875465393066406, 24.662553787231445, 21.722850799560547, 25.077009201049805, 25.811853408813477, 22.055171966552734, 19.961639404296875, 23.347911834716797, 24.903247833251953, 22.979738235473633, 21.309337615966797, 23.543556213378906, 21.206993103027344, 18.910785675048828, 21.778244018554688, 25.803327560424805, 21.247652053833008, 21.261550903320312, 19.701786041259766, 19.758743286132812, 22.460376739501953, 20.914546966552734, 21.54075813293457, 29.40886688232422, 22.87818145751953, 20.950109481811523, 20.128801345825195, 22.428741455078125, 22.37445640563965, 25.93682289123535, 23.73895263671875, 25.408050537109375, 20.19845199584961, 24.96084213256836, 25.606884002685547, 20.601625442504883, 18.123981475830078, 25.521713256835938, 22.13039207458496, 20.275793075561523, 23.460548400878906, 23.230941772460938, 18.384368896484375, 18.91327667236328, 24.366207122802734, 21.912763595581055, 20.51262092590332, 24.840391159057617, 26.403017044067383, 21.573654174804688, 18.935287475585938, 21.620758056640625, 30.752243041992188, 22.5794620513916, 21.047353744506836, 22.947675704956055, 21.51785659790039, 25.32688331604004, 21.11444854736328, 24.058094024658203, 18.781726837158203, 22.873533248901367, 22.240581512451172, 20.022947311401367, 23.933170318603516, 20.25363540649414, 26.129228591918945, 21.01827621459961, 23.39300537109375, 19.362810134887695, 24.964107513427734, 18.62335777282715, 26.382282257080078, 20.3598575592041, 25.192392349243164, 25.18018341064453, 19.957382202148438, 22.038848876953125, 23.167932510375977, 21.339447021484375, 22.116653442382812, 24.793787002563477, 20.78619956970215, 22.724092483520508, 23.595399856567383, 22.112138748168945, 27.60838508605957],