{"checkpoint": "outputs/r14_loop_l2x4_distill_s95/model_0030000.pth", "num_scenes": 256, "psnr": 21.484859853982925, "lpips": 0.2952016502385959, "psnr_std_err": 0.13456295768760346, "per_scene_psnr": [17.978771209716797, 20.462234497070312, 19.667831420898438, 18.594161987304688, 23.7873477935791, 22.625240325927734, 22.148391723632812, 23.704933166503906, 19.792863845825195, 20.351285934448242, 23.566978454589844, 20.502643585205078, 21.71058464050293, 19.98659896850586, 21.353839874267578, 21.433544158935547, 19.614290237426758, 23.268299102783203, 22.73584747314453, 20.86858367919922, 19.65182113647461, 21.29836654663086, 22.225379943847656, 22.832929611206055, 23.69819450378418, 22.358102798461914, 21.698781967163086, 18.04973793029785, 24.04522705078125, 22.64996337890625, 24.078929901123047, 21.343114852905273, 20.165512084960938, 20.910430908203125, 21.972110748291016, 17.758882522583008, 19.72390365600586, 21.399810791015625, 23.255149841308594, 19.479812622070312, 22.432056427001953, 17.74015235900879, 20.47429656982422, 21.104047775268555, 20.325767517089844, 20.147531509399414, 20.91998291015625, 20.73101806640625, 19.813383102416992, 20.511642456054688, 22.326955795288086, 22.562925338745117, 21.679697036743164, 19.781208038330078, 20.519067764282227, 22.9041690826416, 19.20267105102539, 24.08013916015625, 22.17836570739746, 24.492595672607422, 21.612712860107422, 23.68283462524414, 21.823780059814453, 22.10158920288086, 20.55762481689453, 21.154979705810547, 20.256473541259766, 20.458040237426758, 20.86481285095215, 19.875307083129883, 22.708721160888672, 21.255290985107422, 23.156890869140625, 22.153182983398438, 20.432907104492188, 19.306407928466797, 19.958446502685547, 22.664505004882812, 22.864852905273438, 21.320343017578125, 17.877347946166992, 20.63326644897461, 24.461156845092773, 21.169757843017578, 21.93454360961914, 21.743793487548828, 21.7330265045166, 24.546363830566406, 25.974166870117188, 19.248615264892578, 20.602928161621094, 18.453676223754883, 21.2730712890625, 21.910993576049805, 24.509296417236328, 20.274635314941406, 16.66660499572754, 14.450491905212402, 26.9503116607666, 18.97673797607422, 17.699771881103516, 19.404342651367188, 21.999418258666992, 22.818267822265625, 23.47296905517578, 20.193172454833984, 17.1435489654541, 23.314929962158203, 21.32545280456543, 19.60243034362793, 23.56726837158203, 21.362878799438477, 22.4827880859375, 20.513240814208984, 21.375629425048828, 17.099632263183594, 28.163471221923828, 22.07375717163086, 26.178604125976562, 22.927263259887695, 22.475139617919922, 20.50304412841797, 21.220218658447266, 20.395328521728516, 20.326709747314453, 17.87587547302246, 24.044038772583008, 22.622570037841797, 24.34222412109375, 19.754680633544922, 22.3283748626709, 21.695026397705078, 19.93636703491211, 21.246620178222656, 19.454490661621094, 19.741138458251953, 20.83836555480957, 25.481786727905273, 21.671405792236328, 19.570674896240234, 21.464630126953125, 17.129993438720703, 18.60790252685547, 25.382537841796875, 22.50788116455078, 23.628042221069336, 22.02151870727539, 15.731860160827637, 24.445140838623047, 22.59850311279297, 22.074295043945312, 20.806779861450195, 26.394264221191406, 17.965587615966797, 20.88738250732422, 21.15536880493164, 21.744497299194336, 22.94229507446289, 20.56197166442871, 20.522098541259766, 19.803741455078125, 20.28233528137207, 22.331907272338867, 20.83958625793457, 18.849287033081055, 22.730588912963867, 20.856019973754883, 23.21365737915039, 20.541061401367188, 23.902433395385742, 23.777368545532227, 21.22463035583496, 24.048534393310547, 24.669857025146484, 21.15210723876953, 19.656740188598633, 22.419206619262695, 24.080183029174805, 22.41813850402832, 20.553241729736328, 22.659976959228516, 20.59210205078125, 18.254125595092773, 20.665355682373047, 24.968843460083008, 20.723543167114258, 20.512615203857422, 18.913928985595703, 19.651987075805664, 21.56898307800293, 20.667619705200195, 21.05889320373535, 27.853572845458984, 22.050363540649414, 20.320711135864258, 19.385047912597656, 21.71604347229004, 21.419506072998047, 24.617324829101562, 22.65497398376465, 24.086091995239258, 19.77473258972168, 23.664674758911133, 24.5888671875, 20.147859573364258, 17.532114028930664, 24.678190231323242, 21.328693389892578, 19.796144485473633, 22.379199981689453, 21.940946578979492, 17.851585388183594, 18.924060821533203, 23.553340911865234, 20.887977600097656, 19.444528579711914, 23.907485961914062, 25.49139976501465, 20.806121826171875, 18.40514373779297, 20.940181732177734, 27.891817092895508, 21.70093536376953, 20.343887329101562, 22.117374420166016, 20.919153213500977, 24.162805557250977, 20.793914794921875, 22.16779327392578, 18.469127655029297, 22.294492721557617, 21.689462661743164, 19.600570678710938, 23.09111785888672, 19.75543785095215, 24.73663330078125, 20.13235855102539, 22.33266830444336, 19.08258628845215, 23.938608169555664, 17.957054138183594, 24.921600341796875, 19.521228790283203, 24.553796768188477, 24.067594528198242, 19.656307220458984, 21.234712600708008, 21.96824836730957, 20.603404998779297, 21.193927764892578, 24.174915313720703, 20.068817138671875, 21.73415756225586, 22.607786178588867, 21.382673263549805, 26.427600860595703],