{"checkpoint": "outputs/r18_echo_s95/model_0030000.pth", "num_scenes": 256, "psnr": 22.08873238041997, "lpips": 0.28874724911293015, "psnr_std_err": 0.14637831663367265, "per_scene_psnr": [18.505149841308594, 20.86269760131836, 20.13507843017578, 18.880395889282227, 25.011890411376953, 22.948257446289062, 22.935543060302734, 24.317501068115234, 20.085432052612305, 21.02417755126953, 24.543106079101562, 20.701215744018555, 22.31131362915039, 20.773101806640625, 21.778736114501953, 21.953630447387695, 19.97389030456543, 23.62623405456543, 23.203453063964844, 21.245079040527344, 20.250585556030273, 22.320783615112305, 22.981212615966797, 23.949840545654297, 24.532930374145508, 22.74173355102539, 22.15757179260254, 18.145750045776367, 25.04756736755371, 23.468490600585938, 25.06564712524414, 21.609394073486328, 20.751171112060547, 21.147146224975586, 22.94983673095703, 18.01503562927246, 20.22631072998047, 21.802396774291992, 24.298402786254883, 19.687305450439453, 22.924766540527344, 18.558530807495117, 21.196269989013672, 21.77278709411621, 20.98616600036621, 20.587318420410156, 21.42987060546875, 21.106361389160156, 20.559785842895508, 20.69514274597168, 23.45737648010254, 23.339731216430664, 22.69624900817871, 20.568944931030273, 21.283567428588867, 23.46734046936035, 19.426015853881836, 25.243637084960938, 22.76287841796875, 25.2767276763916, 22.064720153808594, 24.231876373291016, 22.69968032836914, 22.94204330444336, 20.994705200195312, 21.862354278564453, 20.9981632232666, 20.872392654418945, 21.346675872802734, 20.58067512512207, 23.654539108276367, 21.689361572265625, 23.49533462524414, 22.710071563720703, 20.81805419921875, 19.64649200439453, 20.04163932800293, 23.7337703704834, 23.392166137695312, 21.887340545654297, 18.096755981445312, 21.430768966674805, 25.2448673248291, 22.038864135742188, 22.55982208251953, 22.29905891418457, 22.593006134033203, 25.441822052001953, 26.552040100097656, 19.710182189941406, 20.976104736328125, 18.400470733642578, 21.481401443481445, 22.651199340820312, 25.205419540405273, 21.247758865356445, 16.73244857788086, 14.47632884979248, 27.69019317626953, 19.903804779052734, 18.04373550415039, 19.789718627929688, 22.343917846679688, 23.1533145904541, 24.107105255126953, 20.748319625854492, 17.024580001831055, 23.909564971923828, 21.871116638183594, 20.473285675048828, 24.39650535583496, 22.361478805541992, 23.105003356933594, 21.351165771484375, 21.957351684570312, 17.333229064941406, 29.85198974609375, 22.574007034301758, 27.37567138671875, 23.99850082397461, 23.060226440429688, 21.588348388671875, 21.767311096191406, 20.43909454345703, 20.652360916137695, 18.39486312866211, 24.525346755981445, 23.094608306884766, 24.56877899169922, 20.108963012695312, 22.7751522064209, 22.585325241088867, 20.361520767211914, 21.77280044555664, 20.08367156982422, 19.93031120300293, 21.663475036621094, 26.35507583618164, 22.12276840209961, 20.320310592651367, 21.70785903930664, 17.443387985229492, 19.728988647460938, 26.037580490112305, 22.830965042114258, 24.33354377746582, 22.33251190185547, 16.7186222076416, 25.181026458740234, 23.40725326538086, 23.14363670349121, 21.175823211669922, 27.72702980041504, 17.8780574798584, 21.67860221862793, 21.228107452392578, 22.659818649291992, 23.629291534423828, 20.414552688598633, 21.041168212890625, 20.597362518310547, 20.814273834228516, 23.335649490356445, 21.16411590576172, 19.077844619750977, 23.552261352539062, 20.928848266601562, 24.00527000427246, 21.534616470336914, 24.6937255859375, 24.281387329101562, 21.453916549682617, 24.947696685791016, 25.54615020751953, 21.720951080322266, 19.842374801635742, 23.2071475982666, 24.420230865478516, 22.71479606628418, 21.25046157836914, 23.48001480102539, 20.99788475036621, 18.73418617248535, 21.378000259399414, 25.48019027709961, 21.024394989013672, 21.003501892089844, 19.378854751586914, 19.651744842529297, 22.215368270874023, 20.884008407592773, 21.45509910583496, 29.121261596679688, 22.735212326049805, 20.855636596679688, 19.576704025268555, 21.976125717163086, 22.1512393951416, 25.65003204345703, 23.215578079223633, 24.978010177612305, 20.007505416870117, 24.817520141601562, 25.38513946533203, 20.7675838470459, 17.939125061035156, 25.44243621826172, 22.01751708984375, 20.057750701904297, 22.91306495666504, 22.975032806396484, 18.45688247680664, 19.052047729492188, 24.04700469970703, 21.63022232055664, 20.286577224731445, 24.647905349731445, 26.296424865722656, 21.300050735473633, 19.060440063476562, 21.71980094909668, 30.459495544433594, 22.13686180114746, 21.003591537475586, 22.604782104492188, 21.32428741455078, 25.127052307128906, 20.902101516723633, 23.83657455444336, 18.81296730041504, 22.740619659423828, 22.083168029785156, 19.898447036743164, 23.74927520751953, 19.930561065673828, 25.912172317504883, 20.70138931274414, 23.103309631347656, 19.357145309448242, 24.798181533813477, 18.423826217651367, 25.939529418945312, 20.228395462036133, 25.108745574951172, 24.856761932373047, 20.25014877319336, 21.984027862548828, 22.730777740478516, 21.154991149902344, 21.61479949951172, 24.718923568725586, 20.570510864257812, 22.400129318237305, 23.27587127685547, 21.84682846069336, 27.340538024902344],