{"checkpoint": "outputs/r19_bgsfon_lr32_s97/model_0030000.pth", "num_scenes": 256, "psnr": 22.778991363942623, "lpips": 0.26792882301378995, "psnr_std_err": 0.15100758884547455, "per_scene_psnr": [19.121225357055664, 21.49856948852539, 20.87337875366211, 19.563323974609375, 25.754405975341797, 23.747509002685547, 23.76471519470215, 24.929813385009766, 20.536813735961914, 21.795007705688477, 25.441818237304688, 21.498395919799805, 23.150096893310547, 21.542572021484375, 22.05292510986328, 22.586456298828125, 20.363628387451172, 24.18764877319336, 23.970863342285156, 21.58661651611328, 21.079566955566406, 23.044124603271484, 23.668010711669922, 24.862001419067383, 25.32954216003418, 23.52726173400879, 22.996124267578125, 18.51585578918457, 25.42842674255371, 23.97073745727539, 25.88691520690918, 22.23419952392578, 21.567211151123047, 22.119216918945312, 23.94489288330078, 18.338237762451172, 20.861618041992188, 22.38034439086914, 25.288475036621094, 20.739070892333984, 23.63054084777832, 19.188190460205078, 21.626842498779297, 22.364091873168945, 21.889015197753906, 20.8255672454834, 22.272258758544922, 21.97144317626953, 21.289165496826172, 21.25918960571289, 24.33422088623047, 23.953773498535156, 23.57093620300293, 21.537187576293945, 22.167049407958984, 24.302942276000977, 19.9875431060791, 25.775592803955078, 23.481616973876953, 26.049381256103516, 22.605602264404297, 24.97586441040039, 23.736963272094727, 23.695404052734375, 21.428524017333984, 22.629262924194336, 21.74566078186035, 21.461313247680664, 21.902099609375, 21.29410171508789, 24.325489044189453, 22.410301208496094, 24.412391662597656, 23.26463508605957, 21.335172653198242, 20.062454223632812, 20.713376998901367, 24.418498992919922, 23.958629608154297, 22.36018943786621, 18.493186950683594, 22.19986915588379, 25.678815841674805, 22.891407012939453, 23.539960861206055, 22.822847366333008, 23.518306732177734, 26.218442916870117, 27.10270118713379, 20.236940383911133, 21.68539047241211, 18.803775787353516, 21.93295669555664, 23.32061767578125, 26.184492111206055, 22.19896697998047, 17.546222686767578, 14.902860641479492, 28.55510902404785, 20.943866729736328, 18.689592361450195, 20.412704467773438, 23.054189682006836, 24.146503448486328, 25.156869888305664, 21.523971557617188, 16.95429229736328, 24.64963150024414, 22.706798553466797, 21.31473731994629, 25.24895668029785, 23.065616607666016, 23.902217864990234, 21.782527923583984, 22.65117645263672, 17.690336227416992, 30.684844970703125, 23.33261489868164, 28.265838623046875, 24.90808868408203, 23.966766357421875, 21.418052673339844, 22.496976852416992, 20.871196746826172, 21.42620849609375, 19.05655288696289, 24.850387573242188, 23.96041488647461, 24.873790740966797, 20.62990951538086, 23.568599700927734, 23.27062225341797, 21.72716522216797, 22.622764587402344, 20.808494567871094, 20.33968734741211, 22.244678497314453, 27.59649658203125, 23.174800872802734, 21.23729705810547, 22.25200843811035, 17.643583297729492, 20.36229705810547, 26.76019859313965, 23.033369064331055, 25.207319259643555, 22.699939727783203, 16.967443466186523, 25.726730346679688, 24.127798080444336, 23.78366470336914, 21.79657745361328, 28.861934661865234, 18.453449249267578, 22.37531852722168, 21.802188873291016, 23.74477195739746, 24.393264770507812, 21.00835609436035, 21.671844482421875, 21.84485626220703, 21.487043380737305, 24.31696891784668, 21.872474670410156, 19.516063690185547, 24.234394073486328, 21.429061889648438, 24.945709228515625, 22.517990112304688, 25.622066497802734, 24.94367218017578, 21.98232650756836, 25.671405792236328, 25.96530532836914, 22.45313835144043, 20.94084930419922, 23.962669372558594, 24.879268646240234, 23.29096031188965, 21.898658752441406, 24.207782745361328, 21.60447883605957, 19.513032913208008, 22.41029930114746, 25.984752655029297, 21.523733139038086, 21.702993392944336, 20.030107498168945, 20.148231506347656, 22.964683532714844, 21.217376708984375, 21.918439865112305, 29.9345703125, 23.554447174072266, 21.430866241455078, 20.819469451904297, 23.29697608947754, 22.683917999267578, 26.45599365234375, 24.514291763305664, 25.964176177978516, 20.672685623168945, 25.571247100830078, 26.112215042114258, 21.12712860107422, 18.567697525024414, 25.840869903564453, 22.537647247314453, 20.832046508789062, 23.82525634765625, 23.604061126708984, 18.858701705932617, 19.46449851989746, 24.87130355834961, 22.64189910888672, 21.31394386291504, 25.39217758178711, 26.87015724182129, 22.08307456970215, 19.478153228759766, 22.311779022216797, 31.088603973388672, 23.084388732910156, 21.557294845581055, 23.693862915039062, 22.061370849609375, 25.8564395904541, 21.428020477294922, 25.047718048095703, 19.312803268432617, 23.19697380065918, 22.67905044555664, 20.38357162475586, 24.22832489013672, 20.436525344848633, 26.564424514770508, 21.396141052246094, 23.78648567199707, 19.79119873046875, 25.443265914916992, 19.075119018554688, 27.201871871948242, 20.936260223388672, 25.597963333129883, 26.122791290283203, 20.519451141357422, 22.480878829956055, 23.642017364501953, 21.878787994384766, 22.48261260986328, 24.892337799072266, 21.270477294921875, 22.83038330078125, 23.793319702148438, 22.286258697509766, 28.051475524902344],