{"checkpoint": "outputs/r6_loop_l2x7_delta_d208_s95/model_0030000.pth", "num_scenes": 256, "psnr": 22.268562704324722, "lpips": 0.29030771501129493, "psnr_std_err": 0.14686266144826932, "per_scene_psnr": [18.807209014892578, 20.91167449951172, 20.396759033203125, 19.03354835510254, 24.110027313232422, 23.443405151367188, 23.12940216064453, 24.635692596435547, 20.32628059387207, 21.12533950805664, 24.548418045043945, 20.959125518798828, 22.587051391601562, 21.028406143188477, 21.785846710205078, 22.254863739013672, 20.36029815673828, 23.859291076660156, 23.43590545654297, 21.467327117919922, 20.327747344970703, 22.42357635498047, 23.050859451293945, 23.990495681762695, 24.785419464111328, 23.10722541809082, 22.33367919921875, 18.0075740814209, 25.300016403198242, 23.72492027282715, 25.29021453857422, 21.88360023498535, 20.862548828125, 21.99202537536621, 23.224781036376953, 18.164752960205078, 20.313785552978516, 22.100719451904297, 24.71245574951172, 19.831008911132812, 23.182973861694336, 18.61019515991211, 21.181318283081055, 22.026369094848633, 21.284793853759766, 20.55306625366211, 21.819334030151367, 21.417423248291016, 20.82838249206543, 21.0528564453125, 23.55287742614746, 23.578004837036133, 22.915882110595703, 20.773542404174805, 21.672727584838867, 23.76175880432129, 19.877378463745117, 25.404964447021484, 23.000232696533203, 25.701351165771484, 22.24590492248535, 24.227195739746094, 22.798667907714844, 23.15337371826172, 21.255596160888672, 21.995380401611328, 21.317718505859375, 20.99927520751953, 21.495460510253906, 20.601924896240234, 23.616559982299805, 22.103466033935547, 24.004379272460938, 23.01698875427246, 20.979801177978516, 19.850236892700195, 20.342113494873047, 23.554149627685547, 23.552818298339844, 22.072790145874023, 18.323110580444336, 21.2806396484375, 25.216550827026367, 22.34036636352539, 22.92466926574707, 22.50164031982422, 22.802539825439453, 25.449508666992188, 26.74205780029297, 19.800010681152344, 21.36270523071289, 18.700166702270508, 21.676733016967773, 22.928119659423828, 25.50665855407715, 21.229265213012695, 17.18465805053711, 14.362045288085938, 27.622249603271484, 19.940628051757812, 18.288591384887695, 19.86933135986328, 22.363544464111328, 23.55190086364746, 24.289505004882812, 20.90460205078125, 17.08838653564453, 24.0398006439209, 22.20138931274414, 20.818588256835938, 24.546035766601562, 22.265064239501953, 23.53972625732422, 21.185749053955078, 22.227563858032227, 17.690773010253906, 29.978254318237305, 22.8455753326416, 27.53723907470703, 24.28594970703125, 22.994842529296875, 20.981796264648438, 21.697643280029297, 20.74631118774414, 21.00357437133789, 18.52908706665039, 24.517658233642578, 23.359046936035156, 24.526500701904297, 20.315204620361328, 23.048439025878906, 22.70980453491211, 20.71733283996582, 21.869251251220703, 20.291196823120117, 20.034339904785156, 21.80820655822754, 26.75104331970215, 22.64743995666504, 20.53211212158203, 21.79478645324707, 17.481292724609375, 20.000202178955078, 26.29226303100586, 23.068283081054688, 24.64263153076172, 22.594913482666016, 16.03273582458496, 25.4274845123291, 23.427370071411133, 23.029699325561523, 21.384870529174805, 27.707958221435547, 17.939163208007812, 22.064220428466797, 21.587711334228516, 22.723390579223633, 23.753826141357422, 20.56085777282715, 21.481548309326172, 20.83867073059082, 21.186969757080078, 23.560144424438477, 21.583080291748047, 19.36948585510254, 23.5638427734375, 21.411468505859375, 24.160804748535156, 21.759925842285156, 24.783058166503906, 24.789579391479492, 21.80476951599121, 25.07953453063965, 25.574817657470703, 21.931821823120117, 20.243083953857422, 23.308956146240234, 24.858064651489258, 23.04379653930664, 21.081411361694336, 23.617591857910156, 20.54021644592285, 18.86518669128418, 21.78134536743164, 25.68195152282715, 21.24764633178711, 21.332748413085938, 19.849443435668945, 19.728351593017578, 22.580341339111328, 21.072689056396484, 21.556018829345703, 29.337081909179688, 22.90743064880371, 20.928695678710938, 20.340560913085938, 22.56048011779785, 22.322351455688477, 25.88515853881836, 23.580123901367188, 25.24151039123535, 20.387401580810547, 24.752307891845703, 25.569950103759766, 20.785099029541016, 18.16185188293457, 25.486835479736328, 22.113916397094727, 20.100767135620117, 23.41373062133789, 22.9251651763916, 18.17491340637207, 18.912975311279297, 24.345121383666992, 22.051984786987305, 20.62842559814453, 24.92253875732422, 26.40819549560547, 21.384979248046875, 19.020187377929688, 21.632097244262695, 30.54998779296875, 22.232254028320312, 21.043617248535156, 22.972047805786133, 21.551998138427734, 24.667606353759766, 21.169469833374023, 24.156206130981445, 18.93206024169922, 22.80571174621582, 22.34097671508789, 20.183256149291992, 23.949729919433594, 20.280376434326172, 26.250877380371094, 20.987329483032227, 23.374347686767578, 19.443580627441406, 24.780750274658203, 18.60285186767578, 26.316736221313477, 20.147647857666016, 25.178874969482422, 25.155336380004883, 20.207721710205078, 22.046131134033203, 22.937639236450195, 21.428096771240234, 21.808025360107422, 24.805252075195312, 20.624095916748047, 22.28595733642578, 23.58524513244629, 21.79355812072754, 27.587596893310547],