{"checkpoint": "outputs/r23_dvlt_s95/model_0030000.pth", "num_scenes": 256, "psnr": 22.11167423427105, "lpips": 0.2851844205870293, "psnr_std_err": 0.14589173541062275, "per_scene_psnr": [18.32356071472168, 21.17431640625, 20.175390243530273, 18.553316116333008, 24.56896209716797, 22.829988479614258, 23.086158752441406, 24.13271141052246, 20.172080993652344, 21.01366424560547, 24.467134475708008, 20.709842681884766, 22.407184600830078, 20.94397735595703, 21.706939697265625, 22.161529541015625, 20.044754028320312, 23.726530075073242, 23.152132034301758, 21.656448364257812, 20.092117309570312, 22.36624526977539, 22.88778305053711, 23.899259567260742, 24.347129821777344, 23.15534782409668, 22.26658821105957, 18.17334747314453, 24.960548400878906, 23.37581443786621, 25.00908660888672, 21.58256721496582, 20.679216384887695, 21.960296630859375, 23.15851402282715, 17.96983528137207, 20.199203491210938, 21.611425399780273, 24.488758087158203, 19.58669090270996, 22.93895721435547, 18.323055267333984, 21.29745101928711, 21.7246036529541, 21.357831954956055, 20.661376953125, 21.654029846191406, 20.99601936340332, 20.734371185302734, 20.796720504760742, 23.669240951538086, 23.34812355041504, 22.766401290893555, 20.846765518188477, 21.328338623046875, 23.66640853881836, 19.447406768798828, 25.321847915649414, 22.725343704223633, 25.29058074951172, 22.049224853515625, 24.221282958984375, 22.717655181884766, 22.724096298217773, 20.93896484375, 22.009370803833008, 21.008316040039062, 20.805871963500977, 21.23984146118164, 20.605884552001953, 23.537199020385742, 21.615955352783203, 24.388246536254883, 22.6719970703125, 20.797388076782227, 19.579679489135742, 19.935382843017578, 23.767269134521484, 23.352392196655273, 21.834230422973633, 18.06470489501953, 21.45635414123535, 25.118085861206055, 21.822296142578125, 22.827552795410156, 22.318737030029297, 22.4423770904541, 25.356828689575195, 26.48516082763672, 19.626996994018555, 21.26482391357422, 18.462890625, 21.641542434692383, 22.701932907104492, 25.282764434814453, 21.415668487548828, 16.970325469970703, 14.39932632446289, 27.532669067382812, 19.962627410888672, 18.08106231689453, 19.825109481811523, 22.51500701904297, 23.38473129272461, 24.39582633972168, 20.732921600341797, 17.169076919555664, 23.899744033813477, 21.99010467529297, 20.463150024414062, 24.297378540039062, 22.254531860351562, 23.202465057373047, 20.695289611816406, 22.037601470947266, 17.28704071044922, 29.673587799072266, 22.672195434570312, 27.473899841308594, 23.978622436523438, 22.957956314086914, 21.211563110351562, 21.905344009399414, 20.601608276367188, 20.652664184570312, 18.42288589477539, 24.49838638305664, 23.2950382232666, 24.339595794677734, 19.928274154663086, 23.12884521484375, 22.540998458862305, 20.278560638427734, 22.07534408569336, 20.03158187866211, 19.869098663330078, 21.6051082611084, 26.37557029724121, 22.39885711669922, 20.486690521240234, 21.814022064208984, 17.45169448852539, 19.773420333862305, 25.976482391357422, 23.436365127563477, 24.388832092285156, 22.190101623535156, 15.995464324951172, 25.129959106445312, 23.296913146972656, 22.869197845458984, 21.117734909057617, 27.403850555419922, 17.966541290283203, 21.81142807006836, 21.27262306213379, 22.858097076416016, 23.70734405517578, 20.639122009277344, 21.132028579711914, 20.729589462280273, 20.85036277770996, 23.243234634399414, 21.14030647277832, 19.15163803100586, 23.417131423950195, 20.974903106689453, 24.03772735595703, 21.563369750976562, 24.71346664428711, 24.171749114990234, 21.49856948852539, 24.964679718017578, 25.454307556152344, 21.790416717529297, 20.274864196777344, 23.206937789916992, 24.57497787475586, 22.76698875427246, 21.09012222290039, 23.50864028930664, 21.07119369506836, 18.9777774810791, 21.62000846862793, 25.579029083251953, 21.102846145629883, 21.118541717529297, 19.49600601196289, 19.730457305908203, 22.1673583984375, 20.831581115722656, 21.49845314025879, 28.937978744506836, 22.875757217407227, 20.730998992919922, 20.32766342163086, 22.412494659423828, 22.038326263427734, 25.486509323120117, 23.57602310180664, 24.796810150146484, 20.17120361328125, 24.680471420288086, 25.173694610595703, 20.56832504272461, 18.13104248046875, 25.1600341796875, 22.02367401123047, 20.133052825927734, 22.835887908935547, 23.059341430664062, 18.259872436523438, 19.160266876220703, 24.45077133178711, 21.548002243041992, 20.30257225036621, 24.648906707763672, 26.302757263183594, 21.226408004760742, 18.855010986328125, 22.132902145385742, 30.479637145996094, 22.248748779296875, 20.842668533325195, 22.95105743408203, 21.373693466186523, 24.904382705688477, 20.72780418395996, 24.178312301635742, 18.671178817749023, 22.588882446289062, 22.105037689208984, 19.98583221435547, 23.704822540283203, 19.922225952148438, 25.951488494873047, 20.574934005737305, 23.024837493896484, 19.225542068481445, 24.849502563476562, 18.486406326293945, 26.076419830322266, 19.97264862060547, 25.310928344726562, 25.055145263671875, 20.487220764160156, 21.94410514831543, 22.860755920410156, 21.207683563232422, 21.868236541748047, 24.679698944091797, 20.607633590698242, 22.270511627197266, 23.124807357788086, 21.45857048034668, 27.05352020263672],