{"checkpoint": "outputs/r1_loop_l2x4_s96/model_0030000.pth", "num_scenes": 256, "psnr": 22.087841473519802, "lpips": 0.28926047327695414, "psnr_std_err": 0.14718646757020923, "per_scene_psnr": [18.672019958496094, 20.631885528564453, 20.407255172729492, 18.749013900756836, 24.27328872680664, 23.219261169433594, 23.034774780273438, 24.39453887939453, 20.3751220703125, 21.042278289794922, 24.610713958740234, 20.65096092224121, 22.399633407592773, 20.78891372680664, 21.758853912353516, 22.216045379638672, 20.228580474853516, 23.282520294189453, 23.371356964111328, 21.22968292236328, 19.810659408569336, 22.46974754333496, 22.7822265625, 23.98311424255371, 24.655752182006836, 22.594669342041016, 22.306270599365234, 17.94038963317871, 25.092052459716797, 23.395523071289062, 25.190279006958008, 21.532041549682617, 20.808040618896484, 21.798023223876953, 22.970134735107422, 17.95147705078125, 19.991437911987305, 21.87485122680664, 24.546348571777344, 19.369356155395508, 22.90866470336914, 18.470752716064453, 21.03325653076172, 21.72869110107422, 21.15736198425293, 20.501699447631836, 21.61451530456543, 21.036643981933594, 20.734708786010742, 20.781108856201172, 23.290813446044922, 23.305652618408203, 22.644447326660156, 20.346179962158203, 21.499147415161133, 23.671871185302734, 19.626375198364258, 25.319049835205078, 22.713428497314453, 25.4989013671875, 22.113357543945312, 23.844684600830078, 22.781906127929688, 23.08954429626465, 21.107349395751953, 21.818309783935547, 21.06990623474121, 20.882003784179688, 21.221885681152344, 20.408519744873047, 23.402854919433594, 21.80187225341797, 23.73073387145996, 23.048498153686523, 20.795246124267578, 19.718618392944336, 20.05264663696289, 23.64620590209961, 23.266496658325195, 21.79886817932129, 18.23713493347168, 21.514522552490234, 24.93408966064453, 22.01462745666504, 22.691993713378906, 22.092815399169922, 22.557640075683594, 25.14724349975586, 26.601612091064453, 19.603044509887695, 21.08980941772461, 18.537708282470703, 21.209383010864258, 22.822399139404297, 25.084583282470703, 20.992313385009766, 17.14734649658203, 14.2876615524292, 27.595129013061523, 19.98957633972168, 18.154170989990234, 19.748456954956055, 22.160655975341797, 23.555431365966797, 24.176799774169922, 20.791427612304688, 16.8758544921875, 23.841690063476562, 22.080223083496094, 20.677337646484375, 24.345062255859375, 21.93107795715332, 23.26654815673828, 20.751750946044922, 22.072622299194336, 17.507579803466797, 29.582298278808594, 22.85642433166504, 27.593856811523438, 24.206342697143555, 22.69168472290039, 21.154863357543945, 21.578018188476562, 20.26409339904785, 20.572856903076172, 18.394643783569336, 24.407445907592773, 23.034271240234375, 24.42359161376953, 20.174720764160156, 22.765811920166016, 22.36972999572754, 19.617782592773438, 21.723712921142578, 20.056930541992188, 19.939929962158203, 21.616975784301758, 26.612964630126953, 22.576541900634766, 20.23114776611328, 21.642906188964844, 17.42890167236328, 19.894649505615234, 26.00822639465332, 22.836326599121094, 24.421749114990234, 22.194915771484375, 15.91225528717041, 25.095441818237305, 23.203638076782227, 23.062068939208984, 21.031160354614258, 27.486217498779297, 17.82512855529785, 21.766069412231445, 21.41166877746582, 22.557851791381836, 23.51926612854004, 20.587066650390625, 21.26593017578125, 20.68354606628418, 20.997982025146484, 23.566129684448242, 21.341096878051758, 19.062841415405273, 23.399734497070312, 21.13722801208496, 24.10377311706543, 21.460111618041992, 24.81209945678711, 24.525392532348633, 21.66093635559082, 24.881000518798828, 25.384599685668945, 22.033998489379883, 20.303695678710938, 23.02056884765625, 24.757844924926758, 22.4837703704834, 20.87403106689453, 23.514678955078125, 20.72521209716797, 18.791248321533203, 21.591739654541016, 25.64771842956543, 21.109561920166016, 21.027202606201172, 19.644554138183594, 19.752792358398438, 22.467350006103516, 20.949363708496094, 21.427270889282227, 29.197410583496094, 22.93810272216797, 20.71018409729004, 19.87738609313965, 22.507169723510742, 22.200925827026367, 25.736114501953125, 23.740026473999023, 25.232681274414062, 20.205068588256836, 24.65188217163086, 25.220487594604492, 20.565927505493164, 18.062578201293945, 25.184354782104492, 21.943767547607422, 19.83282470703125, 22.832584381103516, 22.807621002197266, 18.07726287841797, 18.821083068847656, 24.291568756103516, 21.727706909179688, 20.198286056518555, 24.80057144165039, 26.217342376708984, 20.944263458251953, 18.743345260620117, 21.657817840576172, 30.546358108520508, 22.267484664916992, 20.72454071044922, 23.053691864013672, 21.55923080444336, 24.891080856323242, 20.95893669128418, 23.971656799316406, 18.529800415039062, 22.601099014282227, 22.108013153076172, 19.969799041748047, 23.678375244140625, 20.085124969482422, 25.99599838256836, 20.867351531982422, 23.288240432739258, 19.6209716796875, 24.965557098388672, 18.41216278076172, 25.843904495239258, 20.204547882080078, 25.056594848632812, 24.9549503326416, 20.048322677612305, 21.843265533447266, 22.570541381835938, 21.09358787536621, 21.78598403930664, 24.62721061706543, 20.45708465576172, 21.94430923461914, 23.401531219482422, 21.497211456298828, 27.430200576782227],