{"checkpoint": "outputs/r23_layerscale_s95/model_0030000.pth", "num_scenes": 256, "psnr": 20.594929847866297, "lpips": 0.3712649113149382, "psnr_std_err": 0.134922089545153, "per_scene_psnr": [17.490135192871094, 19.23648452758789, 18.74148178100586, 17.058732986450195, 22.277542114257812, 21.809263229370117, 21.113927841186523, 23.09657859802246, 19.20231056213379, 19.150449752807617, 22.505634307861328, 19.60955810546875, 20.941343307495117, 19.209115982055664, 20.36058807373047, 20.710247039794922, 19.036128997802734, 22.403764724731445, 21.998064041137695, 20.53421974182129, 18.41733169555664, 20.650253295898438, 21.08526039123535, 22.09579086303711, 22.89868927001953, 20.97467803955078, 20.802824020385742, 16.948898315429688, 23.691408157348633, 21.909284591674805, 23.27099609375, 20.307514190673828, 19.57356071472168, 20.083505630493164, 20.695892333984375, 17.30318832397461, 18.569988250732422, 20.44045639038086, 22.784942626953125, 18.22870445251465, 21.46578025817871, 16.88897705078125, 19.320432662963867, 20.006845474243164, 18.81786346435547, 18.961599349975586, 20.10146713256836, 19.600313186645508, 18.985937118530273, 19.952791213989258, 20.362438201904297, 21.91602897644043, 20.352209091186523, 18.804189682006836, 19.07707977294922, 22.2446231842041, 18.62255859375, 23.906082153320312, 21.131999969482422, 23.950252532958984, 21.102008819580078, 22.285367965698242, 20.78731918334961, 20.236984252929688, 19.870168685913086, 20.0017147064209, 19.438770294189453, 19.759506225585938, 19.78840446472168, 18.284603118896484, 21.94799041748047, 20.3642578125, 22.43657875061035, 21.014251708984375, 19.714006423950195, 18.682615280151367, 19.398420333862305, 21.47661590576172, 22.433168411254883, 20.84969711303711, 17.42310905456543, 19.37171745300293, 23.772541046142578, 20.17278480529785, 20.648433685302734, 20.61020851135254, 20.723766326904297, 23.366069793701172, 25.41952896118164, 18.611330032348633, 19.41444969177246, 17.91902732849121, 20.308916091918945, 21.14730453491211, 22.385129928588867, 19.041669845581055, 15.895377159118652, 13.597260475158691, 26.0251407623291, 17.84642219543457, 17.055585861206055, 18.527111053466797, 21.030309677124023, 22.180822372436523, 22.80211639404297, 19.275928497314453, 16.92301368713379, 22.15744400024414, 20.432844161987305, 19.173124313354492, 22.522300720214844, 20.346355438232422, 21.46733283996582, 19.679773330688477, 20.469158172607422, 16.53714370727539, 27.669984817504883, 21.321401596069336, 25.646682739257812, 22.057292938232422, 21.467052459716797, 19.874467849731445, 20.419334411621094, 19.541114807128906, 19.53775978088379, 16.925739288330078, 23.35641860961914, 21.586517333984375, 23.500690460205078, 19.167922973632812, 21.22808074951172, 20.50628662109375, 18.697097778320312, 20.06061363220215, 18.624927520751953, 19.288999557495117, 19.921791076660156, 24.264432907104492, 20.896831512451172, 18.79507827758789, 20.880422592163086, 16.869712829589844, 19.241220474243164, 24.298664093017578, 21.884883880615234, 23.159317016601562, 21.00203514099121, 14.82758617401123, 23.29840850830078, 21.041391372680664, 21.360668182373047, 20.06377410888672, 25.045080184936523, 16.829334259033203, 20.348833084106445, 20.179096221923828, 20.632251739501953, 21.678512573242188, 19.961402893066406, 20.19012451171875, 18.626779556274414, 19.34200096130371, 21.709293365478516, 19.56114959716797, 18.24927520751953, 21.733179092407227, 20.315074920654297, 22.063987731933594, 19.470659255981445, 22.829925537109375, 23.069398880004883, 20.544403076171875, 24.020523071289062, 24.161117553710938, 20.128021240234375, 19.117321014404297, 21.28566551208496, 23.530784606933594, 21.29340934753418, 19.017566680908203, 22.014583587646484, 19.79550552368164, 17.40598487854004, 19.770795822143555, 24.35309600830078, 20.20351791381836, 19.751937866210938, 18.349674224853516, 18.068822860717773, 20.773372650146484, 19.70440673828125, 20.259363174438477, 26.79631996154785, 21.182655334472656, 19.468578338623047, 18.151371002197266, 20.381092071533203, 20.714941024780273, 23.57666015625, 21.314159393310547, 23.22547149658203, 19.071514129638672, 22.992704391479492, 23.740882873535156, 19.53036117553711, 16.71358299255371, 24.099653244018555, 20.583492279052734, 19.168869018554688, 21.366962432861328, 21.00963592529297, 17.221450805664062, 18.011444091796875, 22.283687591552734, 19.598342895507812, 18.302804946899414, 23.035184860229492, 24.80792236328125, 19.123273849487305, 17.196956634521484, 19.858726501464844, 27.831762313842773, 20.689987182617188, 19.485849380493164, 20.676897048950195, 20.179855346679688, 23.069372177124023, 20.082218170166016, 21.068113327026367, 17.707263946533203, 21.25483512878418, 20.851608276367188, 18.9195613861084, 22.502696990966797, 19.292320251464844, 24.26632308959961, 19.288854598999023, 21.096240997314453, 18.371726989746094, 23.18386459350586, 17.02973175048828, 24.041431427001953, 18.31744956970215, 23.634883880615234, 22.603404998779297, 18.59840202331543, 20.33847427368164, 20.948650360107422, 19.70258903503418, 20.32453727722168, 23.828859329223633, 19.118513107299805, 20.412921905517578, 21.821346282958984, 20.70762825012207, 25.014118194580078],