{"checkpoint": "outputs/r19_bgsfo_s96/model_0030000.pth", "num_scenes": 256, "psnr": 22.391133319586515, "lpips": 0.27840067393844947, "psnr_std_err": 0.14908501448260245, "per_scene_psnr": [18.932289123535156, 20.921070098876953, 20.645423889160156, 19.114715576171875, 24.211484909057617, 23.518890380859375, 23.180419921875, 24.60376739501953, 20.33358383178711, 21.173370361328125, 24.982336044311523, 21.008132934570312, 22.762725830078125, 21.136085510253906, 21.825572967529297, 22.322154998779297, 20.38555335998535, 23.6021785736084, 23.533952713012695, 21.604936599731445, 20.356245040893555, 22.686321258544922, 23.20479393005371, 24.516389846801758, 25.04802703857422, 22.907493591308594, 22.583372116088867, 18.020437240600586, 25.454723358154297, 23.684886932373047, 25.385591506958008, 21.959815979003906, 21.030838012695312, 21.831762313842773, 23.49616813659668, 18.13150405883789, 20.468650817871094, 22.08932876586914, 24.886972427368164, 19.91889190673828, 23.191394805908203, 18.75697135925293, 21.4133243560791, 22.23077392578125, 21.61989974975586, 20.658382415771484, 22.008403778076172, 21.416149139404297, 21.054895401000977, 20.868703842163086, 23.69424057006836, 23.62957000732422, 23.09145164489746, 20.98990249633789, 21.819459915161133, 23.94268226623535, 19.819408416748047, 25.634456634521484, 23.157072067260742, 25.653018951416016, 22.35837173461914, 23.983020782470703, 23.154943466186523, 23.30884552001953, 21.261863708496094, 22.040733337402344, 21.4431209564209, 21.19098472595215, 21.454648971557617, 21.05088233947754, 23.84964370727539, 21.917465209960938, 23.802593231201172, 23.10883331298828, 21.069705963134766, 19.862476348876953, 20.46855926513672, 23.767112731933594, 23.638835906982422, 22.2462100982666, 18.377304077148438, 21.905920028686523, 25.325956344604492, 22.388286590576172, 22.99663734436035, 22.51053237915039, 22.908342361450195, 25.630037307739258, 26.720495223999023, 19.685632705688477, 21.48596954345703, 18.585378646850586, 21.690980911254883, 22.98949432373047, 25.485740661621094, 21.329832077026367, 17.243295669555664, 14.508170127868652, 27.82839012145996, 20.509681701660156, 18.297393798828125, 20.10698699951172, 22.472530364990234, 23.663707733154297, 24.536651611328125, 21.175384521484375, 16.94508171081543, 24.130250930786133, 22.44615936279297, 20.989198684692383, 24.745319366455078, 22.322067260742188, 23.602706909179688, 21.10638427734375, 22.305957794189453, 17.656639099121094, 30.264442443847656, 22.880308151245117, 27.79750633239746, 24.591922760009766, 23.370067596435547, 21.422670364379883, 22.189176559448242, 20.464479446411133, 20.89034652709961, 18.772565841674805, 24.513948440551758, 23.456710815429688, 24.71752166748047, 20.32510757446289, 23.17910385131836, 22.833471298217773, 20.03931427001953, 22.147855758666992, 20.414329528808594, 20.100900650024414, 21.859535217285156, 27.139036178588867, 22.92212677001953, 20.969526290893555, 21.918842315673828, 17.4991397857666, 20.037748336791992, 26.405000686645508, 23.094940185546875, 24.76584243774414, 22.414445877075195, 16.02225685119629, 25.533287048339844, 23.55585289001465, 23.396757125854492, 21.5085391998291, 28.031673431396484, 17.885578155517578, 21.907123565673828, 21.564786911010742, 23.032581329345703, 23.92622947692871, 20.738218307495117, 21.589282989501953, 21.147172927856445, 21.21802520751953, 23.776416778564453, 21.50749397277832, 19.282920837402344, 23.761444091796875, 21.17896270751953, 24.259925842285156, 22.028284072875977, 25.079139709472656, 24.667781829833984, 21.69708251953125, 25.366809844970703, 25.722640991210938, 22.058019638061523, 20.336963653564453, 23.622533798217773, 24.90428924560547, 22.841114044189453, 21.44936752319336, 23.751384735107422, 21.024826049804688, 19.083919525146484, 21.951160430908203, 25.792034149169922, 21.357118606567383, 21.37906265258789, 19.75359535217285, 19.838790893554688, 22.51325798034668, 21.034072875976562, 21.584754943847656, 29.467575073242188, 23.143848419189453, 21.08872413635254, 20.29935646057129, 22.434999465942383, 22.68282699584961, 26.02994728088379, 24.10567855834961, 25.464780807495117, 20.397396087646484, 25.126211166381836, 25.53905487060547, 20.902719497680664, 18.37766456604004, 25.642147064208984, 22.147457122802734, 20.279682159423828, 23.324588775634766, 23.259014129638672, 18.123249053955078, 19.322879791259766, 24.63585090637207, 22.116867065429688, 21.023571014404297, 25.123275756835938, 26.686969757080078, 21.587202072143555, 19.11676788330078, 22.254112243652344, 30.864852905273438, 22.2862548828125, 21.246505737304688, 23.353992462158203, 21.785547256469727, 25.139381408691406, 21.12109375, 24.47056007385254, 18.845643997192383, 22.788637161254883, 22.35407066345215, 19.997562408447266, 23.870527267456055, 20.351879119873047, 26.234699249267578, 21.1600341796875, 23.585512161254883, 19.547256469726562, 25.02870750427246, 18.842063903808594, 26.49515151977539, 20.356204986572266, 25.45455551147461, 25.569631576538086, 20.28076934814453, 22.362140655517578, 23.080623626708984, 21.43331527709961, 22.244016647338867, 24.758119583129883, 20.988235473632812, 22.43783187866211, 23.571460723876953, 21.99951934814453, 27.760513305664062],