{"checkpoint": "outputs/r4_loop_l2x4_sup_s96/model_0030000.pth", "num_scenes": 256, "psnr": 22.130351409316063, "lpips": 0.2893226280575618, "psnr_std_err": 0.14670838860623137, "per_scene_psnr": [18.677398681640625, 20.818660736083984, 20.18218994140625, 18.73873519897461, 24.041519165039062, 23.274112701416016, 22.862464904785156, 24.397357940673828, 20.251144409179688, 21.04082489013672, 24.622474670410156, 20.720157623291016, 22.393211364746094, 20.95924186706543, 21.71535873413086, 22.081104278564453, 20.124895095825195, 23.601760864257812, 23.11302375793457, 21.33485984802246, 20.06116485595703, 22.384387969970703, 23.052942276000977, 23.914480209350586, 24.641321182250977, 22.77347755432129, 22.27708625793457, 18.15871810913086, 25.073699951171875, 23.45442771911621, 25.093990325927734, 21.73061180114746, 20.843698501586914, 21.455116271972656, 23.056400299072266, 18.13968849182129, 20.161598205566406, 21.92203712463379, 24.618379592895508, 19.642200469970703, 22.94864273071289, 18.46074676513672, 21.127792358398438, 21.747909545898438, 21.203977584838867, 20.596120834350586, 21.64879608154297, 21.097408294677734, 20.837631225585938, 20.82386016845703, 23.277889251708984, 23.322439193725586, 22.824092864990234, 20.593074798583984, 21.486183166503906, 23.611642837524414, 19.64992332458496, 25.264646530151367, 22.79122543334961, 25.331722259521484, 22.198047637939453, 23.52947235107422, 22.74122428894043, 23.06749153137207, 21.063844680786133, 21.82793617248535, 21.164710998535156, 20.997730255126953, 21.31353759765625, 20.512191772460938, 23.399831771850586, 21.879798889160156, 23.789836883544922, 22.977222442626953, 20.86124038696289, 19.6800479888916, 20.236103057861328, 23.556806564331055, 23.269668579101562, 21.928905487060547, 18.11016845703125, 21.263790130615234, 24.925050735473633, 22.107032775878906, 22.709949493408203, 22.289840698242188, 22.699365615844727, 25.415939331054688, 26.636037826538086, 19.616802215576172, 21.19751739501953, 18.472196578979492, 21.647184371948242, 22.76089096069336, 25.200042724609375, 20.841934204101562, 17.062692642211914, 14.605298042297363, 27.54816436767578, 19.923187255859375, 18.141462326049805, 19.92925262451172, 22.280479431152344, 23.42311668395996, 24.267353057861328, 20.879919052124023, 16.928457260131836, 23.985828399658203, 21.993995666503906, 20.744226455688477, 24.2680721282959, 22.1378173828125, 23.33819580078125, 20.924335479736328, 22.112550735473633, 17.491943359375, 29.724149703979492, 22.722864151000977, 27.473718643188477, 24.23668098449707, 23.002506256103516, 20.916316986083984, 21.508377075195312, 20.445056915283203, 20.767349243164062, 18.4102783203125, 24.431346893310547, 23.381694793701172, 24.517772674560547, 20.04769515991211, 22.979137420654297, 22.532581329345703, 19.972415924072266, 22.02481460571289, 20.145761489868164, 20.002220153808594, 21.551912307739258, 26.457021713256836, 22.545879364013672, 20.44732666015625, 21.843341827392578, 17.402029037475586, 20.04245948791504, 26.110315322875977, 23.060256958007812, 24.3704891204834, 22.37737464904785, 15.974150657653809, 25.34573745727539, 23.20533561706543, 23.114011764526367, 21.2650089263916, 27.476816177368164, 17.90550994873047, 21.727447509765625, 21.49138641357422, 22.631122589111328, 23.50897979736328, 20.47793960571289, 21.382244110107422, 20.82040023803711, 21.072711944580078, 23.523639678955078, 21.325664520263672, 19.189523696899414, 23.405187606811523, 21.182851791381836, 23.970048904418945, 21.637962341308594, 24.848325729370117, 24.591476440429688, 21.666744232177734, 25.337417602539062, 25.428707122802734, 21.853235244750977, 20.013818740844727, 23.277769088745117, 24.591196060180664, 22.781391143798828, 20.994462966918945, 23.58422088623047, 20.74285888671875, 18.688663482666016, 21.389511108398438, 25.68814468383789, 21.080814361572266, 21.03285026550293, 19.665157318115234, 19.81453514099121, 22.25663185119629, 20.852428436279297, 21.347562789916992, 29.293346405029297, 22.880352020263672, 20.859130859375, 19.94684410095215, 22.102174758911133, 22.281858444213867, 25.666372299194336, 23.624717712402344, 25.156757354736328, 20.430988311767578, 24.837928771972656, 25.39653778076172, 20.565013885498047, 17.987401962280273, 25.229694366455078, 21.990768432617188, 20.116771697998047, 22.991802215576172, 22.891170501708984, 18.135074615478516, 18.86437225341797, 24.300806045532227, 21.82675552368164, 20.392765045166016, 24.862224578857422, 26.315767288208008, 21.150665283203125, 18.944459915161133, 21.572586059570312, 30.598011016845703, 22.248727798461914, 20.980655670166016, 22.957744598388672, 21.412044525146484, 24.721378326416016, 21.132400512695312, 24.094215393066406, 18.673419952392578, 22.629257202148438, 22.213945388793945, 19.934595108032227, 23.74568748474121, 20.137741088867188, 26.02924156188965, 20.939424514770508, 23.276275634765625, 19.439409255981445, 24.838516235351562, 18.303651809692383, 26.067075729370117, 20.042972564697266, 25.28557777404785, 25.06059455871582, 20.019512176513672, 21.777904510498047, 22.75379180908203, 21.242582321166992, 21.768543243408203, 24.68048095703125, 20.666234970092773, 22.030784606933594, 23.376684188842773, 21.59797477722168, 27.537654876708984],