{"checkpoint": "outputs/r18_slice_boost_s95/model_0030000.pth", "num_scenes": 256, "psnr": 20.93043787404895, "lpips": 0.3354172448744066, "psnr_std_err": 0.14026629028656382, "per_scene_psnr": [17.59159278869629, 19.65562629699707, 18.891857147216797, 17.67395782470703, 22.282419204711914, 21.744888305664062, 21.237489700317383, 23.49672508239746, 19.387508392333984, 19.55313491821289, 22.913053512573242, 19.805992126464844, 21.40193748474121, 19.51605987548828, 21.000808715820312, 20.925430297851562, 19.230525970458984, 22.326631546020508, 22.39832878112793, 20.67572593688965, 18.23211097717285, 21.10417938232422, 21.760318756103516, 22.262683868408203, 23.055870056152344, 21.389575958251953, 21.135713577270508, 17.132305145263672, 23.968460083007812, 22.159597396850586, 23.613685607910156, 20.487146377563477, 19.7788028717041, 20.413591384887695, 21.807373046875, 17.039752960205078, 18.768699645996094, 20.630416870117188, 23.46132469177246, 18.475872039794922, 21.85506820678711, 17.39048957824707, 20.088712692260742, 20.77207374572754, 19.833629608154297, 19.752689361572266, 20.616512298583984, 19.968639373779297, 19.205310821533203, 20.020532608032227, 22.29489517211914, 22.05478858947754, 20.83139419555664, 19.78592300415039, 19.598716735839844, 22.64141845703125, 18.71481704711914, 24.355892181396484, 21.494720458984375, 24.249422073364258, 21.269886016845703, 21.907791137695312, 21.360984802246094, 21.025615692138672, 20.124433517456055, 20.698110580444336, 19.81438636779785, 19.765474319458008, 20.24069595336914, 19.49908447265625, 22.40545082092285, 20.45701789855957, 22.35443878173828, 21.290550231933594, 19.891674041748047, 18.674467086791992, 19.488929748535156, 22.139801025390625, 22.495880126953125, 20.995023727416992, 17.439809799194336, 19.527170181274414, 24.069496154785156, 20.620235443115234, 21.20267677307129, 21.036130905151367, 21.044410705566406, 23.963376998901367, 25.851139068603516, 18.589134216308594, 19.975126266479492, 17.93095588684082, 20.788524627685547, 21.492435455322266, 23.43308448791504, 19.63360595703125, 16.065567016601562, 13.73462200164795, 26.23081398010254, 18.485506057739258, 17.06697654724121, 18.82389259338379, 21.761714935302734, 22.21247100830078, 23.262720108032227, 19.614652633666992, 16.95024871826172, 22.699832916259766, 20.755859375, 19.368669509887695, 23.106380462646484, 20.22036361694336, 21.71017074584961, 19.320785522460938, 20.883991241455078, 16.6138916015625, 28.268489837646484, 21.589391708374023, 25.818477630615234, 22.35653305053711, 21.25044059753418, 20.267000198364258, 20.583358764648438, 20.247432708740234, 19.894302368164062, 17.633296966552734, 23.51629066467285, 21.750829696655273, 23.74078941345215, 19.134977340698242, 21.973892211914062, 21.07731056213379, 18.049673080444336, 20.463184356689453, 18.71033477783203, 19.401233673095703, 20.625850677490234, 24.752405166625977, 21.16575050354004, 19.0998592376709, 20.827899932861328, 16.947839736938477, 18.86975860595703, 24.67327117919922, 21.66373062133789, 23.67308807373047, 21.29012107849121, 14.539520263671875, 23.913467407226562, 21.596126556396484, 21.695344924926758, 20.35040855407715, 25.801666259765625, 16.809133529663086, 20.953022003173828, 20.52324676513672, 21.21885108947754, 22.350543975830078, 20.111251831054688, 20.136735916137695, 19.349884033203125, 19.794307708740234, 21.754732131958008, 20.194957733154297, 18.428932189941406, 22.25863265991211, 20.13101577758789, 22.222583770751953, 20.053560256958008, 23.5617618560791, 23.254308700561523, 20.683555603027344, 24.907617568969727, 24.648815155029297, 20.650680541992188, 19.144474029541016, 21.585294723510742, 23.87848663330078, 21.692920684814453, 19.508241653442383, 22.333200454711914, 19.638124465942383, 17.645509719848633, 19.815160751342773, 24.729082107543945, 20.394184112548828, 19.307884216308594, 18.523256301879883, 18.715110778808594, 21.110593795776367, 20.121826171875, 20.560279846191406, 27.626461029052734, 21.518924713134766, 19.64496421813965, 18.65780258178711, 21.123016357421875, 21.100543975830078, 24.080856323242188, 22.182607650756836, 23.384891510009766, 19.145160675048828, 23.5738468170166, 24.182031631469727, 19.535520553588867, 16.935083389282227, 24.472206115722656, 21.069278717041016, 19.197280883789062, 21.594026565551758, 21.456573486328125, 17.224430084228516, 18.055835723876953, 22.803516387939453, 20.0377254486084, 18.847244262695312, 23.56757164001465, 25.028722763061523, 20.337352752685547, 17.81731414794922, 20.615758895874023, 29.286903381347656, 21.02082061767578, 19.714475631713867, 21.51300048828125, 20.47386360168457, 22.837871551513672, 20.466644287109375, 21.886497497558594, 17.766014099121094, 21.603803634643555, 21.298004150390625, 19.067399978637695, 22.73542594909668, 19.304584503173828, 24.68307876586914, 19.434127807617188, 21.401386260986328, 18.663976669311523, 23.649198532104492, 17.425457000732422, 24.62104606628418, 18.350908279418945, 23.84589195251465, 23.284120559692383, 19.07404327392578, 20.65487289428711, 21.050209045410156, 20.251808166503906, 20.71237564086914, 24.059215545654297, 19.446210861206055, 20.26423454284668, 22.13965606689453, 20.770374298095703, 25.403974533081055],