{"checkpoint": "outputs/r1_loop_l2x4_s97/model_0030000.pth", "num_scenes": 256, "psnr": 22.060028068721294, "lpips": 0.2914647362777032, "psnr_std_err": 0.14790135003676785, "per_scene_psnr": [18.433319091796875, 20.65239143371582, 20.18695068359375, 18.790395736694336, 23.967817306518555, 23.11099624633789, 22.788654327392578, 24.344873428344727, 20.018911361694336, 20.841005325317383, 24.40351104736328, 20.798959732055664, 22.38746452331543, 20.819847106933594, 21.737335205078125, 22.04041290283203, 20.13361167907715, 23.49715232849121, 23.385852813720703, 21.230934143066406, 20.05780792236328, 22.46117401123047, 22.83319091796875, 23.892858505249023, 24.622119903564453, 22.678104400634766, 22.139169692993164, 18.165878295898438, 25.172574996948242, 23.331697463989258, 24.954341888427734, 21.75647735595703, 20.72643280029297, 21.370601654052734, 22.995071411132812, 18.14969825744629, 20.104854583740234, 21.859216690063477, 24.41779899597168, 19.644092559814453, 23.039588928222656, 18.133317947387695, 20.716941833496094, 21.608444213867188, 20.824298858642578, 20.40850830078125, 21.761913299560547, 20.998964309692383, 20.712120056152344, 20.75112533569336, 23.20612144470215, 23.288177490234375, 22.776002883911133, 20.5140380859375, 21.408580780029297, 23.45486831665039, 19.720458984375, 25.4088191986084, 22.86176300048828, 25.288299560546875, 22.094114303588867, 23.715360641479492, 22.734928131103516, 23.019996643066406, 21.06768798828125, 21.73160171508789, 21.16196632385254, 20.81966781616211, 21.086332321166992, 20.092750549316406, 23.564224243164062, 21.73174285888672, 23.760662078857422, 22.828035354614258, 20.75170135498047, 19.58786392211914, 20.152570724487305, 23.35413360595703, 23.381832122802734, 21.97283935546875, 18.019989013671875, 21.01376724243164, 25.116451263427734, 22.082605361938477, 22.753341674804688, 22.063570022583008, 22.597938537597656, 25.325298309326172, 26.699865341186523, 19.605491638183594, 21.12228775024414, 18.55781364440918, 21.517515182495117, 22.69778823852539, 25.364971160888672, 20.946666717529297, 16.82850456237793, 14.38920783996582, 27.572425842285156, 19.828981399536133, 18.127107620239258, 19.66596031188965, 22.380718231201172, 23.387048721313477, 24.299428939819336, 20.823139190673828, 17.201919555664062, 23.83937644958496, 21.981447219848633, 20.648666381835938, 24.274818420410156, 21.797292709350586, 23.24365997314453, 20.917509078979492, 22.026885986328125, 17.44131088256836, 29.760181427001953, 22.54852294921875, 27.310409545898438, 23.984725952148438, 22.83075714111328, 21.00830841064453, 21.730064392089844, 20.624526977539062, 20.602901458740234, 18.056377410888672, 24.601869583129883, 23.17253875732422, 24.66008949279785, 20.172130584716797, 22.667390823364258, 22.437808990478516, 19.53493309020996, 21.635929107666016, 20.010746002197266, 19.920181274414062, 21.57977294921875, 26.590930938720703, 22.427148818969727, 20.344331741333008, 21.672367095947266, 17.298582077026367, 19.633676528930664, 26.079730987548828, 22.890426635742188, 24.504562377929688, 22.26548957824707, 15.976844787597656, 25.186275482177734, 23.089427947998047, 22.85080909729004, 21.15737533569336, 27.603687286376953, 17.78246307373047, 21.647106170654297, 21.460006713867188, 22.578763961791992, 23.562868118286133, 20.49228858947754, 21.302474975585938, 20.62541961669922, 20.91655921936035, 23.345115661621094, 21.17194938659668, 19.168466567993164, 23.434246063232422, 21.077489852905273, 23.911087036132812, 21.65674591064453, 24.663005828857422, 24.552932739257812, 21.580036163330078, 25.152070999145508, 25.487079620361328, 21.707439422607422, 19.825654983520508, 23.119434356689453, 24.5883846282959, 22.878250122070312, 20.934097290039062, 23.389873504638672, 20.742061614990234, 18.529571533203125, 21.388883590698242, 25.61744499206543, 21.033126831054688, 21.118200302124023, 19.527856826782227, 19.510805130004883, 22.347515106201172, 20.860252380371094, 21.34737205505371, 29.16092300415039, 22.870168685913086, 20.78510093688965, 19.934310913085938, 22.17864990234375, 22.258874893188477, 25.648496627807617, 23.820281982421875, 25.14714241027832, 19.99127960205078, 24.657703399658203, 25.363805770874023, 20.458759307861328, 17.88526725769043, 25.28630256652832, 22.099445343017578, 20.078182220458984, 23.087722778320312, 22.866313934326172, 17.951515197753906, 18.835107803344727, 24.137622833251953, 21.667556762695312, 20.301380157470703, 24.607219696044922, 26.167129516601562, 21.154495239257812, 18.702789306640625, 21.650001525878906, 30.457378387451172, 22.00728988647461, 21.003332138061523, 22.819358825683594, 21.472606658935547, 24.636985778808594, 21.003217697143555, 23.8596248626709, 18.451383590698242, 22.645328521728516, 21.981094360351562, 19.88239097595215, 23.57774543762207, 20.1318359375, 26.00273323059082, 20.811782836914062, 23.169349670410156, 19.407054901123047, 24.859935760498047, 18.318756103515625, 25.88738441467285, 19.92803955078125, 25.035802841186523, 24.92283821105957, 20.041141510009766, 22.038881301879883, 22.73483657836914, 21.19317054748535, 21.71330451965332, 24.747220993041992, 20.457727432250977, 21.873916625976562, 23.273216247558594, 21.808513641357422, 27.445528030395508],