{"checkpoint": "outputs/r11_loop_l2x4_pw1diag_s95/model_0030000.pth", "num_scenes": 256, "psnr": 22.213916800916195, "lpips": 0.2867991928360425, "psnr_std_err": 0.1471572013744448, "per_scene_psnr": [18.606523513793945, 20.7790470123291, 20.320114135742188, 19.004486083984375, 24.86962890625, 23.13111114501953, 23.103769302368164, 24.418319702148438, 20.25905418395996, 21.192434310913086, 24.70904541015625, 20.92343521118164, 22.411800384521484, 20.919475555419922, 21.853599548339844, 22.292747497558594, 20.257583618164062, 24.181291580200195, 23.347280502319336, 21.25171661376953, 20.303794860839844, 22.40697479248047, 23.00176429748535, 23.986412048339844, 24.689353942871094, 23.054058074951172, 22.296655654907227, 18.20418357849121, 25.229351043701172, 23.618600845336914, 25.145748138427734, 21.752155303955078, 20.952621459960938, 21.249353408813477, 23.239933013916016, 17.97789192199707, 20.202720642089844, 22.10392189025879, 24.641761779785156, 19.821901321411133, 23.052379608154297, 18.468191146850586, 21.140087127685547, 21.79800796508789, 21.11611557006836, 20.621240615844727, 21.535966873168945, 21.213207244873047, 20.88785171508789, 21.037200927734375, 23.441200256347656, 23.518217086791992, 22.913772583007812, 20.817626953125, 21.593807220458984, 23.731996536254883, 19.76495361328125, 25.255155563354492, 22.880569458007812, 25.4642276763916, 22.251501083374023, 24.24732208251953, 22.833921432495117, 23.228004455566406, 21.119548797607422, 22.002262115478516, 21.297271728515625, 21.027935028076172, 21.35519790649414, 20.440290451049805, 23.82848358154297, 21.826194763183594, 23.958297729492188, 22.90205955505371, 20.93069839477539, 19.75062370300293, 20.130157470703125, 23.557870864868164, 23.51825523376465, 22.0539493560791, 18.16945457458496, 21.455211639404297, 25.246803283691406, 22.233158111572266, 22.917539596557617, 22.35443115234375, 22.756256103515625, 25.440635681152344, 26.722118377685547, 19.69523811340332, 21.226348876953125, 18.472854614257812, 21.577119827270508, 22.727115631103516, 25.61239242553711, 21.025001525878906, 17.02450942993164, 14.741438865661621, 27.76837158203125, 20.028789520263672, 18.176057815551758, 20.016603469848633, 22.52859878540039, 23.54119300842285, 24.251577377319336, 20.920116424560547, 17.030744552612305, 23.976760864257812, 22.209022521972656, 20.687435150146484, 24.36273765563965, 21.989276885986328, 23.41050148010254, 21.385234832763672, 22.09589958190918, 17.556453704833984, 29.835432052612305, 22.938064575195312, 27.463891983032227, 24.222152709960938, 23.150726318359375, 20.971458435058594, 21.751033782958984, 20.403888702392578, 20.842321395874023, 18.346542358398438, 24.446765899658203, 23.27265739440918, 24.5455379486084, 20.206825256347656, 22.974712371826172, 22.678739547729492, 20.308244705200195, 21.949054718017578, 20.141450881958008, 20.04421615600586, 21.531789779663086, 26.747419357299805, 22.536041259765625, 20.66400909423828, 21.752254486083984, 17.58136558532715, 19.498821258544922, 26.266990661621094, 22.864482879638672, 24.272947311401367, 22.54047203063965, 15.94408893585205, 25.236705780029297, 23.32522964477539, 23.02421760559082, 21.261043548583984, 27.772600173950195, 18.050251007080078, 21.892309188842773, 21.490018844604492, 22.941173553466797, 23.651752471923828, 20.763507843017578, 21.471038818359375, 20.80655860900879, 21.149599075317383, 23.645286560058594, 21.443801879882812, 19.322418212890625, 23.549400329589844, 21.28394317626953, 24.228553771972656, 21.79644775390625, 24.93779754638672, 24.625797271728516, 21.556278228759766, 25.052690505981445, 25.595340728759766, 21.929101943969727, 20.3828125, 23.30762481689453, 24.66376304626465, 22.83860969543457, 21.22159194946289, 23.548429489135742, 20.939075469970703, 18.807987213134766, 21.60526466369629, 25.609054565429688, 21.199111938476562, 21.09208106994629, 19.673234939575195, 19.718761444091797, 22.362585067749023, 20.988080978393555, 21.48806381225586, 29.10123062133789, 22.88724708557129, 20.899141311645508, 19.813945770263672, 22.28183364868164, 22.195621490478516, 25.81673812866211, 23.583763122558594, 25.237895965576172, 20.24573516845703, 24.77313232421875, 25.415790557861328, 20.819427490234375, 18.187210083007812, 25.446025848388672, 21.970956802368164, 20.180356979370117, 22.948631286621094, 23.06890296936035, 18.249324798583984, 19.281909942626953, 24.24148941040039, 21.914846420288086, 20.522449493408203, 24.86646270751953, 26.433448791503906, 21.33502197265625, 18.946453094482422, 21.645889282226562, 30.5042667388916, 22.383296966552734, 21.043087005615234, 22.901893615722656, 21.56846809387207, 25.053483963012695, 21.16730499267578, 23.84922981262207, 18.64113998413086, 22.81818199157715, 22.257671356201172, 19.96650505065918, 23.8094482421875, 20.142555236816406, 26.092185974121094, 20.87308120727539, 23.378662109375, 19.485071182250977, 24.86306381225586, 18.516347885131836, 26.207658767700195, 20.141027450561523, 25.3239803314209, 25.048545837402344, 20.120708465576172, 22.050764083862305, 22.97433853149414, 21.271543502807617, 21.82244873046875, 24.67546272277832, 20.69767189025879, 22.382740020751953, 23.495532989501953, 21.86030387878418, 27.564502716064453],