{"checkpoint": "outputs/r6_loop_l2x5_delta_d240_s95/model_0030000.pth", "num_scenes": 256, "psnr": 22.33769189566374, "lpips": 0.2863115297514014, "psnr_std_err": 0.1484714874805229, "per_scene_psnr": [19.0205078125, 20.95263671875, 20.558900833129883, 19.080097198486328, 24.511404037475586, 23.64314079284668, 23.424184799194336, 24.698570251464844, 20.335811614990234, 21.215574264526367, 24.768888473510742, 20.846141815185547, 22.632461547851562, 20.956623077392578, 21.91349220275879, 22.311983108520508, 20.238731384277344, 23.719161987304688, 23.58030128479004, 21.610626220703125, 20.32966423034668, 22.640228271484375, 23.16706085205078, 24.284746170043945, 25.00940704345703, 23.119747161865234, 22.543439865112305, 17.960914611816406, 25.298542022705078, 23.692951202392578, 25.462472915649414, 21.88600730895996, 20.974931716918945, 21.857131958007812, 23.532487869262695, 18.264415740966797, 20.332778930664062, 22.16071891784668, 24.604272842407227, 20.15362548828125, 23.174936294555664, 18.582168579101562, 21.211769104003906, 22.123825073242188, 20.91364860534668, 20.72100830078125, 21.770706176757812, 21.27164077758789, 20.812786102294922, 21.004112243652344, 23.51872444152832, 23.524776458740234, 22.90584373474121, 20.771329879760742, 21.669130325317383, 23.995155334472656, 19.900772094726562, 25.3378963470459, 22.921859741210938, 26.052921295166016, 22.421846389770508, 24.497859954833984, 23.100156784057617, 23.424684524536133, 21.417217254638672, 22.0130558013916, 21.332080841064453, 21.03306770324707, 21.584747314453125, 20.660249710083008, 23.653671264648438, 21.980384826660156, 24.191184997558594, 23.18638038635254, 21.021072387695312, 20.005184173583984, 20.292644500732422, 23.785213470458984, 23.521400451660156, 22.156169891357422, 18.238632202148438, 21.787551879882812, 25.352466583251953, 22.479028701782227, 22.749614715576172, 22.346885681152344, 23.066200256347656, 25.58774757385254, 26.816608428955078, 19.864933013916016, 21.086429595947266, 18.762969970703125, 21.26211929321289, 23.035696029663086, 25.518035888671875, 21.437728881835938, 17.257381439208984, 14.525789260864258, 27.77147674560547, 20.277254104614258, 18.35654067993164, 19.93646812438965, 22.428730010986328, 23.679061889648438, 24.420793533325195, 21.0677433013916, 16.808549880981445, 24.051895141601562, 22.583843231201172, 21.114788055419922, 24.676036834716797, 22.21749496459961, 23.512619018554688, 21.244796752929688, 22.30829620361328, 17.720611572265625, 30.14914321899414, 22.95526695251465, 27.751462936401367, 24.774913787841797, 22.936981201171875, 21.131683349609375, 21.675233840942383, 20.543973922729492, 20.78058624267578, 18.70212745666504, 24.627670288085938, 23.12200164794922, 24.567413330078125, 20.322635650634766, 22.760452270507812, 22.694082260131836, 20.603961944580078, 21.98024559020996, 20.332992553710938, 20.096757888793945, 21.908761978149414, 26.91461944580078, 22.61005401611328, 20.653608322143555, 21.944461822509766, 17.52698516845703, 20.092960357666016, 26.211135864257812, 23.09523582458496, 24.69176483154297, 22.55539894104004, 16.196693420410156, 25.602462768554688, 23.413272857666016, 23.279483795166016, 21.42991828918457, 28.090862274169922, 17.976062774658203, 22.070995330810547, 21.6822509765625, 22.665733337402344, 23.878955841064453, 20.511627197265625, 21.498737335205078, 20.97563934326172, 21.08314323425293, 23.756046295166016, 21.609786987304688, 19.192703247070312, 23.849292755126953, 21.312177658081055, 24.312023162841797, 21.815235137939453, 24.891456604003906, 24.79515838623047, 21.72702980041504, 25.58978843688965, 25.501758575439453, 22.091598510742188, 20.531442642211914, 23.470623016357422, 24.986309051513672, 22.598186492919922, 21.24243927001953, 23.634674072265625, 21.051137924194336, 18.845727920532227, 21.830257415771484, 25.70260238647461, 21.289154052734375, 21.444761276245117, 19.72877311706543, 19.938419342041016, 22.491985321044922, 21.1763916015625, 21.339967727661133, 29.166549682617188, 23.144540786743164, 21.0384521484375, 20.48656463623047, 22.413509368896484, 22.276742935180664, 26.142986297607422, 23.9075870513916, 25.40038299560547, 20.202022552490234, 24.939319610595703, 25.371936798095703, 20.916419982910156, 18.128206253051758, 25.688888549804688, 22.050418853759766, 20.168840408325195, 23.135377883911133, 23.179920196533203, 18.197622299194336, 19.29681396484375, 24.513423919677734, 22.162261962890625, 20.65904998779297, 25.0970458984375, 26.615381240844727, 21.651132583618164, 19.02568817138672, 21.375267028808594, 30.72330665588379, 22.23690414428711, 21.276769638061523, 22.849313735961914, 21.635522842407227, 24.939132690429688, 21.108247756958008, 24.152294158935547, 18.991153717041016, 22.888505935668945, 22.33442497253418, 20.13787841796875, 23.962602615356445, 20.387447357177734, 26.194549560546875, 21.180404663085938, 23.51864242553711, 19.82729721069336, 25.171630859375, 18.64325714111328, 26.39694595336914, 20.545940399169922, 25.24358558654785, 25.121360778808594, 20.138036727905273, 21.90152931213379, 23.046649932861328, 21.350889205932617, 22.034313201904297, 24.872865676879883, 20.66983985900879, 22.434036254882812, 23.684633255004883, 21.78148078918457, 27.78717041015625],