{"checkpoint": "outputs/r22_d512_gf_lr16_s97/model_0030000.pth", "num_scenes": 256, "psnr": 24.08682508394122, "lpips": 0.2134558237157762, "psnr_std_err": 0.16459880111951386, "per_scene_psnr": [20.85700035095215, 23.257606506347656, 23.115524291992188, 20.3945369720459, 26.672958374023438, 25.120105743408203, 25.58851432800293, 26.407150268554688, 21.42070770263672, 23.03209686279297, 27.301340103149414, 22.23861312866211, 24.091571807861328, 22.830045700073242, 23.006576538085938, 23.88199806213379, 21.467880249023438, 26.22968864440918, 25.282073974609375, 22.24576759338379, 22.33772087097168, 25.297306060791016, 24.77022361755371, 26.644060134887695, 27.715805053710938, 25.580249786376953, 24.19807243347168, 19.239805221557617, 26.540027618408203, 25.231294631958008, 27.60898780822754, 22.923479080200195, 22.207353591918945, 22.784242630004883, 25.435882568359375, 18.8491268157959, 21.779621124267578, 23.937881469726562, 26.581863403320312, 21.648174285888672, 25.02199363708496, 19.910537719726562, 23.37502670288086, 23.688838958740234, 22.933765411376953, 21.596363067626953, 23.141510009765625, 23.197290420532227, 22.56443977355957, 22.140350341796875, 26.363788604736328, 25.346080780029297, 26.10309410095215, 23.072481155395508, 24.830677032470703, 25.07204818725586, 21.192779541015625, 26.666641235351562, 25.54477310180664, 27.66944122314453, 23.487037658691406, 26.53719139099121, 24.86931037902832, 26.340667724609375, 22.643901824951172, 23.648595809936523, 23.77687644958496, 22.680442810058594, 23.393156051635742, 22.922183990478516, 25.443098068237305, 23.316757202148438, 25.389413833618164, 25.211179733276367, 22.196645736694336, 21.18780517578125, 21.4633846282959, 24.915035247802734, 25.209720611572266, 23.263446807861328, 19.538400650024414, 23.875423431396484, 27.34369659423828, 24.832515716552734, 25.352252960205078, 23.8588924407959, 25.94750213623047, 27.350025177001953, 28.06605339050293, 21.09307289123535, 22.689311981201172, 19.33442497253418, 22.199735641479492, 24.911081314086914, 27.63505744934082, 23.911510467529297, 18.550216674804688, 14.813227653503418, 30.05922508239746, 22.562015533447266, 19.897783279418945, 21.79962158203125, 23.54751968383789, 26.102252960205078, 25.99518585205078, 22.58984375, 17.449495315551758, 26.081607818603516, 24.954833984375, 22.921449661254883, 26.7490177154541, 24.527523040771484, 25.171850204467773, 23.329063415527344, 24.04271125793457, 18.976144790649414, 32.86785888671875, 24.75408363342285, 29.52092742919922, 27.40633773803711, 24.75376319885254, 21.67618179321289, 23.901439666748047, 21.94968032836914, 22.161849975585938, 19.87470054626465, 25.451889038085938, 24.321430206298828, 26.067533493041992, 21.959320068359375, 24.78057861328125, 24.687454223632812, 24.3363037109375, 23.817874908447266, 22.063343048095703, 20.83056640625, 23.312646865844727, 30.053529739379883, 24.75835609436035, 22.619705200195312, 22.554826736450195, 18.397380828857422, 21.408708572387695, 27.703859329223633, 23.859771728515625, 26.303955078125, 23.543846130371094, 19.603511810302734, 26.917543411254883, 24.965633392333984, 25.2944278717041, 22.654592514038086, 30.661624908447266, 19.383358001708984, 23.444059371948242, 22.662639617919922, 25.085660934448242, 25.704437255859375, 21.786495208740234, 23.343021392822266, 23.298370361328125, 22.614215850830078, 26.346452713012695, 22.882080078125, 20.247726440429688, 25.752307891845703, 22.03547477722168, 26.513559341430664, 24.913646697998047, 27.05129623413086, 26.22662353515625, 22.3837947845459, 26.555583953857422, 26.62331771850586, 23.935009002685547, 21.817089080810547, 25.653156280517578, 25.909469604492188, 24.058549880981445, 23.27490234375, 25.600997924804688, 22.478736877441406, 20.531417846679688, 24.207752227783203, 26.76018524169922, 21.83006477355957, 23.01750373840332, 21.04661750793457, 20.76858901977539, 24.45905303955078, 22.035171508789062, 22.645090103149414, 32.01066207885742, 25.493759155273438, 22.529008865356445, 22.983062744140625, 24.834482192993164, 23.89849853515625, 28.723432540893555, 26.2032413482666, 28.328649520874023, 22.422075271606445, 26.627920150756836, 27.338031768798828, 22.057781219482422, 19.639312744140625, 27.364627838134766, 23.51508140563965, 21.974790573120117, 25.217802047729492, 25.67373275756836, 19.490659713745117, 21.90326690673828, 26.79657745361328, 24.234798431396484, 23.215749740600586, 27.036720275878906, 27.864681243896484, 23.46095848083496, 20.853052139282227, 24.231969833374023, 32.52529525756836, 23.958545684814453, 22.782302856445312, 26.046419143676758, 23.172832489013672, 27.74191665649414, 22.167465209960938, 27.77715492248535, 20.5568790435791, 24.041393280029297, 23.20665740966797, 21.04170036315918, 24.52813148498535, 21.579858779907227, 27.91769027709961, 23.24783706665039, 25.964815139770508, 21.219980239868164, 27.010128021240234, 20.640644073486328, 29.433631896972656, 22.25232696533203, 27.214866638183594, 27.750152587890625, 21.79090690612793, 23.503311157226562, 24.982818603515625, 23.310516357421875, 23.675811767578125, 25.353321075439453, 22.758522033691406, 24.0244083404541, 25.412567138671875, 23.269424438476562, 30.6218318939209],