{"checkpoint": "outputs/r18_ensread_s95/model_0030000.pth", "num_scenes": 256, "psnr": 22.287191554903984, "lpips": 0.2863574970397167, "psnr_std_err": 0.14847015754535106, "per_scene_psnr": [18.814638137817383, 20.880844116210938, 20.725061416625977, 19.101856231689453, 25.02887725830078, 23.356979370117188, 23.221738815307617, 24.517284393310547, 20.411624908447266, 21.29738998413086, 24.659072875976562, 21.007911682128906, 22.564373016357422, 21.084707260131836, 21.95594596862793, 22.16716957092285, 20.312986373901367, 23.63611602783203, 23.6068115234375, 21.227113723754883, 20.505704879760742, 22.557979583740234, 23.065113067626953, 24.488636016845703, 25.01312255859375, 22.882902145385742, 22.373172760009766, 18.1186466217041, 25.2727108001709, 23.65830421447754, 25.237436294555664, 21.669370651245117, 20.808361053466797, 21.63821792602539, 23.426362991333008, 18.23955726623535, 20.38557243347168, 22.021671295166016, 24.742319107055664, 20.08476448059082, 23.12912368774414, 18.650394439697266, 21.08443832397461, 21.899200439453125, 20.951309204101562, 20.621700286865234, 21.703012466430664, 21.17414665222168, 20.701061248779297, 20.946752548217773, 23.514623641967773, 23.499359130859375, 23.173044204711914, 20.717609405517578, 21.825029373168945, 23.668310165405273, 19.73103904724121, 25.233362197875977, 23.0540828704834, 25.94266128540039, 22.38445281982422, 24.50261116027832, 23.004262924194336, 23.348791122436523, 21.20084571838379, 21.899892807006836, 21.44430160522461, 21.081811904907227, 21.384445190429688, 20.54857635498047, 24.040119171142578, 21.84077262878418, 23.794815063476562, 23.122554779052734, 20.983863830566406, 19.796527862548828, 20.125017166137695, 23.49454689025879, 23.522750854492188, 22.0601863861084, 18.201845169067383, 21.923215866088867, 25.34493637084961, 22.416561126708984, 22.91588592529297, 22.345190048217773, 22.901020050048828, 25.568143844604492, 26.614952087402344, 19.746553421020508, 21.067474365234375, 18.509254455566406, 21.581554412841797, 22.938114166259766, 25.740589141845703, 21.369998931884766, 16.999927520751953, 14.626893997192383, 27.752485275268555, 20.02605628967285, 18.252758026123047, 20.057296752929688, 22.423229217529297, 23.67000961303711, 24.228504180908203, 20.918352127075195, 17.14723014831543, 24.17825698852539, 22.152482986450195, 20.620859146118164, 24.667842864990234, 22.341259002685547, 23.323081970214844, 21.227567672729492, 22.213346481323242, 17.635818481445312, 30.198204040527344, 22.984207153320312, 27.491336822509766, 24.541568756103516, 23.253711700439453, 21.320945739746094, 21.95629119873047, 20.464258193969727, 20.945785522460938, 18.6259708404541, 24.295692443847656, 23.2379150390625, 24.436649322509766, 20.2774658203125, 22.829471588134766, 22.744361877441406, 20.677513122558594, 21.82986068725586, 20.2852725982666, 20.150035858154297, 21.691770553588867, 27.0133113861084, 22.560497283935547, 20.6015682220459, 21.84562873840332, 17.589496612548828, 19.58646583557129, 26.244808197021484, 22.801776885986328, 24.773569107055664, 22.429487228393555, 16.309310913085938, 25.290103912353516, 23.339767456054688, 23.26615333557129, 21.32512664794922, 28.041656494140625, 18.10858726501465, 21.744159698486328, 21.501575469970703, 22.84970474243164, 23.736465454101562, 20.708148956298828, 21.431461334228516, 20.962764739990234, 21.19724464416504, 23.74996566772461, 21.43413543701172, 19.30976676940918, 23.818035125732422, 21.245527267456055, 24.086204528808594, 21.854875564575195, 25.080833435058594, 24.706762313842773, 21.689735412597656, 24.89455795288086, 25.777204513549805, 22.079687118530273, 20.00210189819336, 23.41763687133789, 24.702613830566406, 22.849414825439453, 21.206180572509766, 23.603015899658203, 20.839941024780273, 18.718360900878906, 21.570343017578125, 25.777935028076172, 21.272308349609375, 21.25699806213379, 19.702720642089844, 19.6184139251709, 22.379295349121094, 20.971172332763672, 21.462175369262695, 29.403112411499023, 23.073055267333984, 21.08515739440918, 20.216716766357422, 22.451290130615234, 22.403099060058594, 25.95574378967285, 23.844907760620117, 25.659137725830078, 20.288150787353516, 25.020702362060547, 25.642963409423828, 20.893001556396484, 18.08456039428711, 25.54194450378418, 22.183574676513672, 20.174972534179688, 22.767255783081055, 23.172101974487305, 18.082979202270508, 19.020252227783203, 24.283733367919922, 21.97819709777832, 20.63091278076172, 25.01344871520996, 26.62005615234375, 21.409700393676758, 19.121482849121094, 21.628341674804688, 30.356657028198242, 22.163177490234375, 21.150911331176758, 22.947614669799805, 21.63024139404297, 25.092205047607422, 21.11605453491211, 24.21485710144043, 18.63863754272461, 22.768938064575195, 22.3543758392334, 20.14751625061035, 23.970565795898438, 20.21546173095703, 26.128631591796875, 21.08171272277832, 23.5911865234375, 19.480382919311523, 24.991378784179688, 18.659378051757812, 26.01543617248535, 20.237178802490234, 25.16807746887207, 25.13517189025879, 20.06393051147461, 22.073711395263672, 23.07185935974121, 21.33124351501465, 21.87352752685547, 24.869434356689453, 20.76219940185547, 22.571754455566406, 23.363632202148438, 22.01526641845703, 27.824745178222656],