{"checkpoint": "outputs/r16_loop_ep2gs_kd6_s97/model_0030000.pth", "num_scenes": 256, "psnr": 22.503760155290365, "lpips": 0.28086015302687883, "psnr_std_err": 0.14945275669061694, "per_scene_psnr": [19.162200927734375, 21.14236831665039, 20.838754653930664, 19.082189559936523, 24.42159652709961, 23.422592163085938, 23.268329620361328, 24.81283187866211, 20.485021591186523, 21.487157821655273, 24.97286033630371, 21.172222137451172, 22.827102661132812, 21.3216609954834, 22.09491729736328, 22.35303497314453, 20.561010360717773, 23.851543426513672, 23.79241180419922, 21.54264259338379, 20.48168182373047, 23.03614044189453, 23.183385848999023, 24.293399810791016, 25.311542510986328, 23.018875122070312, 22.542530059814453, 18.338821411132812, 25.599288940429688, 23.900226593017578, 25.557558059692383, 22.03788948059082, 21.01466941833496, 21.859535217285156, 23.421154022216797, 18.4561767578125, 20.408275604248047, 22.538785934448242, 25.068471908569336, 19.970138549804688, 23.448646545410156, 18.67728614807129, 21.1801815032959, 22.17678451538086, 21.175527572631836, 20.645057678222656, 22.07703399658203, 21.4840087890625, 21.133502960205078, 21.24372100830078, 23.86632537841797, 23.94191551208496, 23.39044761657715, 21.098846435546875, 21.986297607421875, 23.894535064697266, 20.097501754760742, 25.584733963012695, 23.350513458251953, 25.886201858520508, 22.489017486572266, 24.352109909057617, 22.94205665588379, 23.71823501586914, 21.521093368530273, 22.256057739257812, 21.71086883544922, 21.215173721313477, 21.72602653503418, 20.870676040649414, 24.08217430114746, 22.240468978881836, 24.358491897583008, 23.407207489013672, 21.194074630737305, 20.16937255859375, 20.506622314453125, 24.093751907348633, 23.71009063720703, 22.460643768310547, 18.42250633239746, 21.640892028808594, 25.342575073242188, 22.783498764038086, 23.29128646850586, 22.486709594726562, 23.305503845214844, 25.794164657592773, 26.986862182617188, 19.886049270629883, 21.57316017150879, 18.75604248046875, 21.8159122467041, 23.143390655517578, 25.867141723632812, 21.5682430267334, 17.38817024230957, 14.596014976501465, 28.07184600830078, 20.438446044921875, 18.54956817626953, 20.116844177246094, 22.368289947509766, 24.042984008789062, 24.790584564208984, 21.12148666381836, 17.02832794189453, 24.339157104492188, 22.557878494262695, 21.249887466430664, 24.688724517822266, 22.515785217285156, 23.714902877807617, 21.407739639282227, 22.52698516845703, 17.97664451599121, 30.206775665283203, 23.17570686340332, 27.77155113220215, 24.727161407470703, 23.375728607177734, 21.10488510131836, 21.958559036254883, 20.80268669128418, 20.974733352661133, 18.706809997558594, 24.77219581604004, 23.565704345703125, 24.750804901123047, 20.567724227905273, 23.017074584960938, 23.10293960571289, 20.21110725402832, 22.349145889282227, 20.606555938720703, 20.229328155517578, 21.949886322021484, 27.19924545288086, 22.94377326965332, 20.80531883239746, 21.9151611328125, 17.716487884521484, 19.77366828918457, 26.503517150878906, 23.018409729003906, 24.573997497558594, 22.659725189208984, 16.105806350708008, 25.61720085144043, 23.56624984741211, 23.32320213317871, 21.584430694580078, 27.97848129272461, 17.97795295715332, 22.1335506439209, 21.8939208984375, 23.029109954833984, 24.00717544555664, 20.51945686340332, 21.799135208129883, 21.283496856689453, 21.32879066467285, 24.160978317260742, 21.680419921875, 19.48741340637207, 23.865001678466797, 21.56743049621582, 24.655574798583984, 22.152645111083984, 25.209938049316406, 24.891685485839844, 21.92986488342285, 25.101818084716797, 25.876083374023438, 22.175899505615234, 20.31842041015625, 23.709232330322266, 25.03280258178711, 23.225839614868164, 21.558853149414062, 23.97386932373047, 21.192798614501953, 19.041234970092773, 22.099754333496094, 25.944896697998047, 21.291351318359375, 21.403858184814453, 19.985816955566406, 20.028505325317383, 22.816184997558594, 21.085166931152344, 21.552814483642578, 29.702232360839844, 23.199974060058594, 21.290374755859375, 20.44435691833496, 22.558347702026367, 22.625389099121094, 26.458139419555664, 24.059741973876953, 25.92791748046875, 20.479900360107422, 25.173702239990234, 25.761699676513672, 20.942806243896484, 18.29013442993164, 25.760831832885742, 22.338790893554688, 20.161388397216797, 23.244455337524414, 23.452606201171875, 18.289470672607422, 19.13078498840332, 24.46436882019043, 22.38412094116211, 21.006975173950195, 24.914321899414062, 26.661487579345703, 21.688304901123047, 19.236007690429688, 21.904254913330078, 30.757524490356445, 22.585134506225586, 21.436981201171875, 23.047077178955078, 21.76896095275879, 25.175493240356445, 21.306751251220703, 24.62204933166504, 19.027687072753906, 23.073184967041016, 22.527912139892578, 20.2684326171875, 24.091590881347656, 20.558143615722656, 26.375267028808594, 21.412887573242188, 23.832202911376953, 19.844970703125, 25.198436737060547, 18.69522476196289, 26.519149780273438, 20.5730037689209, 25.410377502441406, 25.394763946533203, 20.154224395751953, 22.197406768798828, 23.15377426147461, 21.643474578857422, 22.158815383911133, 24.84248161315918, 20.917871475219727, 22.2504825592041, 23.922439575195312, 22.180883407592773, 28.115680694580078],