{"checkpoint": "outputs/r13_loop_l2x4_attngate_s95/model_0030000.pth", "num_scenes": 256, "psnr": 22.17910010367632, "lpips": 0.2892552926787175, "psnr_std_err": 0.14779223110608894, "per_scene_psnr": [18.700021743774414, 20.603958129882812, 20.343284606933594, 19.037094116210938, 24.174911499023438, 23.159019470214844, 23.124988555908203, 24.540273666381836, 20.16401481628418, 21.083765029907227, 24.63719367980957, 20.770444869995117, 22.560041427612305, 20.906734466552734, 21.780988693237305, 22.13642120361328, 20.220775604248047, 23.601154327392578, 23.380294799804688, 21.38556480407715, 20.285675048828125, 22.628841400146484, 22.872760772705078, 24.01203155517578, 24.974559783935547, 22.837230682373047, 22.315404891967773, 18.05228042602539, 25.16529083251953, 23.461095809936523, 25.26572036743164, 21.782663345336914, 20.909801483154297, 21.835691452026367, 23.225357055664062, 17.924129486083984, 20.205886840820312, 22.055681228637695, 24.591285705566406, 19.713911056518555, 23.169038772583008, 18.296945571899414, 21.064603805541992, 21.85466766357422, 21.01123046875, 20.832979202270508, 21.917980194091797, 21.099681854248047, 20.608060836791992, 20.801584243774414, 23.483192443847656, 23.49675178527832, 22.87346839904785, 20.560260772705078, 21.5671329498291, 23.569786071777344, 19.819944381713867, 25.23571014404297, 22.986129760742188, 25.500717163085938, 22.196332931518555, 23.99633026123047, 22.82271385192871, 23.358409881591797, 21.184978485107422, 21.95395278930664, 21.303085327148438, 20.963703155517578, 21.36235809326172, 20.45624542236328, 23.702085494995117, 21.970993041992188, 23.847301483154297, 22.942031860351562, 20.844572067260742, 19.818340301513672, 20.145835876464844, 23.58595085144043, 23.439491271972656, 22.21991729736328, 18.056129455566406, 21.380359649658203, 25.17105484008789, 22.342117309570312, 22.93415069580078, 22.27355194091797, 22.924236297607422, 25.35927963256836, 26.64842414855957, 19.604997634887695, 21.181873321533203, 18.495309829711914, 21.727882385253906, 22.80931854248047, 25.055522918701172, 20.978166580200195, 17.016843795776367, 14.400882720947266, 27.615642547607422, 20.056110382080078, 18.188804626464844, 19.609783172607422, 22.487178802490234, 23.592798233032227, 24.184410095214844, 20.903732299804688, 17.029327392578125, 23.9427490234375, 22.119049072265625, 20.850112915039062, 24.436500549316406, 22.07074737548828, 23.254392623901367, 20.978485107421875, 22.16925048828125, 17.648717880249023, 30.01318359375, 22.74118423461914, 27.608699798583984, 24.1939640045166, 22.796737670898438, 20.893800735473633, 21.423099517822266, 20.56078338623047, 20.82758140563965, 18.37286376953125, 24.515243530273438, 23.287134170532227, 24.51315689086914, 20.15315818786621, 22.853782653808594, 22.61927604675293, 20.188465118408203, 21.87993049621582, 20.227510452270508, 19.896175384521484, 21.65325164794922, 26.607091903686523, 22.401487350463867, 20.600074768066406, 21.875646591186523, 17.424009323120117, 19.60940170288086, 26.167949676513672, 22.842788696289062, 24.38864517211914, 22.309892654418945, 16.132598876953125, 25.27556610107422, 23.23216438293457, 23.158504486083984, 21.161697387695312, 27.86260414123535, 17.954755783081055, 21.740745544433594, 21.517536163330078, 22.700172424316406, 23.69615936279297, 20.561246871948242, 21.358034133911133, 20.819839477539062, 21.017000198364258, 23.65403175354004, 21.4411563873291, 19.201425552368164, 23.534738540649414, 21.18242645263672, 24.01687240600586, 21.733779907226562, 24.817277908325195, 24.644378662109375, 21.657882690429688, 25.09244728088379, 25.631359100341797, 21.796560287475586, 19.93172836303711, 23.345348358154297, 24.76003646850586, 22.877788543701172, 21.25882339477539, 23.607576370239258, 20.71426010131836, 18.72477912902832, 21.646778106689453, 25.660802841186523, 21.330413818359375, 21.13804054260254, 19.581029891967773, 19.72736167907715, 22.379114151000977, 20.950420379638672, 21.419477462768555, 29.395793914794922, 22.82778549194336, 20.865657806396484, 19.892362594604492, 22.215198516845703, 22.270313262939453, 25.938457489013672, 23.602445602416992, 25.224491119384766, 20.29401397705078, 24.777984619140625, 25.48021697998047, 20.706605911254883, 18.033491134643555, 25.354942321777344, 22.00259780883789, 20.078243255615234, 22.68675994873047, 23.013954162597656, 18.063026428222656, 18.88637924194336, 24.221454620361328, 21.991540908813477, 20.6182861328125, 24.72823715209961, 26.338064193725586, 21.474384307861328, 18.898406982421875, 21.457595825195312, 30.186870574951172, 22.287290573120117, 20.995620727539062, 22.7409725189209, 21.47180938720703, 24.732746124267578, 21.03380584716797, 24.17782974243164, 18.704639434814453, 22.827449798583984, 22.22967529296875, 20.032611846923828, 23.86248016357422, 20.1544189453125, 26.13022804260254, 21.073707580566406, 23.461376190185547, 19.359085083007812, 24.716445922851562, 18.591638565063477, 26.318313598632812, 20.2428035736084, 25.150714874267578, 25.0704402923584, 20.155122756958008, 21.854705810546875, 22.736671447753906, 21.312524795532227, 21.832857131958008, 24.807035446166992, 20.400943756103516, 22.038894653320312, 23.555767059326172, 21.769437789916992, 27.612651824951172],