{"checkpoint": "outputs/r19_gfson_lr32_s95/model_0030000.pth", "num_scenes": 256, "psnr": 22.876864429563284, "lpips": 0.2666419500601478, "psnr_std_err": 0.15113821405056396, "per_scene_psnr": [19.326873779296875, 21.785423278808594, 21.030029296875, 19.629127502441406, 25.806476593017578, 23.921321868896484, 24.01333999633789, 24.957773208618164, 20.7650089263916, 22.094087600708008, 25.542993545532227, 21.378768920898438, 23.12687110900879, 21.696041107177734, 22.19780731201172, 22.680755615234375, 20.460588455200195, 24.758159637451172, 24.01082992553711, 21.440698623657227, 21.172149658203125, 23.091033935546875, 23.945552825927734, 24.77950668334961, 25.316123962402344, 24.253231048583984, 22.99620819091797, 18.83772850036621, 25.623126983642578, 24.11939239501953, 25.98781967163086, 22.302465438842773, 21.356918334960938, 22.28807258605957, 24.298789978027344, 18.406574249267578, 20.84771728515625, 22.44001007080078, 25.236949920654297, 20.90142059326172, 23.76333236694336, 19.35202407836914, 22.062349319458008, 22.38227653503418, 22.08917999267578, 20.7872371673584, 22.161977767944336, 21.825050354003906, 21.377639770507812, 21.26739501953125, 24.878341674804688, 24.10942268371582, 23.747825622558594, 21.744651794433594, 22.276742935180664, 24.23834800720215, 20.059099197387695, 25.79473876953125, 23.561546325683594, 26.30471420288086, 22.643592834472656, 25.380474090576172, 23.78447723388672, 23.835453033447266, 21.49097442626953, 22.587116241455078, 21.77198028564453, 21.510299682617188, 22.20467758178711, 21.450897216796875, 24.455183029174805, 22.332992553710938, 24.306880950927734, 23.40186882019043, 21.4332275390625, 20.106889724731445, 20.796249389648438, 24.598054885864258, 24.167692184448242, 22.221277236938477, 18.66452407836914, 22.36524772644043, 25.92379379272461, 22.941898345947266, 23.64952278137207, 22.935590744018555, 23.46050453186035, 26.194759368896484, 27.100278854370117, 20.065412521362305, 21.841270446777344, 18.809242248535156, 22.033721923828125, 23.459365844726562, 26.01382827758789, 22.558895111083984, 17.891677856445312, 14.921387672424316, 28.702489852905273, 21.098155975341797, 18.701004028320312, 20.5748348236084, 22.97607421875, 24.518957138061523, 24.977014541625977, 21.40509033203125, 17.193769454956055, 24.707744598388672, 22.832332611083984, 21.39783477783203, 25.36013412475586, 23.29407501220703, 24.044788360595703, 21.838359832763672, 22.840778350830078, 17.740917205810547, 30.866130828857422, 23.458293914794922, 28.358963012695312, 25.104339599609375, 24.11979866027832, 21.100587844848633, 22.712146759033203, 21.218841552734375, 21.533910751342773, 19.136943817138672, 24.939632415771484, 23.96837043762207, 24.942760467529297, 20.73055648803711, 23.546558380126953, 23.344532012939453, 21.501728057861328, 22.937114715576172, 20.856914520263672, 20.34714698791504, 22.218482971191406, 27.632749557495117, 23.353981018066406, 21.260421752929688, 22.271020889282227, 17.785306930541992, 20.126007080078125, 26.76138687133789, 23.121021270751953, 25.34384536743164, 22.802745819091797, 17.222103118896484, 25.848487854003906, 24.15854263305664, 23.90081787109375, 21.72844123840332, 28.634830474853516, 18.570541381835938, 22.30585479736328, 21.753538131713867, 23.79290771484375, 24.572038650512695, 21.464750289916992, 21.735580444335938, 21.954687118530273, 21.476879119873047, 24.265064239501953, 21.986873626708984, 19.55403709411621, 24.528865814208984, 21.42622184753418, 24.95855712890625, 22.70431900024414, 25.59075164794922, 25.107303619384766, 21.991992950439453, 25.735965728759766, 26.03369903564453, 22.556900024414062, 21.091846466064453, 24.19944953918457, 24.99129867553711, 23.23267364501953, 21.97942543029785, 24.078264236450195, 21.57819366455078, 19.390180587768555, 22.558624267578125, 26.14238739013672, 21.444499969482422, 21.828706741333008, 20.119159698486328, 20.181100845336914, 23.01702308654785, 21.21173858642578, 21.943931579589844, 29.953449249267578, 23.772085189819336, 21.446949005126953, 21.2723331451416, 23.393938064575195, 22.96043586730957, 26.642417907714844, 24.707029342651367, 26.131322860717773, 20.924346923828125, 25.645723342895508, 26.067352294921875, 21.3394832611084, 18.7003173828125, 25.945531845092773, 22.390914916992188, 20.795686721801758, 24.012287139892578, 23.884231567382812, 18.756078720092773, 19.887271881103516, 25.30780792236328, 22.519718170166016, 21.315126419067383, 25.60698699951172, 27.10021209716797, 22.384666442871094, 19.50218391418457, 22.65108871459961, 30.98028564453125, 23.18610191345215, 21.65314483642578, 23.882598876953125, 22.068395614624023, 26.12611961364746, 21.533077239990234, 25.18593978881836, 19.418888092041016, 23.1966552734375, 22.63567352294922, 20.441024780273438, 24.239063262939453, 20.41522216796875, 26.531457901000977, 21.485204696655273, 23.869407653808594, 19.849489212036133, 25.373994827270508, 19.1512508392334, 27.145496368408203, 21.109867095947266, 26.256301879882812, 26.1716251373291, 20.695707321166992, 22.413034439086914, 23.899839401245117, 21.940677642822266, 22.631549835205078, 24.828125, 21.48343849182129, 23.175155639648438, 23.916091918945312, 22.3619384765625, 28.133975982666016],