{"checkpoint": "outputs/r13_loop_l2x4_rotbag_s95/model_0030000.pth", "num_scenes": 256, "psnr": 21.980824150145054, "lpips": 0.2932218677015044, "psnr_std_err": 0.14584131465506162, "per_scene_psnr": [18.371946334838867, 20.52772331237793, 20.027568817138672, 18.830480575561523, 23.738563537597656, 22.930953979492188, 22.756378173828125, 24.23151397705078, 20.13540267944336, 20.8712158203125, 24.289745330810547, 20.642358779907227, 22.289913177490234, 20.738548278808594, 21.633665084838867, 21.919124603271484, 20.092859268188477, 23.25971221923828, 23.21857261657715, 21.236583709716797, 19.941497802734375, 22.23741340637207, 22.83647918701172, 23.762006759643555, 24.51126480102539, 22.635921478271484, 22.129423141479492, 17.969741821289062, 24.957576751708984, 23.258066177368164, 24.907960891723633, 21.470508575439453, 20.784847259521484, 21.82293701171875, 23.108308792114258, 17.881242752075195, 20.04981231689453, 21.71835708618164, 24.358333587646484, 19.668548583984375, 22.732276916503906, 18.092220306396484, 20.961885452270508, 21.48044204711914, 20.820100784301758, 20.576519012451172, 21.575410842895508, 21.049026489257812, 20.4029541015625, 20.74874496459961, 23.230606079101562, 23.23351287841797, 22.547882080078125, 20.446247100830078, 21.205368041992188, 23.409347534179688, 19.487539291381836, 25.107057571411133, 22.626461029052734, 25.323392868041992, 22.03221893310547, 23.376876831054688, 22.753360748291016, 22.77387809753418, 20.93578338623047, 21.579795837402344, 20.99654769897461, 20.715423583984375, 21.112289428710938, 20.46759796142578, 23.289411544799805, 21.707412719726562, 23.65896224975586, 22.681562423706055, 20.690330505371094, 19.52754020690918, 20.12307357788086, 23.54469108581543, 23.192752838134766, 21.934757232666016, 18.054458618164062, 21.153949737548828, 24.91692352294922, 21.953123092651367, 22.645790100097656, 22.147520065307617, 22.42161750793457, 25.314767837524414, 26.54081153869629, 19.52220344543457, 21.08057403564453, 18.50196075439453, 21.538732528686523, 22.535926818847656, 25.043981552124023, 20.77031898498535, 16.92727279663086, 14.256600379943848, 27.54194450378418, 19.762794494628906, 18.038963317871094, 19.63016700744629, 22.261571884155273, 23.1024169921875, 24.138946533203125, 20.608747482299805, 16.94084930419922, 23.728797912597656, 21.9029598236084, 20.590803146362305, 24.21177864074707, 21.805164337158203, 22.978893280029297, 20.763797760009766, 21.96100425720215, 17.37177276611328, 29.633798599243164, 22.525815963745117, 27.33156394958496, 23.776294708251953, 22.774185180664062, 21.110332489013672, 21.29727554321289, 20.532123565673828, 20.65776824951172, 18.291715621948242, 24.203683853149414, 23.113582611083984, 24.414474487304688, 20.005638122558594, 22.88632583618164, 22.381315231323242, 20.118194580078125, 21.654436111450195, 19.830535888671875, 19.883211135864258, 21.609647750854492, 26.34446907043457, 22.21851348876953, 20.203868865966797, 21.67891502380371, 17.254545211791992, 19.7879695892334, 25.98941421508789, 22.953107833862305, 24.425777435302734, 22.155847549438477, 15.766400337219238, 25.027145385742188, 23.095102310180664, 22.869152069091797, 21.180355072021484, 27.452789306640625, 17.964000701904297, 21.8819637298584, 21.36724090576172, 22.409263610839844, 23.465503692626953, 20.500276565551758, 21.067508697509766, 20.554439544677734, 20.938133239746094, 23.29291343688965, 21.132354736328125, 18.9997501373291, 23.316776275634766, 21.002742767333984, 23.79141616821289, 21.427505493164062, 24.592580795288086, 24.46274185180664, 21.43414306640625, 25.011402130126953, 25.39798927307129, 21.634700775146484, 20.079957962036133, 23.075342178344727, 24.615455627441406, 22.748136520385742, 20.91732406616211, 23.431011199951172, 20.46474838256836, 18.449369430541992, 21.19596290588379, 25.55293083190918, 21.074905395507812, 20.993675231933594, 19.440305709838867, 19.718236923217773, 22.052879333496094, 20.777318954467773, 21.24414825439453, 29.00762939453125, 22.679929733276367, 20.62603187561035, 20.002660751342773, 22.234119415283203, 22.14910316467285, 25.546958923339844, 23.429706573486328, 24.831600189208984, 20.19876480102539, 24.70775604248047, 25.253070831298828, 20.450122833251953, 17.865535736083984, 25.205537796020508, 21.850982666015625, 19.846080780029297, 22.763092041015625, 22.666597366333008, 17.916393280029297, 18.986387252807617, 23.979228973388672, 21.65325164794922, 20.105548858642578, 24.59343147277832, 26.087173461914062, 21.108287811279297, 18.686466217041016, 21.575603485107422, 30.127317428588867, 22.082904815673828, 20.72512435913086, 22.639371871948242, 21.46457862854004, 24.525997161865234, 20.9705753326416, 23.760894775390625, 18.547740936279297, 22.65291976928711, 22.063262939453125, 19.90443992614746, 23.68490219116211, 20.019882202148438, 25.81489372253418, 20.7534122467041, 23.056793212890625, 19.308277130126953, 24.799463272094727, 18.307645797729492, 25.895599365234375, 19.884445190429688, 24.990346908569336, 24.84988021850586, 20.12556266784668, 21.822336196899414, 22.51394271850586, 21.063127517700195, 21.611122131347656, 24.62453842163086, 20.415966033935547, 21.736867904663086, 23.2548885345459, 21.415000915527344, 27.18531036376953],