{"checkpoint": "outputs/r3_loop_l2x4_carry_rho2_s95/model_0030000.pth", "num_scenes": 256, "psnr": 21.78888140618801, "lpips": 0.30069812427973375, "psnr_std_err": 0.14623481322231568, "per_scene_psnr": [18.347856521606445, 20.383642196655273, 20.21921157836914, 18.455142974853516, 23.314416885375977, 22.589006423950195, 22.436798095703125, 24.144685745239258, 20.09718132019043, 20.616897583007812, 24.164321899414062, 20.48434066772461, 22.200773239135742, 20.49066925048828, 21.667844772338867, 21.81871795654297, 19.705326080322266, 23.2515926361084, 23.208648681640625, 21.083240509033203, 19.34982681274414, 22.206087112426758, 22.701814651489258, 23.660070419311523, 24.18869972229004, 22.21154022216797, 22.018739700317383, 17.67530632019043, 24.771739959716797, 23.15258026123047, 24.758806228637695, 21.143835067749023, 20.640838623046875, 21.466243743896484, 22.688011169433594, 18.059654235839844, 19.725387573242188, 21.620262145996094, 24.202674865722656, 19.17887306213379, 22.649423599243164, 18.005216598510742, 20.615962982177734, 21.686609268188477, 20.60358428955078, 20.145366668701172, 21.312103271484375, 20.86603355407715, 20.27330207824707, 20.490720748901367, 22.889707565307617, 22.940160751342773, 22.349302291870117, 20.385692596435547, 20.934829711914062, 23.478694915771484, 19.443885803222656, 24.848804473876953, 22.320693969726562, 25.246143341064453, 21.89304542541504, 22.96402931213379, 22.721548080444336, 22.66517448425293, 20.86528778076172, 21.574907302856445, 20.84345817565918, 20.774826049804688, 20.980430603027344, 19.882579803466797, 23.40518569946289, 21.609373092651367, 23.817129135131836, 22.54793357849121, 20.59873390197754, 19.493146896362305, 19.88025665283203, 23.158340454101562, 23.094751358032227, 21.870006561279297, 17.968589782714844, 20.599491119384766, 24.737215042114258, 21.861953735351562, 22.330533981323242, 21.64084243774414, 22.126285552978516, 24.8175048828125, 26.503463745117188, 19.39651107788086, 20.651025772094727, 18.30593490600586, 21.08881187438965, 22.484481811523438, 24.772716522216797, 20.336477279663086, 16.7633056640625, 14.151510238647461, 27.229604721069336, 19.58635711669922, 17.928955078125, 19.62122917175293, 22.143442153930664, 23.256851196289062, 24.074316024780273, 20.605281829833984, 16.840545654296875, 23.599822998046875, 21.699676513671875, 20.427282333374023, 24.367969512939453, 21.50955581665039, 22.96014976501465, 20.448244094848633, 21.848047256469727, 17.306278228759766, 29.327009201049805, 22.525924682617188, 27.074071884155273, 23.81650733947754, 22.121000289916992, 20.63326644897461, 21.195222854614258, 20.246885299682617, 20.487133026123047, 18.121177673339844, 24.267471313476562, 22.906570434570312, 24.09845542907715, 19.868337631225586, 22.491552352905273, 22.130910873413086, 19.081438064575195, 21.2543888092041, 19.722875595092773, 19.928274154663086, 21.270950317382812, 26.040573120117188, 22.12856674194336, 20.155345916748047, 21.54110336303711, 17.285785675048828, 19.77942657470703, 25.754501342773438, 22.499475479125977, 24.158348083496094, 22.190860748291016, 14.859460830688477, 24.949562072753906, 22.97870445251465, 22.770984649658203, 20.87571144104004, 27.13176918029785, 17.6570987701416, 21.49557113647461, 21.195573806762695, 22.198837280273438, 23.3585262298584, 20.246055603027344, 20.968631744384766, 20.316360473632812, 20.575654983520508, 23.17853546142578, 21.03243637084961, 18.874351501464844, 23.333341598510742, 20.8872127532959, 23.895980834960938, 21.281574249267578, 24.491044998168945, 24.10678482055664, 21.224281311035156, 25.084823608398438, 25.22565460205078, 21.742887496948242, 19.87392234802246, 22.737943649291992, 24.3779296875, 22.394779205322266, 20.730897903442383, 23.131771087646484, 20.167743682861328, 18.262706756591797, 21.04107666015625, 25.542476654052734, 20.886280059814453, 20.652759552001953, 19.325363159179688, 19.24959945678711, 21.96176528930664, 20.70962142944336, 21.08038330078125, 28.61566734313965, 22.51531982421875, 20.524688720703125, 19.91840362548828, 22.106395721435547, 21.92672348022461, 25.40400505065918, 23.414531707763672, 24.917369842529297, 19.733388900756836, 24.468746185302734, 25.07355499267578, 20.413711547851562, 17.77829933166504, 25.050731658935547, 21.708694458007812, 19.659034729003906, 22.47079849243164, 22.61914825439453, 17.59423065185547, 18.60666847229004, 23.911935806274414, 21.42402458190918, 19.977615356445312, 24.37955665588379, 25.93120765686035, 21.202695846557617, 18.519777297973633, 21.0755558013916, 29.94695472717285, 21.600109100341797, 20.52975082397461, 22.249919891357422, 21.343061447143555, 24.052433013916016, 20.775344848632812, 23.445587158203125, 18.243324279785156, 22.512054443359375, 21.92441177368164, 19.970932006835938, 23.53313446044922, 19.9459228515625, 25.38894271850586, 20.44509506225586, 22.827007293701172, 19.390226364135742, 24.660327911376953, 17.95717430114746, 25.422637939453125, 19.470458984375, 24.916553497314453, 24.527606964111328, 19.73569107055664, 21.434803009033203, 22.266014099121094, 20.98729705810547, 21.59088897705078, 24.449159622192383, 20.31854820251465, 21.19117546081543, 23.030414581298828, 21.560060501098633, 26.982336044311523],