{"checkpoint": "outputs/r17_ep2gs_kd8_s95/model_0030000.pth", "num_scenes": 256, "psnr": 22.212219540029764, "lpips": 0.2995397347258404, "psnr_std_err": 0.14647693609846185, "per_scene_psnr": [18.80535316467285, 20.734586715698242, 20.39868927001953, 19.025785446166992, 23.868804931640625, 23.306123733520508, 22.947948455810547, 24.490604400634766, 20.244569778442383, 21.196622848510742, 24.58188247680664, 20.869836807250977, 22.53242301940918, 21.02820587158203, 21.890745162963867, 22.176658630371094, 20.353185653686523, 23.701152801513672, 23.572214126586914, 21.443288803100586, 20.10116195678711, 22.61150550842285, 22.842567443847656, 24.014400482177734, 24.951391220092773, 22.727567672729492, 22.195531845092773, 18.045520782470703, 25.35322380065918, 23.675203323364258, 25.179807662963867, 21.66701889038086, 21.006528854370117, 21.83377456665039, 22.89119529724121, 18.226778030395508, 20.232505798339844, 22.17364501953125, 24.703004837036133, 19.7077579498291, 23.165687561035156, 18.42369270324707, 20.848491668701172, 21.890151977539062, 20.81705093383789, 20.42017936706543, 21.83783531188965, 21.062320709228516, 20.821517944335938, 21.108911514282227, 23.324392318725586, 23.49993896484375, 23.0927734375, 20.641672134399414, 21.675004959106445, 23.599681854248047, 20.00094985961914, 25.518272399902344, 22.97104835510254, 25.388080596923828, 22.24032974243164, 23.958051681518555, 22.821842193603516, 23.427597045898438, 21.324665069580078, 21.881629943847656, 21.3538818359375, 20.915586471557617, 21.454421997070312, 20.475101470947266, 23.737728118896484, 22.058380126953125, 23.79265022277832, 23.20049476623535, 21.010704040527344, 20.01659393310547, 20.352001190185547, 23.530799865722656, 23.565162658691406, 22.093826293945312, 18.28155517578125, 21.32445526123047, 25.07859992980957, 22.40798568725586, 22.83998680114746, 22.24076271057129, 22.974178314208984, 25.34271240234375, 26.761510848999023, 19.683256149291992, 21.143329620361328, 18.77996253967285, 21.590940475463867, 22.768474578857422, 25.194026947021484, 21.08497428894043, 17.062782287597656, 14.523648262023926, 27.534915924072266, 20.005680084228516, 18.35976791381836, 19.74242401123047, 22.172103881835938, 23.48768424987793, 24.23448371887207, 20.87860107421875, 17.123062133789062, 24.076377868652344, 22.28620147705078, 20.936321258544922, 24.225900650024414, 22.061216354370117, 23.346485137939453, 20.887107849121094, 22.094715118408203, 17.711828231811523, 29.86954689025879, 22.927318572998047, 27.44114112854004, 24.22555160522461, 22.95494270324707, 20.99681854248047, 21.624910354614258, 20.366151809692383, 20.640478134155273, 18.419822692871094, 24.512958526611328, 23.24143409729004, 24.57240867614746, 20.37420654296875, 22.698373794555664, 22.713558197021484, 19.84748077392578, 21.881271362304688, 20.392154693603516, 20.11115074157715, 21.758434295654297, 26.67654037475586, 22.650482177734375, 20.49027442932129, 21.812164306640625, 17.6549129486084, 19.759124755859375, 26.219486236572266, 22.79361343383789, 24.466896057128906, 22.645801544189453, 16.06293487548828, 25.225662231445312, 23.2797908782959, 22.95688247680664, 21.314496994018555, 27.716548919677734, 17.9332332611084, 21.809101104736328, 21.552902221679688, 22.645801544189453, 23.574710845947266, 20.55454444885254, 21.53276252746582, 20.703794479370117, 20.968276977539062, 23.769779205322266, 21.306703567504883, 19.33963966369629, 23.48434066772461, 21.392507553100586, 24.159339904785156, 21.82434844970703, 24.98335838317871, 24.616573333740234, 21.798269271850586, 24.92885971069336, 25.645423889160156, 21.740436553955078, 20.07977294921875, 23.381813049316406, 24.81233787536621, 22.902591705322266, 21.087158203125, 23.558576583862305, 20.826875686645508, 18.91489028930664, 21.722009658813477, 25.719478607177734, 21.485332489013672, 21.23325538635254, 19.664731979370117, 19.8787841796875, 22.485191345214844, 21.01592254638672, 21.333322525024414, 29.128646850585938, 22.856895446777344, 20.973358154296875, 20.11325454711914, 22.198123931884766, 22.414567947387695, 26.01239013671875, 23.593408584594727, 25.511133193969727, 20.187992095947266, 24.802854537963867, 25.37265968322754, 20.722564697265625, 18.043201446533203, 25.587825775146484, 22.007980346679688, 20.086538314819336, 23.07831573486328, 23.12871551513672, 18.115619659423828, 19.069717407226562, 24.12702178955078, 21.911365509033203, 20.55539894104004, 24.76944923400879, 26.37261199951172, 21.256099700927734, 18.862205505371094, 21.275344848632812, 30.581836700439453, 22.284833908081055, 21.134435653686523, 22.63699722290039, 21.524234771728516, 24.813232421875, 21.07351303100586, 24.22014617919922, 18.894243240356445, 22.871971130371094, 22.224491119384766, 20.075788497924805, 23.70927619934082, 20.400001525878906, 25.982454299926758, 21.13738250732422, 23.505422592163086, 19.60819435119629, 24.885986328125, 18.465049743652344, 26.072303771972656, 20.274965286254883, 25.179401397705078, 25.07268714904785, 20.08110809326172, 22.06463623046875, 22.847347259521484, 21.285932540893555, 21.997821807861328, 24.843427658081055, 20.549846649169922, 22.07620620727539, 23.665206909179688, 21.889938354492188, 27.724245071411133],