{"checkpoint": "outputs/r7_loop_l2x4_ep2_s95/model_0030000.pth", "num_scenes": 256, "psnr": 22.2805620059371, "lpips": 0.28303845756454393, "psnr_std_err": 0.14935059710839513, "per_scene_psnr": [18.81097984313965, 20.99248504638672, 20.63454818725586, 18.930259704589844, 24.089109420776367, 23.260196685791016, 23.219627380371094, 24.534032821655273, 20.175289154052734, 21.306419372558594, 24.596311569213867, 20.889068603515625, 22.567846298217773, 21.11781120300293, 21.879281997680664, 22.335243225097656, 20.407146453857422, 23.672073364257812, 23.497934341430664, 21.34036636352539, 20.34091567993164, 22.64767837524414, 22.911476135253906, 24.270334243774414, 25.02174186706543, 22.841354370117188, 22.390668869018555, 18.096763610839844, 25.349428176879883, 23.58270835876465, 25.32354736328125, 21.85758399963379, 20.938329696655273, 21.9053955078125, 23.24129867553711, 18.06148338317871, 20.336734771728516, 22.164039611816406, 24.792438507080078, 19.844806671142578, 23.167991638183594, 18.0777587890625, 20.880836486816406, 21.833646774291992, 20.907041549682617, 20.6496524810791, 21.90476417541504, 21.20187759399414, 20.88957977294922, 20.96271514892578, 23.545339584350586, 23.55205726623535, 23.28709602355957, 20.68382453918457, 21.858524322509766, 23.700286865234375, 19.888336181640625, 25.351821899414062, 23.10293197631836, 25.53024673461914, 22.275718688964844, 24.24304962158203, 22.93529510498047, 23.598304748535156, 21.234230041503906, 21.91500473022461, 21.48728370666504, 20.98386573791504, 21.445276260375977, 20.462696075439453, 23.6502742767334, 22.010974884033203, 24.190340042114258, 23.25535011291504, 20.854373931884766, 19.982500076293945, 20.146316528320312, 23.978038787841797, 23.573532104492188, 22.044403076171875, 18.192716598510742, 21.396697998046875, 25.12179183959961, 22.645780563354492, 22.9555721282959, 22.286331176757812, 22.990665435791016, 25.490930557250977, 26.841705322265625, 19.749799728393555, 21.186473846435547, 18.579635620117188, 21.595029830932617, 22.917255401611328, 25.575687408447266, 21.222732543945312, 17.114721298217773, 14.391669273376465, 27.62877655029297, 20.201261520385742, 18.34568214416504, 19.73969078063965, 22.299057006835938, 23.570526123046875, 24.26917266845703, 20.916440963745117, 17.22903060913086, 24.12307357788086, 22.224407196044922, 20.974885940551758, 24.52435302734375, 21.95159149169922, 23.571041107177734, 20.999191284179688, 22.299358367919922, 17.68703842163086, 29.86322784423828, 22.872323989868164, 27.701108932495117, 24.324628829956055, 23.17378044128418, 21.108835220336914, 21.469589233398438, 20.42268943786621, 20.733301162719727, 18.42439842224121, 24.46416664123535, 23.414093017578125, 24.630210876464844, 20.383743286132812, 22.848255157470703, 22.672664642333984, 19.988330841064453, 21.853981018066406, 20.33357810974121, 20.115535736083984, 21.913440704345703, 26.883848190307617, 22.705821990966797, 20.530075073242188, 21.771203994750977, 17.495460510253906, 19.93524169921875, 26.345897674560547, 23.02556037902832, 24.61044692993164, 22.58993911743164, 15.807223320007324, 25.454429626464844, 23.331249237060547, 23.069637298583984, 21.374738693237305, 27.95365333557129, 18.055816650390625, 21.986724853515625, 21.57076644897461, 22.71602439880371, 23.692331314086914, 20.490291595458984, 21.58502769470215, 20.814929962158203, 21.11652183532715, 23.927448272705078, 21.42837905883789, 19.28266716003418, 23.635169982910156, 21.388378143310547, 24.245513916015625, 21.92652130126953, 24.960742950439453, 24.773283004760742, 21.731531143188477, 24.995412826538086, 25.650175094604492, 21.894075393676758, 19.95494842529297, 23.392345428466797, 24.905202865600586, 22.98082733154297, 21.15790557861328, 23.584129333496094, 20.90204620361328, 18.84832763671875, 21.822412490844727, 25.85553741455078, 21.359100341796875, 21.149776458740234, 19.779563903808594, 19.98661231994629, 22.508033752441406, 21.10749053955078, 21.481094360351562, 29.3135986328125, 23.04070472717285, 21.037551879882812, 20.331424713134766, 22.315690994262695, 22.64873695373535, 26.106260299682617, 23.835859298706055, 25.525009155273438, 20.699840545654297, 24.98699951171875, 25.485437393188477, 20.901987075805664, 18.13678550720215, 25.52129554748535, 22.169694900512695, 20.106353759765625, 23.360313415527344, 23.281496047973633, 17.97771453857422, 18.727630615234375, 24.250507354736328, 22.163166046142578, 20.59961700439453, 24.882410049438477, 26.38599395751953, 21.357126235961914, 18.982908248901367, 21.72917366027832, 30.821533203125, 22.341814041137695, 21.18006134033203, 22.829893112182617, 21.561277389526367, 24.90380096435547, 21.11031723022461, 24.30340003967285, 18.948719024658203, 22.777114868164062, 22.212221145629883, 19.983936309814453, 23.901573181152344, 20.306852340698242, 26.163808822631836, 21.18896484375, 23.714086532592773, 19.44150161743164, 24.965497970581055, 18.48276138305664, 26.224096298217773, 20.282381057739258, 25.306514739990234, 25.196969985961914, 19.957794189453125, 22.018644332885742, 22.806413650512695, 21.48521614074707, 22.039867401123047, 24.891921997070312, 20.63869857788086, 22.03275489807129, 23.72877311706543, 21.76453399658203, 27.981779098510742],