{"checkpoint": "outputs/r1_lact_l8_s95/model_0030000.pth", "num_scenes": 256, "psnr": 21.95458885282278, "lpips": 0.28386006638174877, "psnr_std_err": 0.1413593941473785, "per_scene_psnr": [18.385120391845703, 21.17510986328125, 19.977270126342773, 19.10559844970703, 24.571359634399414, 22.704193115234375, 22.498579025268555, 23.93726348876953, 19.9095401763916, 20.803058624267578, 24.241619110107422, 20.364093780517578, 22.144346237182617, 20.580673217773438, 21.603174209594727, 21.837993621826172, 19.90715217590332, 23.858150482177734, 23.361801147460938, 21.35246467590332, 19.756868362426758, 22.45151138305664, 22.878530502319336, 23.767620086669922, 24.295764923095703, 23.305042266845703, 22.109926223754883, 18.430648803710938, 24.806520462036133, 23.167957305908203, 24.626972198486328, 21.403902053833008, 20.638818740844727, 21.48546600341797, 22.85833740234375, 17.81880760192871, 19.952861785888672, 21.67764663696289, 24.10295867919922, 19.62778091430664, 22.653064727783203, 18.360876083374023, 21.290374755859375, 21.367244720458984, 21.421850204467773, 20.274517059326172, 20.955596923828125, 20.93773078918457, 20.647186279296875, 20.356542587280273, 23.361242294311523, 23.459102630615234, 22.209604263305664, 20.60126495361328, 21.06501579284668, 23.57373046875, 19.32556915283203, 25.04257583618164, 22.43802833557129, 25.092514038085938, 21.920473098754883, 23.946136474609375, 22.369430541992188, 22.81276512145996, 20.73563575744629, 21.7042179107666, 20.88125228881836, 20.928020477294922, 21.086597442626953, 20.191564559936523, 23.25928497314453, 21.527141571044922, 23.147361755371094, 22.53496551513672, 20.62600326538086, 19.552337646484375, 20.041301727294922, 23.01987648010254, 23.050945281982422, 21.63621711730957, 17.918380737304688, 20.98446273803711, 25.134685516357422, 21.66243553161621, 22.391149520874023, 22.044946670532227, 22.44329261779785, 25.281280517578125, 26.30344009399414, 19.651243209838867, 21.08689308166504, 18.51985740661621, 21.518970489501953, 22.213346481323242, 24.773710250854492, 21.45227813720703, 17.160846710205078, 14.70533561706543, 27.547815322875977, 20.04342269897461, 17.949594497680664, 19.86232566833496, 22.51836395263672, 23.13083839416504, 24.361186981201172, 20.58465003967285, 16.96588134765625, 23.63593292236328, 21.714990615844727, 20.542810440063477, 24.007413864135742, 22.08611488342285, 22.795181274414062, 21.216480255126953, 21.81650161743164, 17.197711944580078, 29.436954498291016, 22.3802490234375, 27.107412338256836, 23.68964385986328, 22.84796714782715, 21.302167892456055, 21.828048706054688, 20.423612594604492, 20.581008911132812, 18.459426879882812, 24.337003707885742, 23.10260772705078, 24.20159149169922, 19.840675354003906, 22.879619598388672, 22.169858932495117, 22.0584659576416, 22.012794494628906, 19.984081268310547, 19.91682243347168, 21.43366241455078, 25.832822799682617, 22.115188598632812, 20.32171630859375, 21.74339485168457, 17.258316040039062, 19.7884578704834, 25.71364974975586, 22.653789520263672, 24.23293685913086, 22.17403221130371, 16.6483211517334, 25.14395523071289, 23.068063735961914, 22.875896453857422, 21.027719497680664, 27.133085250854492, 17.780385971069336, 21.92281723022461, 21.093246459960938, 22.347801208496094, 23.340795516967773, 20.751201629638672, 21.03815460205078, 20.508140563964844, 20.67859649658203, 23.128602981567383, 21.06675910949707, 18.93597984313965, 23.208633422851562, 20.659427642822266, 23.756505966186523, 21.43297004699707, 24.638717651367188, 24.01369857788086, 21.186063766479492, 25.28488540649414, 25.189210891723633, 21.51449203491211, 19.987512588500977, 22.68252944946289, 24.393566131591797, 22.439786911010742, 20.73694610595703, 23.293134689331055, 21.306705474853516, 18.706890106201172, 21.344799041748047, 25.039493560791016, 20.87255859375, 20.600749969482422, 19.168678283691406, 19.916812896728516, 21.92339324951172, 20.731048583984375, 21.079952239990234, 28.917922973632812, 22.56709861755371, 20.55495834350586, 19.050933837890625, 22.106063842773438, 21.950407028198242, 25.310073852539062, 23.621623992919922, 24.574451446533203, 19.969829559326172, 24.28183364868164, 24.897859573364258, 20.4953670501709, 17.919095993041992, 25.171415328979492, 21.62146759033203, 20.078105926513672, 22.701793670654297, 22.663469314575195, 18.352989196777344, 20.117952346801758, 23.94150733947754, 21.375106811523438, 20.138397216796875, 24.415132522583008, 25.9110164642334, 21.119911193847656, 18.945919036865234, 22.05115509033203, 29.952756881713867, 21.90336036682129, 20.655502319335938, 22.723567962646484, 21.45760726928711, 24.819530487060547, 20.77640151977539, 23.615882873535156, 19.106590270996094, 22.59160804748535, 22.022953033447266, 19.574281692504883, 23.649747848510742, 19.809484481811523, 25.57494354248047, 20.57529640197754, 22.74774932861328, 19.112871170043945, 24.570587158203125, 18.467117309570312, 25.783422470092773, 20.07478904724121, 25.40006446838379, 24.61807632446289, 20.548486709594727, 21.773958206176758, 22.692119598388672, 20.87650489807129, 21.740310668945312, 24.583913803100586, 20.761428833007812, 22.10577964782715, 23.077198028564453, 21.547670364379883, 26.72222137451172],