{"checkpoint": "outputs/r16_loop_ep2gs_kd6_s95/model_0030000.pth", "num_scenes": 256, "psnr": 22.501301240175962, "lpips": 0.28046364593319595, "psnr_std_err": 0.1496653876602647, "per_scene_psnr": [19.092634201049805, 21.062917709350586, 20.914342880249023, 19.29287338256836, 24.311885833740234, 23.592586517333984, 23.448314666748047, 24.817304611206055, 20.444225311279297, 21.422101974487305, 25.024145126342773, 20.99484634399414, 22.845203399658203, 21.281654357910156, 22.070144653320312, 22.50690460205078, 20.471294403076172, 23.822101593017578, 23.91222381591797, 21.55618667602539, 20.550230026245117, 23.035205841064453, 23.04031753540039, 24.339998245239258, 25.358078002929688, 22.947080612182617, 22.498306274414062, 18.263256072998047, 25.597248077392578, 23.933256149291992, 25.480043411254883, 22.11345863342285, 21.098007202148438, 22.102615356445312, 23.31903839111328, 18.344627380371094, 20.460168838500977, 22.449127197265625, 25.0152587890625, 20.15425682067871, 23.45585823059082, 18.584287643432617, 21.179140090942383, 22.061845779418945, 21.17742919921875, 20.856332778930664, 21.997785568237305, 21.32858657836914, 21.170734405517578, 21.267030715942383, 23.66288948059082, 23.884769439697266, 23.443174362182617, 20.817523956298828, 22.127620697021484, 23.934284210205078, 20.1163272857666, 25.737581253051758, 23.233793258666992, 25.801265716552734, 22.49970245361328, 24.05086898803711, 23.134231567382812, 23.926864624023438, 21.578014373779297, 22.096649169921875, 21.685997009277344, 21.280990600585938, 21.647987365722656, 20.822965621948242, 23.94119644165039, 22.27445411682129, 23.992769241333008, 23.55954360961914, 21.214494705200195, 20.270858764648438, 20.440990447998047, 23.919368743896484, 23.640478134155273, 22.317466735839844, 18.34438133239746, 21.847782135009766, 25.385452270507812, 22.786788940429688, 23.29808807373047, 22.502586364746094, 23.385868072509766, 25.61917495727539, 26.99373435974121, 19.975666046142578, 21.393402099609375, 18.82926368713379, 21.760522842407227, 23.283035278320312, 25.73552894592285, 21.519861221313477, 17.41555404663086, 14.597773551940918, 27.907196044921875, 20.45130157470703, 18.678319931030273, 19.98866081237793, 22.342037200927734, 23.969127655029297, 24.557941436767578, 21.085824966430664, 17.309062957763672, 24.289363861083984, 22.518085479736328, 21.233810424804688, 24.57571792602539, 22.22295379638672, 23.616153717041016, 21.029109954833984, 22.59354591369629, 17.933792114257812, 30.447874069213867, 23.087186813354492, 27.784835815429688, 24.792747497558594, 23.261404037475586, 21.150402069091797, 21.946552276611328, 20.825332641601562, 20.963420867919922, 18.682722091674805, 24.67184829711914, 23.547916412353516, 24.699628829956055, 20.53923797607422, 23.022563934326172, 23.101783752441406, 20.449628829956055, 22.02334976196289, 20.55459976196289, 20.185258865356445, 21.964567184448242, 27.235549926757812, 22.990604400634766, 20.884950637817383, 22.023488998413086, 17.753894805908203, 20.084123611450195, 26.539400100708008, 22.821502685546875, 24.74712371826172, 22.712913513183594, 16.1033992767334, 25.578472137451172, 23.589784622192383, 23.417224884033203, 21.46512222290039, 28.298723220825195, 17.977739334106445, 22.131908416748047, 21.78240966796875, 23.160968780517578, 23.92572021484375, 20.518903732299805, 21.806562423706055, 21.13104820251465, 21.30418586730957, 24.26365089416504, 21.57756805419922, 19.464824676513672, 23.806880950927734, 21.55449104309082, 24.57721519470215, 22.265735626220703, 25.2501277923584, 24.924821853637695, 21.876785278320312, 25.284637451171875, 25.788772583007812, 22.02745819091797, 20.21548080444336, 23.728525161743164, 25.073814392089844, 23.232921600341797, 21.39313507080078, 23.848491668701172, 21.115310668945312, 19.170900344848633, 22.184438705444336, 25.930980682373047, 21.652116775512695, 21.385671615600586, 19.894460678100586, 19.86302947998047, 22.668027877807617, 21.234827041625977, 21.603073120117188, 29.583284378051758, 23.273208618164062, 21.293197631835938, 20.587339401245117, 22.640182495117188, 22.65713882446289, 26.459638595581055, 24.008529663085938, 25.882434844970703, 20.570968627929688, 25.116567611694336, 25.6705265045166, 20.883888244628906, 18.347076416015625, 25.84595489501953, 22.362159729003906, 20.384986877441406, 23.463863372802734, 23.535770416259766, 18.327150344848633, 19.08806037902832, 24.554973602294922, 22.458473205566406, 21.155366897583008, 25.05556297302246, 26.57477378845215, 21.509441375732422, 19.05253028869629, 21.949451446533203, 30.982433319091797, 22.435667037963867, 21.358314514160156, 23.05414390563965, 21.861858367919922, 25.22180938720703, 21.29488182067871, 24.563817977905273, 18.923744201660156, 23.070594787597656, 22.4226016998291, 20.205869674682617, 24.054115295410156, 20.581035614013672, 26.39349365234375, 21.48263168334961, 23.936874389648438, 19.75438690185547, 25.12063217163086, 18.826631546020508, 26.567665100097656, 20.46908950805664, 25.53350830078125, 25.48784637451172, 20.189228057861328, 22.327667236328125, 23.07753562927246, 21.5966796875, 22.23978042602539, 24.857864379882812, 20.848575592041016, 22.33629035949707, 23.969745635986328, 22.028295516967773, 28.32444953918457],